tcr_name,closest_tcr
33800,5hho
5129,3o4l
1034,5hho
24076,"['1oga', '2vlk', '2vlj', '5hhm']"
26131,"['1oga', '2vlk', '2vlj', '5hhm']"
23062,"['1oga', '2vlk', '2vlj', '5hhm']"
26140,"['1oga', '2vlk', '2vlj', '5hhm']"
26152,5hho
33836,"['1oga', '2vlk', '2vlj', '5hhm']"
26166,5hho
33855,5hho
28740,"['1oga', '2vlk', '2vlj', '5hhm']"
33876,"['1oga', '2vlk', '2vlj', '5hhm']"
26710,"['1oga', '2vlk', '2vlj', '5hhm']"
26711,5hho
26712,"['1oga', '2vlk', '2vlj', '5hhm']"
26713,"['1oga', '2vlk', '2vlj', '5hhm']"
2670,3o4l
25726,5hho
25215,"['1oga', '2vlk', '2vlj', '5hhm']"
25214,5hho
23679,5hho
4757,5hho
25237,"['1oga', '2vlk', '2vlj', '5hhm']"
25243,"['1oga', '2vlk', '2vlj', '5hhm']"
25244,"['1oga', '2vlk', '2vlj', '5hhm']"
25245,"['1oga', '2vlk', '2vlj', '5hhm']"
34484,6vrn
25270,"['1oga', '2vlk', '2vlj', '5hhm']"
23737,"['1oga', '2vlk', '2vlj', '5hhm']"
23738,"['1oga', '2vlk', '2vlj', '5hhm']"
26813,3o4l
31455,3o4l
6894,5hho
31474,3o4l
5880,"['1oga', '2vlk', '2vlj', '5hhm']"
4883,"['1oga', '2vlk', '2vlj', '5hhm']"
23837,5hho
23333,5hho
23855,"['1oga', '2vlk', '2vlj', '5hhm']"
23856,5hho
24369,5hho
3381,"['1oga', '2vlk', '2vlj', '5hhm']"
24403,5hho
25945,"['3kps', '3kpr', '1mi5']"
23911,5hho
23914,"['1oga', '2vlk', '2vlj', '5hhm']"
1392,"['1oga', '2vlk', '2vlj', '5hhm']"
21368,6vrn
7560,"['1oga', '2vlk', '2vlj', '5hhm']"
23985,"['1oga', '2vlk', '2vlj', '5hhm']"
33770,"['3kps', '3kpr', '1mi5']"
33204,3o4l
33207,3o4l
33771,"['3kps', '3kpr', '1mi5']"
23997,"['1oga', '2vlk', '2vlj', '5hhm']"
22974,"['1oga', '2vlk', '2vlj', '5hhm']"
31682,5hho
33767,"['3kps', '3kpr', '1mi5']"
33768,"['3kps', '3kpr', '1mi5']"
26600,3o4l
23018,"['1oga', '2vlk', '2vlj', '5hhm']"
33769,"['3kps', '3kpr', '1mi5']"
26604,3o4l
26605,3o4l
26606,3o4l
26607,3o4l
26608,3o4l
26609,3o4l
26610,3o4l
26611,3o4l
26612,3o4l
26613,3o4l
1526,3o4l
26106,5hho
25595,"['1oga', '2vlk', '2vlj', '5hhm']"
26109,5hho
