GILGFVFTL	CASSSGVGQEAHEQYF	1	0	0.004831152036786079
GILGFVFTL	CASSATSNQPQHF	1	1	0.9994494318962097
GILGFVFTL	CAIRDNNEQFF	1	0	0.007726773619651794
GILGFVFTL	CASSQAGTGFYGYTF	1	0	0.0004173839988652617
GILGFVFTL	CATSTGDSNQPQHF	1	0	0.3320481479167938
GILGFVFTL	CASSYRRTSGRAYHEQFF	1	0	0.03853069618344307
GILGFVFTL	CSAYRVMSHEQYF	1	0	0.33838921785354614
GILGFVFTL	CASSGQVESSGNTIYF	1	0	0.2812458574771881
GILGFVFTL	CSARDPQRTTSTDTQYF	1	0	0.22954276204109192
GILGFVFTL	CASSQTTPLTYNYEQYF	1	0	0.0010978019563481212
GILGFVFTL	CASSQDMRAGGPNEQFF	1	0	0.004191048908978701
GILGFVFTL	CASSIARTGEAVNEQFF	1	1	0.9988013505935669
GILGFVFTL	CASSQTAGTGELFF	1	0	0.009427597746253014
GILGFVFTL	CASSLGEPQHF	1	0	0.3768038749694824
GILGFVFTL	CASTQGYNEQFF	1	0	3.424536043894477e-05
GILGFVFTL	CSARDQSRATDTQYF	1	0	0.007681982591748238
GILGFVFTL	CASSLELAGVDTQYF	1	0	0.0022338819690048695
GILGFVFTL	CASRPWTGANEKLFF	1	0	4.233448635204695e-05
GILGFVFTL	CASSEVGVFEAFF	1	0	0.10158932209014893
GILGFVFTL	CASSDGTSGRAGGELFF	1	0	0.00656078290194273
GILGFVFTL	CASSPRQRSGNTIYF	1	0	0.012364729307591915
GILGFVFTL	CASSAGVGTGELFF	1	0	0.11830385029315948
GILGFVFTL	CASSDATSGTYLYNEQFF	1	0	1.8410206394037232e-05
GILGFVFTL	CASSIATGLNQPQHF	1	0	0.022159231826663017
GILGFVFTL	CSAWAQGSGYEQYF	1	0	7.049895793898031e-05
GILGFVFTL	CASSLLGTEAFF	1	1	0.6756709814071655
GILGFVFTL	CASSIGGGLYEQYF	1	0	0.1481185108423233
GILGFVFTL	CASSLTQGARNTIYF	1	1	0.9609582424163818
GILGFVFTL	CAAHGGTRTLAKNIQYF	1	0	0.00012776174116879702
GILGFVFTL	CASSQASNQPQHF	1	1	0.9989097118377686
GILGFVFTL	CASSQDSGPQYEQYF	1	0	0.031826362013816833
GILGFVFTL	CASSEALAGSTDTQYF	1	0	0.0017075813375413418
GILGFVFTL	CASSFISQGAYGYTF	1	0	0.18596704304218292
GILGFVFTL	CASSLSVSSYNEQFF	1	0	0.059845104813575745
GILGFVFTL	CASSWTGMNTEAFF	1	0	2.215039057773538e-05
GILGFVFTL	CASSLNSGHTQYF	1	0	0.14966362714767456
GILGFVFTL	CASKGLAGYNEQFF	1	0	0.00022302963770926
GILGFVFTL	CASGPLVGGGLGAYTF	1	1	0.7694169878959656
GILGFVFTL	CASSPEGLDNFF	1	0	0.0039038308896124363
GILGFVFTL	CASEGVHEQFF	1	0	0.4621112644672394
GILGFVFTL	CSAPGGRPQHF	1	1	0.9924658536911011
GILGFVFTL	CASSESRSGNQPQHF	1	0	7.132495375117287e-05
GILGFVFTL	CASSQEIGVYGYTF	1	0	0.47268423438072205
GILGFVFTL	CASRAVINTDTQYF	1	0	1.5514870028709993e-05
GILGFVFTL	CSAPPPYNEQFF	1	0	0.007460618857294321
GILGFVFTL	CASSQRRTGPSSTDTQYF	1	0	5.693207185686333e-07
GILGFVFTL	CASSLLAGGKETQYF	1	0	0.009923016652464867
GILGFVFTL	CASTGSAGGSYGYTF	1	0	0.0004427988897077739
GILGFVFTL	CASSLSRSQPPNQPQHF	1	0	3.521183316479437e-05
GILGFVFTL	CASLGTPGLAGSSYEQYF	1	0	0.01276006456464529
GILGFVFTL	CASSLFPGQDRGRDQPQHF	1	0	0.0006259277579374611
GILGFVFTL	CASSPNPQGANMDTQYF	1	0	0.0009496159618720412
GILGFVFTL	CASSVSGANYNEQFF	1	0	0.0009668957209214568
GILGFVFTL	CASSIGRSPQHF	1	1	0.9999094009399414
GILGFVFTL	CASSLLGSNQETQYF	1	0	0.0001937858760356903
GILGFVFTL	CASSYSRGISPYGYTF	1	0	0.007722566369920969
GILGFVFTL	CASSLLYSDSPLHF	1	0	4.404572791827377e-06
GILGFVFTL	CASSQVGRGRGAFF	1	0	0.014584139920771122
GILGFVFTL	CASSLTGDHTDTQYF	1	0	0.0027639514300972223
GILGFVFTL	CASSPQGDSASSGNTIYF	1	0	0.10917861759662628
GILGFVFTL	CASSLGEDSSLKREPLHF	1	0	1.9503384010022273e-06
GILGFVFTL	CASSDSLGDRGSYEQYF	1	0	0.002076293108984828
GILGFVFTL	CASSDQLLEEWSSYNEQFF	1	0	1.020054696709849e-06
GILGFVFTL	CASSPRSSGGRYNEQFF	1	0	0.12686611711978912
GILGFVFTL	CASSTMGQGISPLHF	1	0	0.019776463508605957
GILGFVFTL	CATSAQTGQGENTEAFF	1	0	1.2943226010975195e-06
GILGFVFTL	CASSQDRASYNEQFF	1	0	0.0040817284025251865
GILGFVFTL	CASSPGTDTQYF	1	0	0.16829465329647064
GILGFVFTL	CSAEVPGANTGELFF	1	0	0.0055092270486056805
GILGFVFTL	CASSIYGTSGSNEQFF	1	1	0.999786913394928
GILGFVFTL	CASSITDRVHAGANVLTF	1	1	0.9879029393196106
GILGFVFTL	CASGFPIYRDKSTDTQYF	1	0	5.081899871584028e-06
GILGFVFTL	CASSLGSGQYQETQYF	1	0	4.125561099499464e-05
GILGFVFTL	CASSLPGQMIRWDTEAFF	1	0	2.78389911123611e-09
GILGFVFTL	CASSQGWDEQFF	1	0	0.2036472111940384
GILGFVFTL	CASSIVQGSNQPQHF	1	1	0.9405985474586487
GILGFVFTL	CASSVAGGGQETQYF	1	0	8.927430462790653e-05
GILGFVFTL	CASSLHLMNTEAFF	1	0	0.0008001385140232742
GILGFVFTL	CATSDVAGGGGEQFF	1	0	8.038359737838618e-07
GILGFVFTL	CASSLMTNQPQHF	1	1	0.6976848244667053
GILGFVFTL	CASTVFQGSTNEQFF	1	0	1.992862507904647e-06
GILGFVFTL	CASSEKEGTTNTGELFF	1	0	0.04775345325469971
GILGFVFTL	CSARLRDKDYEQYF	1	0	0.002265568822622299
GILGFVFTL	CASSYFPYDLYEQYF	1	0	0.006508057937026024
GILGFVFTL	CASSQGTISYEQYF	1	0	0.00010779331205412745
GILGFVFTL	CASSLAAGGSYGYTF	1	0	5.1704941142816097e-05
GILGFVFTL	CASRDTSGGPDTQYF	1	0	0.0029398396145552397
GILGFVFTL	CASSIGFGQGVSTEAFF	1	0	0.002482787938788533
GILGFVFTL	CASSLGRTGANTGELFF	1	0	0.029091335833072662
GILGFVFTL	CASSATGTGRTSAWYNEQFF	1	0	3.1815019610803574e-05
GILGFVFTL	CASSLLGGRGNTGELFF	1	0	0.07723909616470337
GILGFVFTL	CASSSGRAGITDTQYF	1	0	8.056705701164901e-05
GILGFVFTL	CASSLGETGGIQFF	1	0	0.0002298698091180995
GILGFVFTL	CASSFGAGAKAGELFF	1	0	0.004392597358673811
GILGFVFTL	CASSHEWGSNTGELFF	1	0	0.011861534789204597
GILGFVFTL	CASSLAGVIETQYF	1	0	1.0675170415197499e-05
GILGFVFTL	CASSDPSGPGGGSPLHF	1	0	0.010348521173000336
GILGFVFTL	CATGTGGGYGYTF	1	0	0.13773168623447418
GILGFVFTL	CASSLGRYNEQFF	1	0	0.0032804610673338175
GILGFVFTL	CASRGEGSYEQYF	1	0	0.0025171535089612007
GILGFVFTL	CASSVGGAHEQYF	1	0	0.2246314287185669
GILGFVFTL	CASSAGSFRHPYSNQPQHF	1	0	4.924950644635828e-06
GILGFVFTL	CATSRGPLASLVDSYNEQFF	1	0	0.05652899667620659
GILGFVFTL	CASSFAGLNYGYTF	1	0	0.0010188837768509984
GILGFVFTL	CASSDGGSSGNTIYF	1	1	0.6390171647071838
GILGFVFTL	CAINKGTGNTGELFF	1	0	6.769417950636125e-07
GILGFVFTL	CASSQDSHSTSTDTQYF	1	0	0.0017721755430102348
GILGFVFTL	CASSLGPAGAHNEQFF	1	0	0.2615390121936798
GILGFVFTL	CASSLVSPSEQFF	1	0	0.014580071903765202
GILGFVFTL	CASTPGSEPLHF	1	1	0.974259614944458
GILGFVFTL	CSARGQGTSGVDYGYTF	1	0	0.33537331223487854
GILGFVFTL	CASSFGASGSVGELFF	1	0	0.3794270157814026
GILGFVFTL	CASIAYSNQPQHF	1	1	0.9999881982803345
GILGFVFTL	CASSLVNGLGYTF	1	0	0.3244479298591614
GILGFVFTL	CASSRDTVNTEAFF	1	0	0.0007852209964767098
GILGFVFTL	CASSHFSGTFPYEQYF	1	0	7.348686494879075e-07
GILGFVFTL	CASSLSGYEQYF	1	0	0.010757594369351864
GILGFVFTL	CASPGDLNTEAFF	1	0	0.006976799573749304
GILGFVFTL	CASSLILDSPLHF	1	0	0.0984506756067276
GILGFVFTL	CASSLLPGNTGELFF	1	0	0.003390176221728325
GILGFVFTL	CSARTSAGVYEQFF	1	0	4.778149559570011e-06
GILGFVFTL	CAWKPTGLGYGYTF	1	1	0.8751580715179443
GILGFVFTL	CASSANRGPDTEAFF	1	1	0.7596714496612549
GILGFVFTL	CASSLRGTDTQYF	1	0	0.16077594459056854
GILGFVFTL	CASILRAESSYNEQFF	1	0	0.006578973960131407
GILGFVFTL	CASSYGGEQPQHF	1	0	4.9190646677743644e-05
GILGFVFTL	CATSEAASSWTGELFF	1	0	1.1830778021248989e-05
GILGFVFTL	CASITKDRAYEQYF	1	0	0.0167575441300869
GILGFVFTL	CAINKESDSYEQYF	1	0	0.0011114003136754036
GILGFVFTL	CATSREWPGELFF	1	0	0.00010117450437974185
GILGFVFTL	CASSGRARLARTDTQYF	1	0	0.002054641954600811
GILGFVFTL	CASSPPRTSGAYEQYF	1	0	0.01096064131706953
GILGFVFTL	CASSPIELVTYNEQFF	1	0	0.4217330515384674
GILGFVFTL	CASSVTSSRGGTDTQYF	1	0	8.156185504049063e-05
GILGFVFTL	CASSKGLAVDYTQYF	1	0	0.0290891882032156
GILGFVFTL	CASSLWTGYNEQFF	1	0	0.000598673359490931
GILGFVFTL	CSARDFTYEQYF	1	0	0.0008935511577874422
GILGFVFTL	CASSQDAGITYEQYF	1	0	0.00019028192036785185
GILGFVFTL	CASSTSGETGELFF	1	0	0.13912223279476166
GILGFVFTL	CASRESLLAGGPDTQYF	1	0	4.920275023323484e-05
GILGFVFTL	CASSLAGYEQYF	1	0	0.01710784249007702
GILGFVFTL	CSARYRDTGELFF	1	0	0.00040414038812741637
GILGFVFTL	CASSLSLGQGAPNYGYTF	1	0	6.39435529592447e-05
GILGFVFTL	CASSLQGGNYGYTF	1	0	0.0029397443868219852
GILGFVFTL	CASSLGGEQYF	1	0	0.015417543239891529
GILGFVFTL	CASSYSTSQGANYEQYF	1	0	0.022157225757837296
GILGFVFTL	CASSPHRTVLAGDTQYF	1	0	2.415587914583739e-05
GILGFVFTL	CASSERTSGGYTDTQYF	1	0	0.04967508465051651
GILGFVFTL	CASSLAGTGSDTQYF	1	0	4.3123174691572785e-05
GILGFVFTL	CASSQDHPGGYEQYF	1	0	0.001775984070263803
GILGFVFTL	CASSQDPGPDTQYF	1	0	0.00043687521247193217
GILGFVFTL	CASSEDNRGRYEQYF	1	0	0.0018038565758615732
GILGFVFTL	CASSSQGGYGYTF	1	0	0.019499031826853752
GILGFVFTL	CASSHQAGALYNEQFF	1	0	0.0001607868034625426
GILGFVFTL	CASSQGWGTQPQHF	1	0	0.3970354497432709
GILGFVFTL	CASSQGSRPEQYF	1	0	0.08151233196258545
GILGFVFTL	CASSPGTGSHPYNEQFF	1	0	7.555547654192196e-07
GILGFVFTL	CASSVGGGVTDTQYF	1	0	1.1954353794862982e-05
GILGFVFTL	CASSLALTFSGEGSPLHF	1	0	4.636192898033187e-06
GILGFVFTL	CASSLDNQPQHF	1	0	0.002053919481113553
GILGFVFTL	CASTIGGDTGELFF	1	1	0.9807730913162231
GILGFVFTL	CASSPGRGDSPLHF	1	0	0.0023601872380822897
GILGFVFTL	CASGFFNQPQHF	1	0	0.05746256560087204
GILGFVFTL	CASSERLDLAGGRNEQFF	1	0	0.0006575392908416688
GILGFVFTL	CASSWREGTDTQYF	1	0	0.002250626217573881
GILGFVFTL	CASSLSGGGHTDTQYF	1	0	0.00025563762756064534
GILGFVFTL	CASSLGRSTGELFF	1	0	0.03825709596276283
GILGFVFTL	CASRSGGGSYEQYF	1	0	0.00810003001242876
GILGFVFTL	CASSLRDSSSYEQYF	1	0	0.017874419689178467
GILGFVFTL	CASSLGGEGYEQYF	1	0	0.010285694152116776
GILGFVFTL	CASFGGTGELFF	1	0	0.006221899762749672
GILGFVFTL	CASSLTSGSISTQYF	1	0	8.315317973028868e-05
GILGFVFTL	CASSVAGLAGATSTDTQYF	1	0	0.006361993961036205
GILGFVFTL	CASSPSGLAGSNLGNEQFF	1	0	0.00026960353716276586
GILGFVFTL	CASSYRVGRSSYEQYF	1	0	0.0005467726732604206
GILGFVFTL	CASSFWGLAGGYNEQFF	1	0	0.0013568035792559385
GILGFVFTL	CASSPRTDQETQYF	1	0	0.0006934378761798143
GILGFVFTL	CASSLLAGSSYNEQFF	1	0	0.020537031814455986
GILGFVFTL	CASSSRLYNEQFF	1	0	0.16296151280403137
GILGFVFTL	CASSPGTVKETQYF	1	0	0.0639052465558052
GILGFVFTL	CSARDLVGLAGDTDTQYF	1	0	0.00617336668074131
GILGFVFTL	CASRQTSGTYNEQFF	1	0	0.028029141947627068
GILGFVFTL	CSVEIGWGQGDNGDYGYTF	1	0	0.2613157331943512
GILGFVFTL	CASSLEMQGALYGYTF	1	1	0.5843749642372131
GILGFVFTL	CASSLDRNTEAFF	1	0	0.0005761848879046738
GILGFVFTL	CSLSGGQHNEQFF	1	0	0.22930173575878143
GILGFVFTL	CASTTGDSSNQPQHF	1	0	0.10591593384742737
GILGFVFTL	CASSLGTGYEQYF	1	0	0.0842800959944725
GILGFVFTL	CASSDPTGGYETQYF	1	0	0.02068929933011532
GILGFVFTL	CASSQSGGRYEQYF	1	0	0.010489694774150848
GILGFVFTL	CASSFIGTRAGQYF	1	0	0.00019448649254627526
GILGFVFTL	CASSYSQGGSYGYTF	1	0	0.0002846495190169662
GILGFVFTL	CAISEGAPNTEAFF	1	0	0.0003739009553100914
GILGFVFTL	CASRLPPSSGNTDTQYF	1	0	0.001954109640792012
GILGFVFTL	CASSVGGGGSTDTQYF	1	0	0.00016780452278908342
GILGFVFTL	CASSLPLGYEQYF	1	0	0.005757177714258432
GILGFVFTL	CASHISTGELFF	1	1	0.5529636144638062
GILGFVFTL	CASSQGAGGLVFYEQYF	1	0	3.4141143260058016e-05
GILGFVFTL	CASRHSQGAPSWYQETQYF	1	0	0.000898699916433543
GILGFVFTL	CASSPSSGESTDTQYF	1	0	0.035364583134651184
GILGFVFTL	CASSLEGDPSYEQYF	1	0	0.0001971483725355938
GILGFVFTL	CAWSVTPGYNEQFF	1	0	0.0003735672798939049
GILGFVFTL	CASSSNIRDSGNTIYF	1	0	0.08048879355192184
GILGFVFTL	CASSENEQFF	1	1	0.7015365362167358
GILGFVFTL	CASSPGPNQPQHF	1	0	0.0006865180912427604
GILGFVFTL	CASSPPDDEQYF	1	0	0.057145100086927414
GILGFVFTL	CASSQERDRVYEQYF	1	0	1.1952071190535207e-06
GILGFVFTL	CASRGLALYNEQFF	1	0	0.0012314487248659134
GILGFVFTL	CASTPRRLGLFPSSGNTIYF	1	0	2.7400734325055964e-05
GILGFVFTL	CASSQDLGVDGYTF	1	0	4.3856740376213565e-05
GILGFVFTL	CASSQVGTGVHEQFF	1	0	0.0014554641675204039
GILGFVFTL	CASSIDLSEGDTNQPQHF	1	1	0.9863134622573853
GILGFVFTL	CASSFDHRGRDEQFF	1	0	0.0006037749699316919
GILGFVFTL	CASSLGDRGRGYGYTF	1	0	0.03404374420642853
GILGFVFTL	CASSEAFSGNTIYF	1	0	0.00014889129670336843
GILGFVFTL	CASSIGIHGYTF	1	1	0.9999969005584717
GILGFVFTL	CATSFAPGQGEHGYTF	1	0	1.4106394701229874e-06
GILGFVFTL	CSARVEGAGPAQYF	1	0	1.7696163467917359e-07
GILGFVFTL	CASSERQLPYEQYF	1	0	0.00031388027127832174
GILGFVFTL	CASSYSRGQPEAFF	1	0	7.706083124503493e-06
GILGFVFTL	CSVEAEGTATNEKLFF	1	0	0.00010138755169464275
GILGFVFTL	CASSLGTGGQFF	1	0	0.3979206383228302
GILGFVFTL	CASSRYRDPPDHEQYF	1	0	0.0034507019445300102
GILGFVFTL	CSATGLRTSYEQYF	1	0	0.005140427965670824
GILGFVFTL	CASSYRLGNEQFF	1	0	0.34361031651496887
GILGFVFTL	CASSQDMGWGTDTQYF	1	0	0.0002013208286371082
GILGFVFTL	CASVYLAGTMDTQYF	1	0	0.0009847366018220782
GILGFVFTL	CASSSSGYNEQFF	1	0	0.009794067591428757
GILGFVFTL	CASSPGTGGFLSSYEQYF	1	0	5.995393166813301e-06
GILGFVFTL	CASSPTSAPGLFSGNTIYF	1	0	0.465244323015213
GILGFVFTL	CASSRDFVSNEQYF	1	0	0.023453284054994583
GILGFVFTL	CASSPSGRGGNEQFF	1	0	0.0004266834584996104
GILGFVFTL	CASSVERENTGELFF	1	0	0.00012621688074432313
GILGFVFTL	CASNLGGGSTDTQYF	1	0	7.826001819921657e-06
GILGFVFTL	CASSLVNTGELFF	1	0	0.4753477871417999
GILGFVFTL	CSARAGSTYEQYF	1	0	0.008871329948306084
GILGFVFTL	CASSLSRRRSRDDNEQFF	1	0	1.2486802006606013e-05
GILGFVFTL	CASSQDSSETQYF	1	0	0.027452370151877403
GILGFVFTL	CASSVSQKLFF	1	0	0.4355534613132477
GILGFVFTL	CASTLSTDRGFTGELFF	1	0	0.00013480470806825906
GILGFVFTL	CSVEDGYEQYF	1	0	0.0009157053427770734
GILGFVFTL	CASRTTTGTGSSGNTIYF	1	0	5.6588196457596496e-05
GILGFVFTL	CASSRTGSSYNEQFF	1	0	0.0011463778791949153
GILGFVFTL	CASSVEGDGSEAFF	1	0	5.6015323934843764e-05
GILGFVFTL	CASSYSGTENGYTF	1	0	0.0002771647123154253
GILGFVFTL	CASSQEAREVVYEQYF	1	0	0.0018489978974685073
GILGFVFTL	CASSQVVDWISNTGELFF	1	0	0.0001074047468136996
GILGFVFTL	CARQTTGTTVGYTF	1	0	0.005408987868577242
GILGFVFTL	CASRDHRVIYGYTF	1	0	0.37757474184036255
GILGFVFTL	CASSGELRGAEKLFF	1	0	0.023942023515701294
GILGFVFTL	CASSEWTGNTEAFF	1	0	0.0003974888822995126
GILGFVFTL	CASSELPAGGTNEQFF	1	0	1.0530075087444857e-05
GILGFVFTL	CSVVRGSYNEQFF	1	0	0.02438746951520443
GILGFVFTL	CASSFPGQGNTQYF	1	0	2.0891600627237494e-07
GILGFVFTL	CASSPEGRRMGPTNEKLFF	1	0	0.003012813162058592
GILGFVFTL	CASSIDRWTQGNQPQHF	1	1	0.9653029441833496
GILGFVFTL	CASSEGWHSYEQYF	1	0	4.702829755842686e-05
GILGFVFTL	CASSEQGVVDTQYF	1	0	0.003829799359664321
GILGFVFTL	CASSLVGLGTEAFF	1	0	0.16095007956027985
GILGFVFTL	CASSVQEEYGYTF	1	0	1.671989230089821e-05
GILGFVFTL	CASTHRGPLKRRPLHF	1	0	3.3242836252611596e-06
GILGFVFTL	CASSAHTSGGKNIQYF	1	0	2.5639028535806574e-05
GILGFVFTL	CASSFGLDHGTGELFF	1	0	0.00013619961100630462
GILGFVFTL	CAWSVPLGRREKLFF	1	1	0.7323362231254578
GILGFVFTL	CASSGPGTLNLDTF	1	0	0.003118144813925028
GILGFVFTL	CASSFAQRGHRETQYF	1	0	0.10569795966148376
GILGFVFTL	CASSLLWAEYNEQFF	1	0	0.09239677339792252
GILGFVFTL	CGWPGQTNTGELFF	1	0	0.0005932163912802935
GILGFVFTL	CASSPSAGRGLGYTF	1	0	0.0483691580593586
GILGFVFTL	CASKPGAIEAFF	1	0	0.00030611027614213526
GILGFVFTL	CASRVKETQYF	1	0	0.0069074747152626514
GILGFVFTL	CASSQVRQGLNQPQHF	1	0	0.018751291558146477
GILGFVFTL	CASSLESGFLSGYTF	1	0	0.017915330827236176
GILGFVFTL	CATSREGAGTEAFF	1	0	1.832264752010815e-05
GILGFVFTL	CASSPGTGDLETQYF	1	0	0.002758654532954097
GILGFVFTL	CASSTYRGQPQHF	1	1	0.9999909400939941
GILGFVFTL	CATSSMGYSNQPQHF	1	0	0.00017480214592069387
GILGFVFTL	CASSLAGQENQPQHF	1	0	0.00015590443217661232
GILGFVFTL	CASSSAHYGYTF	1	0	0.041797660291194916
GILGFVFTL	CASSLARIYTYNEQFF	1	0	0.43958383798599243
GILGFVFTL	CASSLTSGGQGEQFF	1	0	0.003124655457213521
GILGFVFTL	CASSLGTSGSTDTQYF	1	0	0.013309639878571033
GILGFVFTL	CASSAFVETQYF	1	0	0.053166694939136505
GILGFVFTL	CASSFPGYGYTF	1	0	0.00010670262417988852
GILGFVFTL	CASSIQNTGELFF	1	1	0.99409419298172
GILGFVFTL	CASSLAGGSLSYEQYF	1	0	0.00028622712125070393
GILGFVFTL	CASSQVVTDNEQFF	1	0	6.695119373034686e-05
GILGFVFTL	CASSIETGTEITGELFF	1	0	0.0036936707329005003
GILGFVFTL	CASSVGADEYYEQYF	1	0	0.0005189149524085224
GILGFVFTL	CASGGGQGGNNEQFF	1	1	0.9717328548431396
GILGFVFTL	CASKVAGFNEQFF	1	0	3.834485687548295e-05
GILGFVFTL	CASSLGVGRGFTEAFF	1	0	0.02254994958639145
GILGFVFTL	CASSEDGMNTEAFF	1	0	0.0002104856976075098
GILGFVFTL	CASSIGDGILLTDTQYF	1	0	0.006946199107915163
GILGFVFTL	CSASGTGSYEQYF	1	0	0.013135739602148533
GILGFVFTL	CASSLGGGVLFF	1	0	0.002538146683946252
GILGFVFTL	CASSARDYTGELFF	1	0	0.03249586373567581
GILGFVFTL	CASSLASGSNQPQHF	1	1	0.6275745034217834
GILGFVFTL	CASSIGTGRTHNEQFF	1	0	0.0004345859633758664
GILGFVFTL	CSAIPLGEPYEQYF	1	0	0.011253630742430687
GILGFVFTL	CASSWTQETQYF	1	0	3.479215956758708e-05
GILGFVFTL	CASSFEVRVDTEAFF	1	0	0.00016712970682419837
GILGFVFTL	CASSVLANTGELFF	1	0	0.005093328654766083
GILGFVFTL	CASSQEFVGAVLDTQYF	1	0	0.00022935401648283005
GILGFVFTL	CASSEGVNEQFF	1	1	0.54332435131073
GILGFVFTL	CASSTPDTPSSYNEQFF	1	0	6.495532943517901e-06
GILGFVFTL	CAWSVGVSGANVLTF	1	0	0.3496149480342865
GILGFVFTL	CASSQDSPRAGFSDTQYF	1	0	2.888043673010543e-05
GILGFVFTL	CASSLVPTADVLTF	1	1	0.6992823481559753
GILGFVFTL	CASSLYSGSFYEQYF	1	1	0.5588995814323425
GILGFVFTL	CSVEGSGGTQYF	1	0	0.001037450274452567
GILGFVFTL	CAVPGGSPYEQYF	1	0	0.294722318649292
GILGFVFTL	CSASGTLDTEAFF	1	0	0.01830059103667736
GILGFVFTL	CASSYGTGDLSYNEQFF	1	0	8.733743743505329e-05
GILGFVFTL	CASSPSDPGELFF	1	0	0.026841720566153526
GILGFVFTL	CASSPGREQYF	1	0	0.04693728685379028
GILGFVFTL	CASSLPDPYEQYF	1	0	0.0017170918872579932
GILGFVFTL	CASSFLGQGDSPLHF	1	0	2.759515518846456e-05
GILGFVFTL	CASSLGQGATNTGELFF	1	0	7.605002610944211e-05
GILGFVFTL	CASGFGHSNSPLHF	1	0	0.00024261999351438135
GILGFVFTL	CASSIALSTFQPQHF	1	0	0.4037531018257141
GILGFVFTL	CAIRWTLNNEQFF	1	0	8.08928525657393e-05
GILGFVFTL	CATRERQGWVEAFF	1	0	2.4805585780995898e-05
GILGFVFTL	CASSLASTGLTQETQYF	1	0	3.5180215490981936e-05
GILGFVFTL	CASSPGESTDTQYF	1	0	0.0010043493239209056
GILGFVFTL	CASSLKVRDEQFF	1	0	8.62918677739799e-05
GILGFVFTL	CSASPGYNEQFF	1	0	0.0007033015135675669
GILGFVFTL	CASSADAGTSSEQFF	1	0	0.0036807849537581205
GILGFVFTL	CASSQERGGPDTQYF	1	0	0.0006496440037153661
GILGFVFTL	CASSLGTSGRAGETQYF	1	0	0.005203193984925747
GILGFVFTL	CASIDRSYEQYF	1	1	0.9542425870895386
GILGFVFTL	CASSLIANQETQYF	1	0	0.004304428584873676
GILGFVFTL	CATSRVKTSGGYEQYF	1	0	5.911310381634394e-06
GILGFVFTL	CASSLRGSAGNTIYF	1	1	0.6820982694625854
GILGFVFTL	CATSDQHGSSEQFF	1	0	0.00017530105833429843
GILGFVFTL	CASSLVDSARSYEQYF	1	0	0.00038164141005836427
GILGFVFTL	CASSLDAETQYF	1	0	0.0008591666119173169
GILGFVFTL	CATFAASKEQFF	1	0	6.754450510015886e-07
GILGFVFTL	CASSLDLGVDYGYTF	1	0	0.0168544240295887
GILGFVFTL	CASTSVNTGELFF	1	0	0.0064605907537043095
GILGFVFTL	CASSQDRIRQARTGELFF	1	0	3.53523064404726e-05
GILGFVFTL	CAWSAIADTDTQYF	1	1	0.5974474549293518
GILGFVFTL	CASSFGGRSTDTQYF	1	0	9.89392792689614e-05
GILGFVFTL	CASSLRQGEYNEQFF	1	0	0.02615431882441044
GILGFVFTL	CASAGERSEQFF	1	0	0.011720085516571999
GILGFVFTL	CASSQDHGLHPEAFF	1	0	0.009661753661930561
GILGFVFTL	CASSLGSGGGETQYF	1	0	0.011793864890933037
GILGFVFTL	CASARGWGPAGGELFF	1	0	4.2039841900987085e-06
GILGFVFTL	CASKKTPVGTEAFF	1	0	0.005896494258195162
GILGFVFTL	CASSPSGLAGYNEQFF	1	0	0.0003118704189546406
GILGFVFTL	CSARFSANGEQYF	1	0	0.000700681412126869
GILGFVFTL	CASSLDQGAQDNEQFF	1	0	6.313622725429013e-05
GILGFVFTL	CASSLNWREITDTQYF	1	0	6.099966412875801e-06
GILGFVFTL	CASSPYPSRGSNEQFF	1	0	0.0022617026697844267
GILGFVFTL	CASSLDRVSYNEQFF	1	0	5.9039513871539384e-05
GILGFVFTL	CACCRLFSREYGYTF	1	0	0.003417067928239703
GILGFVFTL	CASSGGTSSDTQYF	1	0	0.0003334125503897667
GILGFVFTL	CASSLGTGGTEAFF	1	0	0.07971177995204926
GILGFVFTL	CASSQGGQGAPYEQYF	1	0	0.007911804132163525
GILGFVFTL	CASSLLPEGTGRVSGYTF	1	0	0.011122211813926697
GILGFVFTL	CASSQELAGGGNEQFF	1	0	0.06338788568973541
GILGFVFTL	CASSLDFSRQETQYF	1	0	0.1551252156496048
GILGFVFTL	CASRIQGRQPQHF	1	1	0.9998809099197388
GILGFVFTL	CASSTMGDYYEQYF	1	0	0.1817139983177185
GILGFVFTL	CASSLDLTETQYF	1	0	0.000997975468635559
GILGFVFTL	CASSLTGGGYEQYF	1	0	0.029948776587843895
GILGFVFTL	CASSYVGNTGELFF	1	0	0.00020521655096672475
GILGFVFTL	CASSPTLYNEQFF	1	0	0.0018295131158083677
GILGFVFTL	CASKRQGLHAEQYF	1	0	3.102297512214136e-07
GILGFVFTL	CASSLNEQEGQPQHF	1	0	0.016241926699876785
GILGFVFTL	CASSLFPGQGSDDEQFF	1	0	0.0004963457467965782
GILGFVFTL	CASSLSNTPGEQFF	1	0	9.345661237603053e-05
GILGFVFTL	CASSGDPKAYEQYF	1	0	0.001555125811137259
GILGFVFTL	CASSPPADEALYGYTF	1	0	0.14105045795440674
GILGFVFTL	CSARGKGAISHHTEAFF	1	0	0.012080315500497818
GILGFVFTL	CSARHLANNEQFF	1	0	0.00016446341760456562
GILGFVFTL	CASSPDGLTENTEAFF	1	0	0.0014480642275884748
GILGFVFTL	CASRSLSGEQFF	1	0	0.0060301488265395164
GILGFVFTL	CASSHHSGGIYNEQFF	1	0	0.0078468332067132
GILGFVFTL	CASSFRGPNLYTEAFF	1	0	0.00012745267304126173
GILGFVFTL	CSAPDRYLRTEAFF	1	0	0.0003733806952368468
GILGFVFTL	CASSTYRQGYNEQFF	1	1	0.8857011795043945
GILGFVFTL	CSARDLEVLSYEQYF	1	0	0.09884613752365112
GILGFVFTL	CASSLGRGAYEQYF	1	0	0.025932490825653076
GILGFVFTL	CASRTRLGRNEQFF	1	0	5.701916597899981e-05
GILGFVFTL	CASSGTGVTGELFF	1	0	0.44722163677215576
GILGFVFTL	CASSGRVTGGFYNEQFF	1	0	0.00034336349926888943
GILGFVFTL	CASSLFGSGGAGETQYF	1	0	4.1840139601845294e-05
GILGFVFTL	CSVEDPDRDGYTF	1	0	0.0011870707385241985
GILGFVFTL	CASSLTGTVDGYTF	1	0	0.00022866098152007908
GILGFVFTL	CASSWYTTGQETQYF	1	0	0.09175145626068115
GILGFVFTL	CASSSYRKEKLFF	1	0	0.4327011704444885
GILGFVFTL	CASSLALSTEYSSF	1	0	0.010525217279791832
GILGFVFTL	CASSSGTSGSADTQYF	1	0	0.001459599588997662
GILGFVFTL	CASSRNPGTGTYNEQFF	1	0	0.00773434154689312
GILGFVFTL	CASSGLRGTAEAFF	1	0	0.030292857438325882
GILGFVFTL	CASSTSLLAQHF	1	1	0.8502731919288635
GILGFVFTL	CASSLNNEQFF	1	0	0.26450294256210327
GILGFVFTL	CASSPGVGTEAFF	1	1	0.7075042128562927
GILGFVFTL	CASSLGGHGQPQHF	1	0	0.004994838032871485
GILGFVFTL	CASSLGGHGNEQFF	1	0	0.01599661447107792
GILGFVFTL	CASSWTANTEAFF	1	0	0.0018246398540213704
GILGFVFTL	CASSVSQGYEQFF	1	0	0.0028389301151037216
GILGFVFTL	CASSLMTGGAYNEQFF	1	0	0.038941800594329834
GILGFVFTL	CASSLYGSRPQHF	1	0	0.18879660964012146
GILGFVFTL	CASSPGGGASYEQYF	1	0	0.0014626809861510992
GILGFVFTL	CASKHSGTGVLARELFF	1	0	0.0016442382475361228
GILGFVFTL	CASSEYGGYTF	1	0	0.0031876505818217993
GILGFVFTL	CAISEFRDDQETQYF	1	0	0.003577909665182233
GILGFVFTL	CASSLSVVSGELFF	1	0	0.40661779046058655
GILGFVFTL	CASSLMVNEQYF	1	0	0.008596686646342278
GILGFVFTL	CASRRSLQGARGGYTF	1	0	0.14614611864089966
GILGFVFTL	CASSVTEMGGTEAFF	1	0	8.232764957938343e-05
GILGFVFTL	CASSFRPPDTDRTNTGELFF	1	0	8.322743269673083e-06
GILGFVFTL	CASSSVAFDSGNTIYF	1	0	0.0513797327876091
GILGFVFTL	CASSEALSGGAPAETQYF	1	0	0.005077381618320942
GILGFVFTL	CASSQGETQYF	1	0	0.026744788512587547
GILGFVFTL	CATFTGNTEAFF	1	0	0.0004315988044254482
GILGFVFTL	CASSQYAVRVGDTEAFF	1	0	0.03030741587281227
GILGFVFTL	CASSQDYNEQFF	1	0	0.009610005654394627
GILGFVFTL	CASRDATGGFEQYF	1	0	4.762271055369638e-05
GILGFVFTL	CSATPNPGGHSTDTQYF	1	0	0.03514345735311508
GILGFVFTL	CSARTATGGQSGYTF	1	0	0.1624063104391098
GILGFVFTL	CASSYDRGFYNEQFF	1	0	0.10208204388618469
GILGFVFTL	CASSLGANTGELFF	1	0	0.04631495848298073
GILGFVFTL	CASKKLAGDSYEQYF	1	0	0.22686722874641418
GILGFVFTL	CASSQDPETGRTDTQYF	1	0	0.017166640609502792
GILGFVFTL	CASSVEEPGTVYEQYF	1	0	2.319628038094379e-05
GILGFVFTL	CASSSQSTGTAGVYEQYF	1	0	8.069177420111373e-05
GILGFVFTL	CSARIAGAKNIQYF	1	1	0.7170332670211792
GILGFVFTL	CASSEAGGGYEQYF	1	0	0.00022860495664644986
GILGFVFTL	CASSLSGGRTKNIQYF	1	0	1.617924283436878e-07
GILGFVFTL	CASSPVGWGNTIYF	1	0	0.027652904391288757
GILGFVFTL	CASSPQNSYNEQFF	1	0	0.008166770450770855
GILGFVFTL	CSALGAVGAGIHYEQYF	1	0	0.09239313751459122
GILGFVFTL	CATSEIQGFSTDTQYF	1	0	1.3989909348310903e-05
GILGFVFTL	CASSFWTSGYEQYF	1	0	0.000829748110845685
GILGFVFTL	CAISESSRGVDGYTF	1	0	0.13172663748264313
GILGFVFTL	CASSSPRSSRDTDTQYF	1	0	4.1576120679565065e-07
GILGFVFTL	CASSSLSEAFF	1	0	0.02789175510406494
GILGFVFTL	CASTTYNEQFF	1	0	0.18551498651504517
GILGFVFTL	CASSSTRGWADTQYF	1	0	0.18408872187137604
GILGFVFTL	CSAPLGEGGYTF	1	0	0.002187024336308241
GILGFVFTL	CASSIGATEAFF	1	1	0.9998887777328491
GILGFVFTL	CASSEVRGPSYNEQFF	1	0	0.023466967046260834
GILGFVFTL	CASTPGGYEQYF	1	0	0.009823680855333805
GILGFVFTL	CASSLAGTGGRFSYEQYF	1	0	2.4939123477452085e-07
GILGFVFTL	CASSPLQGANHDEQYF	1	0	0.0001903296506498009
GILGFVFTL	CAISESNDGNEQFF	1	0	0.057318586856126785
GILGFVFTL	CAISEEVSGGVGANEQFF	1	0	0.0031172377057373524
GILGFVFTL	CASRSTGYLEQYF	1	0	0.004439633339643478
GILGFVFTL	CSASVPAGQQNSSPLHF	1	0	1.665561467234511e-05
GILGFVFTL	CASSPHAGGVDEKLFF	1	0	0.0002951275964733213
GILGFVFTL	CASRLTRGAGETQYF	1	0	0.004718693904578686
GILGFVFTL	CASSLLRVSGANVLTF	1	0	0.1306905895471573
GILGFVFTL	CASGLVPGGGSDGYTF	1	0	0.009334837086498737
GILGFVFTL	CASSETGTSGDEQYF	1	0	2.8525666493806057e-05
GILGFVFTL	CAWSVRGVNPYNEQFF	1	1	0.7806364297866821
GILGFVFTL	CASSPRDEQFF	1	0	0.056852638721466064
GILGFVFTL	CASRELGQETQYF	1	0	0.008344627916812897
GILGFVFTL	CASTRGQGRDGELFF	1	0	1.113790659701408e-07
GILGFVFTL	CASSLIRDITYEQYF	1	0	0.00020894603221677244
GILGFVFTL	CATSDYGYTF	1	0	3.961802940466441e-05
GILGFVFTL	CASSFLAGQRTDTEAFF	1	0	2.7287280772725353e-06
GILGFVFTL	CATSDDSEKLFF	1	0	0.003959215246140957
GILGFVFTL	CATSPTRSTTDTQYF	1	0	1.0976954399666283e-05
GILGFVFTL	CASSPGSLGHRASTDTQYF	1	0	0.4245336353778839
GILGFVFTL	CASSVDRGAYNEQFF	1	0	0.33496880531311035
GILGFVFTL	CASSQGGGGTDTQYF	1	0	0.15932057797908783
GILGFVFTL	CSVEQRDTGELFF	1	0	0.002990839071571827
GILGFVFTL	CASSQKPGQDHYEQYF	1	0	0.002073558047413826
GILGFVFTL	CASSMRVQSNTGELFF	1	0	0.37829717993736267
GILGFVFTL	CASSVVSGGHQPQHF	1	1	0.5541937351226807
GILGFVFTL	CASSGLAGGPHEQFF	1	0	0.06507417559623718
GILGFVFTL	CASSPPHPTGPTDTQYF	1	0	0.0004974777693860233
GILGFVFTL	CATGTGGNDYEQYF	1	0	0.16221332550048828
GILGFVFTL	CASSQDLMEETQYF	1	0	0.0022626002319157124
GILGFVFTL	CASSLAQYYQPQHF	1	0	0.0003510133537929505
GILGFVFTL	CATSGDTQYF	1	0	0.0020624639000743628
GILGFVFTL	CASSPYPRTGGTDTQYF	1	0	0.001961441244930029
GILGFVFTL	CASSPRGSYWDEQYF	1	0	0.00015192058344837278
GILGFVFTL	CASRQLAGFYEQYF	1	0	0.17286965250968933
GILGFVFTL	CASTFIFVRGADSSYEQYF	1	0	0.00013931913417764008
GILGFVFTL	CASSLAGDQEPQYEQYF	1	0	5.531495116883889e-05
GILGFVFTL	CASSRQNTGELFF	1	0	4.2647221562219784e-05
GILGFVFTL	CASSLGEARPQETQYF	1	0	7.524110401391226e-07
GILGFVFTL	CASSYSERDTEKLFF	1	0	0.2737868130207062
GILGFVFTL	CASSAYNEQFF	1	1	0.6641685366630554
GILGFVFTL	CAWSVQQGDQPQHF	1	0	0.005748134106397629
GILGFVFTL	CASSLGQGDGGYTF	1	0	2.5312412617495283e-05
GILGFVFTL	CASSPSGLAGSNLGNEQFF	1	0	0.00026960353716276586
GILGFVFTL	CASSKKGLSNEQFF	1	1	0.8879673480987549
GILGFVFTL	CASRRTGVVEKLFF	1	0	0.03253728151321411
GILGFVFTL	CASSLGPVYEQYF	1	0	0.025791237130761147
GILGFVFTL	CASSLEPTANQPQHF	1	0	0.0001523207756690681
GILGFVFTL	CASRGGTGLYGYTF	1	0	0.44580087065696716
GILGFVFTL	CASSDRAGVVTDTQYF	1	1	0.9932401180267334
GILGFVFTL	CASSPRPGPNQPQHF	1	0	0.06610357016324997
GILGFVFTL	CASWGPGTEGAYEQYF	1	0	0.008922028355300426
GILGFVFTL	CASSDRGTGELFF	1	1	0.5485400557518005
GILGFVFTL	CASSFGLALGDEQFF	1	0	0.005461164750158787
GILGFVFTL	CSARGTDFANTGELFF	1	0	0.0002556607942096889
GILGFVFTL	CASSYPLGTQYF	1	0	0.0014461040263995528
GILGFVFTL	CASRTLRGHVSEAFF	1	1	0.8334124684333801
GILGFVFTL	CASLDRVGGYTF	1	0	0.1335345208644867
GILGFVFTL	CASSPGLTPAEQYF	1	0	0.003629769664257765
GILGFVFTL	CASSEEGGLSNEKLFF	1	0	2.3806142053217627e-05
GILGFVFTL	CASSPSGLAGSNLGNEQFF	1	0	0.00026960353716276586
GILGFVFTL	CASSLRGGQSYEQYF	1	1	0.6359689235687256
GILGFVFTL	CASSEWALPNEQFF	1	0	0.00032812441349960864
GILGFVFTL	CASSPRDSLYEQYF	1	0	0.08159588277339935
GILGFVFTL	CSARDREGSIYNEQFF	1	0	0.010384868830442429
GILGFVFTL	CASSPTANEKLFF	1	0	0.09485646337270737
GILGFVFTL	CASKVYGYTF	1	0	0.0013742881128564477
GILGFVFTL	CASSPWTGARGYTF	1	0	0.24015624821186066
GILGFVFTL	CASSPTRGLEIEKLFF	1	0	0.005452105309814215
GILGFVFTL	CASSPPLAGGYEQYF	1	0	0.09085989743471146
GILGFVFTL	CATSRDWTGSAETQYF	1	0	0.0027052834630012512
GILGFVFTL	CASSSGEGTEAYNEQFF	1	0	0.0090123126283288
GILGFVFTL	CASSRGGGSYNEQFF	1	0	0.24170388281345367
GILGFVFTL	CASSDRDRGLLRQFF	1	0	0.019384687766432762
GILGFVFTL	CASSVVGDEQYF	1	0	0.006529069039970636
GILGFVFTL	CAASQNTEAFF	1	0	0.2830381393432617
GILGFVFTL	CASSQEDSWGDTQYF	1	0	0.00011755566083593294
GILGFVFTL	CSARSLAVSTDTQYF	1	0	0.004237202927470207
GILGFVFTL	CASSSETGWGTEAFF	1	0	0.015672488138079643
GILGFVFTL	CASSLSAGTEAFF	1	0	0.3563401699066162
GILGFVFTL	CASSDRFWEQYF	1	0	0.20066116750240326
GILGFVFTL	CASSFPVTAITGNTEAFF	1	0	0.00025594979524612427
GILGFVFTL	CASSWVPPGQGRTGELFF	1	0	3.186641379215871e-06
GILGFVFTL	CASINSPGGEDTGELFF	1	0	0.01555244904011488
GILGFVFTL	CASSPPGTPPNYGYTF	1	0	0.005652742460370064
GILGFVFTL	CASSSGTGGQYEQYF	1	0	0.00010420876060379669
GILGFVFTL	CASSFGGVEGMNTEAFF	1	0	0.00013122860400471836
GILGFVFTL	CASSLPTRQNLASYEYGYTF	1	0	0.008988181129097939
GILGFVFTL	CASTPGQGASTEAFF	1	0	0.05681789666414261
GILGFVFTL	CASSFLGQGAAGELFF	1	0	0.0071114893071353436
GILGFVFTL	CASSYGTLPSEQFF	1	0	0.07460173219442368
GILGFVFTL	CASSALTGPNTEAFF	1	0	0.0033657504245638847
GILGFVFTL	CASSRSTGGSGNTIYF	1	0	0.0004423270293045789
GILGFVFTL	CASSTSTGQGWHYGYTF	1	0	0.00473805982619524
GILGFVFTL	CSANDRGRGYNSPLHF	1	0	0.0501180961728096
GILGFVFTL	CASSPTSGSRETQYF	1	0	0.25613871216773987
GILGFVFTL	CASSHVTGYEQYF	1	0	0.0014714760472998023
GILGFVFTL	CATSDSSGSNEQFF	1	0	4.3258778532617725e-06
GILGFVFTL	CASSRSFAGGDTDTQYF	1	0	0.0001462804211769253
GILGFVFTL	CASSYDSRETQYF	1	0	0.04715115204453468
GILGFVFTL	CASNWFRDNTGELFF	1	0	0.005042186006903648
GILGFVFTL	CASSSPVETQYF	1	0	0.015451273880898952
GILGFVFTL	CASSTGSYEQYF	1	0	0.24630603194236755
GILGFVFTL	CASSLLSGSSYEQYF	1	0	0.009473158977925777
GILGFVFTL	CASSLVGYEQYF	1	0	0.0940079316496849
GILGFVFTL	CASTWDSLYEQYF	1	1	0.8449774384498596
GILGFVFTL	CASRAGGWTLPSNYGYTF	1	0	6.655276956735179e-05
GILGFVFTL	CASSTSSSWTQYF	1	0	0.07731207460165024
GILGFVFTL	CASSRAGTGYNEQFF	1	0	2.463695091137197e-05
GILGFVFTL	CASSVDDTGLSYEQYF	1	1	0.7196968793869019
GILGFVFTL	CASSPERGEETQYF	1	0	0.01897873729467392
GILGFVFTL	CASSQDSGWREKLFF	1	0	0.1727871298789978
GILGFVFTL	CASSQDVTSEWVDTIYF	1	0	0.0012454636162146926
GILGFVFTL	CASSLGTTQETQYF	1	0	0.0016806281637400389
GILGFVFTL	CASSPSYNEQFF	1	0	0.0027058494742959738
GILGFVFTL	CASSLENTGELFF	1	0	0.0018243775703012943
GILGFVFTL	CASSLPGWEQYF	1	0	4.0061295294435695e-06
GILGFVFTL	CASSTPRGGYTF	1	1	0.8450892567634583
GILGFVFTL	CASSVGQGNQPQHF	1	0	6.517666770378128e-05
GILGFVFTL	CASSPDGTGSGNTIYF	1	0	0.06037161499261856
GILGFVFTL	CASSVGRTLDYGYTF	1	0	0.002942367922514677
GILGFVFTL	CAISERDFQETQYF	1	0	2.634874363138806e-05
GILGFVFTL	CASSPRTSGNTYEQYF	1	0	0.028045669198036194
GILGFVFTL	CASSLEAVSIHGYTF	1	0	0.4103855788707733
GILGFVFTL	CSARTGGDGYTF	1	0	0.0014067942975088954
GILGFVFTL	CASSLGDVQNTEAFF	1	0	0.10406380891799927
GILGFVFTL	CSANPRTTLYEQYF	1	0	0.007855071686208248
GILGFVFTL	CASSLGGTSTAETQYF	1	0	0.07601790130138397
GILGFVFTL	CASSVGVSNQPQHF	1	0	0.010659191757440567
GILGFVFTL	CAWDSYNQPQHF	1	0	0.07841187715530396
GILGFVFTL	CASSLLAVDNEQFF	1	0	0.0006928056827746332
GILGFVFTL	CASSEALSGGSETQYF	1	0	0.00030849978793412447
GILGFVFTL	CASYWTGPPHGYTF	1	0	0.08317746967077255
GILGFVFTL	CASSYLGQMDEKLFF	1	0	0.044919151812791824
GILGFVFTL	CACSIDPRGQPQHF	1	1	0.999725878238678
GILGFVFTL	CASGGKVFPPYEQYF	1	0	0.0006626475369557738
GILGFVFTL	CASTRGQRNGAFF	1	0	0.04407193511724472
GILGFVFTL	CASSLGQGPYEQYF	1	0	0.030228478834033012
GILGFVFTL	CASSGREAFF	1	0	0.007584480103105307
GILGFVFTL	CASSADQLEQFF	1	0	0.016946183517575264
GILGFVFTL	CASSAGTSGGASYNEQFF	1	0	0.0010032553691416979
GILGFVFTL	CATSSEDSSNQPQHF	1	0	0.021904373541474342
GILGFVFTL	CASSLSWGSSYNEQFF	1	0	0.010849671438336372
GILGFVFTL	CASRPSRGTNYGYTF	1	0	0.0011745095252990723
GILGFVFTL	CASSQWTGSNYGYTF	1	0	0.00022033161076251417
GILGFVFTL	CASSYLTGADGYTF	1	0	0.006608123425394297
GILGFVFTL	CASSLWAGNTIYF	1	1	0.6635916233062744
GILGFVFTL	CASITRLAGELFF	1	1	0.9389134645462036
GILGFVFTL	CATSELSGETQYF	1	0	0.0012786837760359049
GILGFVFTL	CASSLGGPPTYEQYF	1	0	0.0002161212032660842
GILGFVFTL	CATTFRGYEQYF	1	0	0.0029043741524219513
GILGFVFTL	CASSRVGSPLHF	1	0	0.4205973446369171
GILGFVFTL	CSASSTHSNQPQHF	1	0	0.0001803642517188564
GILGFVFTL	CASSQDRAGWIDEQFF	1	0	0.0028386861085891724
GILGFVFTL	CASSYRGGYEQYF	1	0	0.04437398165464401
GILGFVFTL	CASSPGASYEQYF	1	0	0.049524758011102676
GILGFVFTL	CASSLADLLAEKLFF	1	0	7.85228330641985e-05
GILGFVFTL	CSGLLAGTDTQYF	1	0	0.01079410407692194
GILGFVFTL	CASSISSTGELFF	1	1	0.9991017580032349
GILGFVFTL	CAWSWTDYEQYF	1	1	0.8999081254005432
GILGFVFTL	CASSLTGESYEQYF	1	0	0.0016479226760566235
GILGFVFTL	CASQAGVFTDTQYF	1	0	0.0009368039318360388
GILGFVFTL	CASSVASGQLYGYTF	1	0	0.04853866249322891
GILGFVFTL	CASNSLDREDGNTIYF	1	0	0.0008163793827407062
GILGFVFTL	CASSESQGDYYGYTF	1	0	0.004276715684682131
GILGFVFTL	CASSQDPPDTQYF	1	0	0.04041723534464836
GILGFVFTL	CSVDQGSGELFF	1	0	0.007829982787370682
GILGFVFTL	CASSVGMTDYNEQFF	1	0	0.06927154958248138
GILGFVFTL	CASSLSPLDNPSYEQYF	1	0	0.00013723550364375114
GILGFVFTL	CASSLGFNEQYF	1	0	0.005671865306794643
GILGFVFTL	CASSLYSPAHTEAFF	1	0	0.009367932565510273
GILGFVFTL	CAWGIPRQDNNEKLFF	1	1	0.9040290117263794
GILGFVFTL	CASSSDPSTDTQYF	1	0	2.5279990950366482e-05
GILGFVFTL	CASSGQGMGNSPLHF	1	1	0.8336519002914429
GILGFVFTL	CASSYSVRDYEQYF	1	0	0.01272612251341343
GILGFVFTL	CASSPLPGGVNEQFF	1	0	0.042840708047151566
GILGFVFTL	CASSPPRLGAFF	1	0	0.026084234938025475
GILGFVFTL	CASSLELGQGRETQYF	1	0	0.0019247797317802906
GILGFVFTL	CASSLSRANSPLHF	1	0	0.004806804936379194
GILGFVFTL	CASSYSSRLQYF	1	0	0.12885476648807526
GILGFVFTL	CASSLDGPSGSPHEQYF	1	0	0.0008897145162336528
GILGFVFTL	CASFDRTQGFSGANVLTF	1	0	0.12446599453687668
GILGFVFTL	CASLTRFGLYSNQPQHF	1	0	0.0002279709151480347
GILGFVFTL	CASTGGPEGNQPQHF	1	0	0.00013231484626885504
GILGFVFTL	CASSSLLQGVDYGYTF	1	0	0.08639322966337204
GILGFVFTL	CASSMRHFSYEQYF	1	1	0.9985009431838989
GILGFVFTL	CASSLRGTGAYGYTF	1	0	0.012449858710169792
GILGFVFTL	CASTLGTEAFF	1	0	0.11899393796920776
GILGFVFTL	CAWSAASGGAQDTQYF	1	1	0.692438006401062
GILGFVFTL	CASSPLRGGVTYNEQFF	1	0	0.3207894563674927
GILGFVFTL	CASSNRGYDEQYF	1	0	0.023115457966923714
GILGFVFTL	CASSLTNPRQGAYNEQFF	1	0	6.784470087950467e-07
GILGFVFTL	CASSFLSAGGGTDTQYF	1	0	0.005690939724445343
GILGFVFTL	CASSIAGNNEQFF	1	1	0.9918410778045654
GILGFVFTL	CATSETVAGGTGELFF	1	0	8.054800855461508e-05
GILGFVFTL	CASIGSGYNEQFF	1	0	0.21320174634456635
GILGFVFTL	CASSMGPTGYGYTF	1	0	0.009806010872125626
GILGFVFTL	CASSEGGGYEQYF	1	0	0.0001404736831318587
GILGFVFTL	CASSQDLGARMGETQYF	1	0	0.2079721987247467
GILGFVFTL	CAIDETGHGYTF	1	0	0.0002735124435275793
GILGFVFTL	CASSQNYEQYF	1	1	0.6838300228118896
GILGFVFTL	CATSRNRGDGYTF	1	0	0.00041074809269048274
GILGFVFTL	CASSLINTGELFF	1	0	0.0025104160886257887
GILGFVFTL	CASSQGGGVNEQFF	1	0	0.04360231012105942
GILGFVFTL	CASSLGPADTQYF	1	0	0.003237486118450761
GILGFVFTL	CASSPGDPSTDTQYF	1	0	2.657140612427611e-05
GILGFVFTL	CASRIGTTNEQYF	1	0	0.09780923277139664
GILGFVFTL	CASSLGRAGYGETQYF	1	0	0.017106687650084496
GILGFVFTL	CATSDFGVNTGELFF	1	0	0.003071717219427228
GILGFVFTL	CASSSYSRYEQYF	1	1	0.9998061060905457
GILGFVFTL	CASSLSGGLLRTGELFF	1	0	4.4226243289813283e-07
GILGFVFTL	CASSPVGPNTQYF	1	0	0.0028937743045389652
GILGFVFTL	CASSFGGGLQETQYF	1	0	0.00021094558178447187
GILGFVFTL	CASSVSGPPTGELFF	1	0	0.00022052832355257124
GILGFVFTL	CASSQGGRSTDTQYF	1	0	0.0013081521028652787
GILGFVFTL	CASTFAHAGDSNEQFF	1	0	6.157891766633838e-05
GILGFVFTL	CASSQGGDEQFF	1	0	0.10703367739915848
GILGFVFTL	CASSQVGDEQFF	1	0	0.04449848085641861
GILGFVFTL	CASSWLGQGALEAFF	1	0	0.18679946660995483
GILGFVFTL	CASSLFTGTNEQFF	1	0	0.022175436839461327
GILGFVFTL	CAISESVNTEAFF	1	0	0.14697037637233734
GILGFVFTL	CASSSSDPPGNQPQHF	1	0	0.003501226892694831
GILGFVFTL	CASSRDRGLGYTF	1	0	0.0947403535246849
GILGFVFTL	CASSEFGTFQETQYF	1	0	0.010466151870787144
GILGFVFTL	CAISSDSGDEQFF	1	0	0.002272880868986249
GILGFVFTL	CASSPSGYQPQHF	1	0	4.604068453772925e-05
GILGFVFTL	CASSLSYNSPLHF	1	0	2.8750225737894652e-06
GILGFVFTL	CASSLDGATNEKLFF	1	0	0.00303672649897635
GILGFVFTL	CSVELSHSYEQYF	1	0	0.0001704108581179753
GILGFVFTL	CASSLLGGSYEQYF	1	0	0.03930676355957985
GILGFVFTL	CSASAGLVGYEQYF	1	0	0.009191283024847507
GILGFVFTL	CATSEVGSETQYF	1	0	0.0009766221046447754
GILGFVFTL	CASSFSGRVGEKLFF	1	0	0.009673404507339
GILGFVFTL	CASRPGTASYEQYF	1	0	0.39509090781211853
GILGFVFTL	CSARVGDTGELFF	1	0	0.002676106756553054
GILGFVFTL	CASSPLTGESMSEKLFF	1	0	0.002589237643405795
GILGFVFTL	CASSQVAAGDNSYEQYF	1	0	0.046506524085998535
GILGFVFTL	CAISDPRDSYEQYF	1	0	0.01637248694896698
GILGFVFTL	CSARAYTGELFF	1	0	4.6564451622543857e-05
GILGFVFTL	CASSQGFGANVLTF	1	0	0.38801467418670654
GILGFVFTL	CASRGLGSGGYEQYF	1	0	0.12196831405162811
GILGFVFTL	CASSMNPQGGSSPLHF	1	0	0.2587195634841919
GILGFVFTL	CASSLTRTALNTEAFF	1	0	0.0011828391579911113
GILGFVFTL	CASSLLGYEQYF	1	0	0.09072273969650269
GILGFVFTL	CASATWGDPNQPQHF	1	0	0.010524129495024681
GILGFVFTL	CASSWGDYNEQFF	1	0	0.000517894106451422
GILGFVFTL	CASSPKAGGPGEQFF	1	0	0.01701110042631626
GILGFVFTL	CASSQWDNQPQHF	1	0	0.2549886405467987
GILGFVFTL	CASALGAVDTQYF	1	1	0.6719512939453125
GILGFVFTL	CASRMGHTDTQYF	1	1	0.9676456451416016
GILGFVFTL	CASSLMGGGNTIYF	1	0	0.0001629315665923059
GILGFVFTL	CASSQEASGGKETQYF	1	0	4.1974701161962e-05
