KLGGALQAK	CASSQDVTSEWVDTIYF	1	1	0.9987118244171143
KLGGALQAK	CASSVGVSNQPQHF	1	1	0.9853206276893616
KLGGALQAK	CASSFGASGSVGELFF	1	1	0.9523181915283203
KLGGALQAK	CASSRNPGTGTYNEQFF	1	1	0.9956931471824646
KLGGALQAK	CASSPGSLGHRASTDTQYF	1	1	0.8827992081642151
KLGGALQAK	CASSIGFGQGVSTEAFF	1	0	0.0036215409636497498
KLGGALQAK	CASSLMTNQPQHF	1	1	0.9911837577819824
KLGGALQAK	CASSLDFSRQETQYF	1	1	0.9973307847976685
KLGGALQAK	CASSPLRGGVTYNEQFF	1	1	0.9997492432594299
KLGGALQAK	CASSLHLMNTEAFF	1	1	0.973750114440918
KLGGALQAK	CASSWTANTEAFF	1	1	0.9984291195869446
KLGGALQAK	CSASGTLDTEAFF	1	1	0.999894380569458
KLGGALQAK	CAISESNDGNEQFF	1	1	0.9999181032180786
KLGGALQAK	CASSVERENTGELFF	1	1	0.9979670643806458
KLGGALQAK	CASSLLWAEYNEQFF	1	0	0.23049136996269226
KLGGALQAK	CASSPGRGDSPLHF	1	1	0.9971464276313782
KLGGALQAK	CASSDPTGGYETQYF	1	1	0.9967634677886963
KLGGALQAK	CASSSVAFDSGNTIYF	1	1	0.9999988079071045
KLGGALQAK	CASITKDRAYEQYF	1	1	0.9787406325340271
KLGGALQAK	CASTPRRLGLFPSSGNTIYF	1	1	0.9999998807907104
KLGGALQAK	CASSVEEPGTVYEQYF	1	0	0.0009135020081885159
KLGGALQAK	CASSTPRGGYTF	1	1	0.9999656677246094
KLGGALQAK	CASSRTGSSYNEQFF	1	1	0.9980683922767639
KLGGALQAK	CASSLAGQENQPQHF	1	1	0.987387478351593
KLGGALQAK	CASSVDDTGLSYEQYF	1	1	0.9846605658531189
KLGGALQAK	CASSTSLLAQHF	1	1	0.9997298121452332
KLGGALQAK	CASSGQVESSGNTIYF	1	1	0.9947355389595032
KLGGALQAK	CASSPSGLAGYNEQFF	1	1	0.5848720073699951
KLGGALQAK	CSARAGQGVDGYTF	1	1	0.5522743463516235
KLGGALQAK	CASSPLQGANHDEQYF	1	0	0.17420770227909088
KLGGALQAK	CASSQYAVRVGDTEAFF	1	1	0.9910049438476562
KLGGALQAK	CASSPGTVKETQYF	1	1	0.9993364214897156
KLGGALQAK	CASSGDPKAYEQYF	1	1	0.5334588289260864
KLGGALQAK	CASSESRSGNQPQHF	1	1	0.9539192914962769
KLGGALQAK	CASSLGRAGYGETQYF	1	1	0.7901302576065063
KLGGALQAK	CASKPGAIEAFF	1	0	0.0757899358868599
KLGGALQAK	CSASPGYNEQFF	1	1	0.9830790758132935
KLGGALQAK	CASSLAGDQEPQYEQYF	1	0	0.29112234711647034
KLGGALQAK	CASSYLGQMDEKLFF	1	1	0.9782057404518127
KLGGALQAK	CASSQDLGARMGETQYF	1	1	0.9979191422462463
KLGGALQAK	CASSPGTGSHPYNEQFF	1	1	0.9861504435539246
KLGGALQAK	CASRAVINTDTQYF	1	1	0.9999805688858032
KLGGALQAK	CASSLNNEQFF	1	1	0.9852477312088013
KLGGALQAK	CASSFPGYGYTF	1	1	0.9614350199699402
KLGGALQAK	CASSVSGPPTGELFF	1	1	0.9774307608604431
KLGGALQAK	CASSFLGQGAAGELFF	1	1	0.992974042892456
KLGGALQAK	CSARVEGAGPAQYF	1	1	0.9964205026626587
KLGGALQAK	CASSHFSGTFPYEQYF	1	0	0.0019151997985318303
KLGGALQAK	CASRPGTASYEQYF	1	1	0.9870110750198364
KLGGALQAK	CASSSGEGTEAYNEQFF	1	1	0.760981023311615
KLGGALQAK	CASRPSRGTNYGYTF	1	1	0.9997754693031311
KLGGALQAK	CASSPIELVTYNEQFF	1	1	0.9995324611663818
KLGGALQAK	CASSEGVNEQFF	1	1	0.999934196472168
KLGGALQAK	CACCRLFSREYGYTF	1	1	0.9999058246612549
KLGGALQAK	CASTTGDSSNQPQHF	1	1	0.9821963310241699
KLGGALQAK	CASSLAGVIETQYF	1	1	0.5973943471908569
KLGGALQAK	CASSQEIGVYGYTF	1	1	0.9999933242797852
KLGGALQAK	CASSARDYTGELFF	1	1	0.9950279593467712
KLGGALQAK	CASSYLTGADGYTF	1	1	0.9998254179954529
KLGGALQAK	CASSEGWHSYEQYF	1	0	0.38756707310676575
KLGGALQAK	CASSPSAGRGLGYTF	1	1	0.9923065304756165
KLGGALQAK	CSATPNPGGHSTDTQYF	1	1	0.9987849593162537
KLGGALQAK	CSANPRTTLYEQYF	1	1	0.9983989596366882
KLGGALQAK	CASSQGAGGLVFYEQYF	1	0	0.0003281807294115424
KLGGALQAK	CASRRTGVVEKLFF	1	1	0.9999538660049438
KLGGALQAK	CASSKGLAVDYTQYF	1	1	0.5326254963874817
KLGGALQAK	CASSFWTSGYEQYF	1	1	0.5285907983779907
KLGGALQAK	CSATGLRTSYEQYF	1	1	0.9110561609268188
KLGGALQAK	CAISERDFQETQYF	1	1	0.699565052986145
KLGGALQAK	CASSQDRASYNEQFF	1	1	0.7789829969406128
KLGGALQAK	CASSLVNGLGYTF	1	1	0.9993482232093811
KLGGALQAK	CASSQDRAGWIDEQFF	1	1	0.7052509188652039
KLGGALQAK	CASSVEGDGSEAFF	1	1	0.9957615733146667
KLGGALQAK	CASSIQNTGELFF	1	1	0.9984299540519714
KLGGALQAK	CASTRGQGRDGELFF	1	0	0.41127386689186096
KLGGALQAK	CASSIDRWTQGNQPQHF	1	1	0.9999908208847046
KLGGALQAK	CASSIGIHGYTF	1	1	0.9107803702354431
KLGGALQAK	CSAPGGRPQHF	1	1	1.0
KLGGALQAK	CASSLVDSARSYEQYF	1	0	0.001942562754265964
KLGGALQAK	CASSPGESTDTQYF	1	1	0.8879492282867432
KLGGALQAK	CASSLSAGTEAFF	1	1	0.9993417859077454
KLGGALQAK	CATSEAASSWTGELFF	1	1	0.9868513941764832
KLGGALQAK	CSARDFTYEQYF	1	0	0.15857194364070892
KLGGALQAK	CASSKKGLSNEQFF	1	1	0.9998934268951416
KLGGALQAK	CASRGEGSYEQYF	1	1	0.9867754578590393
KLGGALQAK	CASSLRGTDTQYF	1	1	0.9897220730781555
KLGGALQAK	CSARTSAGVYEQFF	1	1	0.5436276197433472
KLGGALQAK	CASSLDLGVDYGYTF	1	1	0.9516536593437195
KLGGALQAK	CAISESSRGVDGYTF	1	1	0.9998464584350586
KLGGALQAK	CASSLNSGHTQYF	1	1	0.9537219405174255
KLGGALQAK	CASSQDLMEETQYF	1	1	0.8886860609054565
KLGGALQAK	CASSYSRGQPEAFF	1	1	0.99944669008255
KLGGALQAK	CASSRAGTGYNEQFF	1	1	0.9891425967216492
KLGGALQAK	CASSQGGGGTDTQYF	1	1	0.9999022483825684
KLGGALQAK	CASSTSSSWTQYF	1	0	0.16335035860538483
KLGGALQAK	CASSEVRGPSYNEQFF	1	1	0.8837618231773376
KLGGALQAK	CASSQKPGQDHYEQYF	1	1	0.9917484521865845
KLGGALQAK	CASRDHRVIYGYTF	1	1	0.9995895028114319
KLGGALQAK	CATSRDWTGSAETQYF	1	0	0.008680087514221668
KLGGALQAK	CASSLAGGSLSYEQYF	1	0	0.28025928139686584
KLGGALQAK	CASSLGRTGANTGELFF	1	1	0.9962729215621948
KLGGALQAK	CASSMRVQSNTGELFF	1	1	0.9978134632110596
KLGGALQAK	CASSVSGANYNEQFF	1	1	0.94264817237854
KLGGALQAK	CASSESQGDYYGYTF	1	1	0.9999397993087769
KLGGALQAK	CASSDRDRGLLRQFF	1	0	0.4338037073612213
KLGGALQAK	CASSLDRNTEAFF	1	1	0.9985887408256531
KLGGALQAK	CASSEDNRGRYEQYF	1	1	0.9017099142074585
KLGGALQAK	CASSQDSPRAGFSDTQYF	1	1	0.998475968837738
KLGGALQAK	CASSLGPVYEQYF	1	0	0.3747465908527374
KLGGALQAK	CAWSAIADTDTQYF	1	1	0.902141809463501
KLGGALQAK	CASSQDSGWREKLFF	1	1	0.9995036125183105
KLGGALQAK	CASSLLAGSSYNEQFF	1	1	0.5621442794799805
KLGGALQAK	CASSLTQGARNTIYF	1	1	1.0
KLGGALQAK	CASSLGGHGNEQFF	1	1	0.986234188079834
KLGGALQAK	CASSPHRTVLAGDTQYF	1	1	0.9434193968772888
KLGGALQAK	CASSFGLALGDEQFF	1	1	0.9989767074584961
KLGGALQAK	CASSLQGGNYGYTF	1	1	0.9940544962882996
KLGGALQAK	CASSEQGVVDTQYF	1	1	0.97999507188797
KLGGALQAK	CASSSDPSTDTQYF	1	0	0.044160693883895874
KLGGALQAK	CASSLELGQGRETQYF	1	1	0.9997413754463196
KLGGALQAK	CASSATGTGRTSAWYNEQFF	1	1	0.9993979930877686
KLGGALQAK	CASSSGVGQEAHEQYF	1	1	0.8277239203453064
KLGGALQAK	CASSSNIRDSGNTIYF	1	1	0.9999909400939941
KLGGALQAK	CATSDVAGGGGEQFF	1	1	0.5133302807807922
KLGGALQAK	CASSTSGETGELFF	1	1	0.9998680353164673
KLGGALQAK	CASTIGGDTGELFF	1	1	0.9620253443717957
KLGGALQAK	CASSVGGAHEQYF	1	0	0.41627824306488037
KLGGALQAK	CASSQDPETGRTDTQYF	1	1	0.535768449306488
KLGGALQAK	CATGTGGNDYEQYF	1	1	0.9999834299087524
KLGGALQAK	CASRIGTTNEQYF	1	1	0.8856135010719299
KLGGALQAK	CASSLGGHGQPQHF	1	1	0.991392970085144
KLGGALQAK	CASKRQGLHAEQYF	1	0	0.3726661503314972
KLGGALQAK	CASIDRSYEQYF	1	1	0.9835647344589233
KLGGALQAK	CATSDYGYTF	1	1	0.9499140977859497
KLGGALQAK	CSARDREGSIYNEQFF	1	1	0.9982560276985168
KLGGALQAK	CASSFLAGQRTDTEAFF	1	1	0.7992607355117798
KLGGALQAK	CASSSYRKEKLFF	1	1	0.9999285936355591
KLGGALQAK	CASSFEVRVDTEAFF	1	1	0.8669253587722778
KLGGALQAK	CASTWDSLYEQYF	1	1	0.6434188485145569
KLGGALQAK	CASSLPDPYEQYF	1	0	0.18883566558361053
KLGGALQAK	CATSRNRGDGYTF	1	1	0.9960720539093018
KLGGALQAK	CASRSGGGSYEQYF	1	1	0.9994871616363525
KLGGALQAK	CASSLGEPQHF	1	1	0.9997038245201111
KLGGALQAK	CASLGTPGLAGSSYEQYF	1	1	0.9812978506088257
KLGGALQAK	CAAHGGTRTLAKNIQYF	1	0	0.3309885859489441
KLGGALQAK	CASSLSLGQGAPNYGYTF	1	1	0.954138994216919
KLGGALQAK	CASRHSQGAPSWYQETQYF	1	1	0.9999939203262329
KLGGALQAK	CASSYVGNTGELFF	1	1	0.607510507106781
KLGGALQAK	CASSLLRVSGANVLTF	1	1	0.9997957348823547
KLGGALQAK	CASSFGGVEGMNTEAFF	1	1	0.9998382329940796
KLGGALQAK	CASSRSFAGGDTDTQYF	1	1	0.8975802063941956
KLGGALQAK	CASATWGDPNQPQHF	1	1	0.9999656677246094
KLGGALQAK	CASSATSNQPQHF	1	1	0.9309487342834473
KLGGALQAK	CASSSQGGYGYTF	1	1	0.9930523633956909
KLGGALQAK	CASSPGLTPAEQYF	1	0	0.24748316407203674
KLGGALQAK	CASSQDLGVDGYTF	1	1	0.7139711380004883
KLGGALQAK	CASSYSTSQGANYEQYF	1	1	0.9992541670799255
KLGGALQAK	CASSLTGTVDGYTF	1	1	0.9799972772598267
KLGGALQAK	CASSLSRSQPPNQPQHF	1	1	0.7281534075737
KLGGALQAK	CSARAYTGELFF	1	1	0.9417153000831604
KLGGALQAK	CASSFSGRVGEKLFF	1	1	0.997562050819397
KLGGALQAK	CASSLARIYTYNEQFF	1	1	0.9998136162757874
KLGGALQAK	CASSLAGYEQYF	1	1	0.7941015958786011
KLGGALQAK	CASSQGGDEQFF	1	1	0.9916050434112549
KLGGALQAK	CASSPGDPSTDTQYF	1	0	0.19883868098258972
KLGGALQAK	CASSPTANEKLFF	1	1	0.9992092251777649
KLGGALQAK	CASKKTPVGTEAFF	1	1	0.9950169920921326
KLGGALQAK	CASSWVPPGQGRTGELFF	1	1	0.9910271763801575
KLGGALQAK	CATSSMGYSNQPQHF	1	1	0.5937193036079407
KLGGALQAK	CASSQGTISYEQYF	1	1	0.5849424600601196
KLGGALQAK	CASSQDMRAGGPNEQFF	1	1	0.9721473455429077
KLGGALQAK	CASSEWTGNTEAFF	1	1	0.9994211196899414
KLGGALQAK	CSARHLANNEQFF	1	1	0.7877466082572937
KLGGALQAK	CASSGQGMGNSPLHF	1	1	0.9999996423721313
KLGGALQAK	CASSGLAGGPHEQFF	1	1	0.9979302883148193
KLGGALQAK	CASSPEGLDNFF	1	1	0.9839257001876831
KLGGALQAK	CASSLGDVQNTEAFF	1	1	0.9997791647911072
KLGGALQAK	CAISEGAPNTEAFF	1	1	0.9605925679206848
KLGGALQAK	CGWPGQTNTGELFF	1	1	0.9985888600349426
KLGGALQAK	CASSIETGTEITGELFF	1	1	0.8530693650245667
KLGGALQAK	CASVYLAGTMDTQYF	1	1	0.8127333521842957
KLGGALQAK	CASSLSNTPGEQFF	1	1	0.8855032920837402
KLGGALQAK	CASRLTRGAGETQYF	1	1	0.9999884366989136
KLGGALQAK	CASSFIGTRAGQYF	1	0	0.4356594979763031
KLGGALQAK	CASSLYGSRPQHF	1	1	0.9612948894500732
KLGGALQAK	CASRLPPSSGNTDTQYF	1	1	0.9999991655349731
KLGGALQAK	CASSLRQGEYNEQFF	1	1	0.9700413346290588
KLGGALQAK	CASSERLDLAGGRNEQFF	1	1	0.8755990862846375
KLGGALQAK	CASSLLSGSSYEQYF	1	0	0.34640324115753174
KLGGALQAK	CASSPPRTSGAYEQYF	1	1	0.8737297058105469
KLGGALQAK	CASSLGTGGTEAFF	1	1	0.9996196031570435
KLGGALQAK	CASSPSGLAGSNLGNEQFF	1	1	0.9970659613609314
KLGGALQAK	CASSFRGPNLYTEAFF	1	1	0.9390885829925537
KLGGALQAK	CASSPRPGPNQPQHF	1	1	0.8344141840934753
KLGGALQAK	CAASQNTEAFF	1	1	0.999972939491272
KLGGALQAK	CASSIDLSEGDTNQPQHF	1	1	0.9999830722808838
KLGGALQAK	CASSLILDSPLHF	1	1	0.9990339279174805
KLGGALQAK	CASSEAGGGYEQYF	1	1	0.940285325050354
KLGGALQAK	CASSQGGRSTDTQYF	1	1	0.9877919554710388
KLGGALQAK	CASSLEPTANQPQHF	1	0	0.39808163046836853
KLGGALQAK	CASSPDGLTENTEAFF	1	1	0.7573983669281006
KLGGALQAK	CASSYGTGDLSYNEQFF	1	1	0.5087575316429138
KLGGALQAK	CASSVVGDEQYF	1	1	0.9814173579216003
KLGGALQAK	CASSPQGDSASSGNTIYF	1	1	0.9998449087142944
KLGGALQAK	CASSEALSGGSETQYF	1	1	0.9929221868515015
KLGGALQAK	CASRDATGGFEQYF	1	1	0.7198458313941956
KLGGALQAK	CASSTYRQGYNEQFF	1	1	0.999850869178772
KLGGALQAK	CASSVGRTLDYGYTF	1	1	0.9934967756271362
KLGGALQAK	CATSELSGETQYF	1	1	0.8600571751594543
KLGGALQAK	CASSYRLGNEQFF	1	1	0.9971676468849182
KLGGALQAK	CASYWTGPPHGYTF	1	1	0.9998452663421631
KLGGALQAK	CASSIGRSPQHF	1	1	0.9999890327453613
KLGGALQAK	CASSPRTDQETQYF	1	1	0.8909974098205566
KLGGALQAK	CASSMRHFSYEQYF	1	0	0.0155928460881114
KLGGALQAK	CASSTMGDYYEQYF	1	1	0.9685168266296387
KLGGALQAK	CASSLTSGSISTQYF	1	0	0.123622827231884
KLGGALQAK	CASSLGEARPQETQYF	1	1	0.6594551801681519
KLGGALQAK	CASKVYGYTF	1	1	0.9987677335739136
KLGGALQAK	CASSVTSSRGGTDTQYF	1	1	0.9921728372573853
KLGGALQAK	CSGLLAGTDTQYF	1	1	0.9868484735488892
KLGGALQAK	CASSLIRDITYEQYF	1	0	0.061618365347385406
KLGGALQAK	CASSRDFVSNEQYF	1	0	0.41434645652770996
KLGGALQAK	CASRIQGRQPQHF	1	1	0.9991462230682373
KLGGALQAK	CASRQLAGFYEQYF	1	0	0.16817879676818848
KLGGALQAK	CASSGLRGTAEAFF	1	1	0.9996449947357178
KLGGALQAK	CATFTGNTEAFF	1	1	0.9999834299087524
KLGGALQAK	CASSQGGGVNEQFF	1	1	0.999995231628418
KLGGALQAK	CASSEGGGYEQYF	1	0	0.44949978590011597
KLGGALQAK	CASTHRGPLKRRPLHF	1	1	0.991019070148468
KLGGALQAK	CASRSTGYLEQYF	1	1	0.994316041469574
KLGGALQAK	CAINKESDSYEQYF	1	1	0.9894866943359375
KLGGALQAK	CASSYGGEQPQHF	1	1	0.9760411381721497
KLGGALQAK	CASSLGGEQYF	1	1	0.5430384278297424
KLGGALQAK	CASSPSDPGELFF	1	1	0.999752938747406
KLGGALQAK	CASKKLAGDSYEQYF	1	1	0.9999895095825195
KLGGALQAK	CATSRVKTSGGYEQYF	1	1	0.8734868764877319
KLGGALQAK	CASRTLRGHVSEAFF	1	1	0.9999998807907104
KLGGALQAK	CASSQWDNQPQHF	1	1	0.982943058013916
KLGGALQAK	CASSFGAGAKAGELFF	1	1	0.9960861206054688
KLGGALQAK	CSAPPPYNEQFF	1	1	0.9862966537475586
KLGGALQAK	CASSAHTSGGKNIQYF	1	1	0.9910039901733398
KLGGALQAK	CASSQVGDEQFF	1	1	0.8991791009902954
KLGGALQAK	CASSPSGLAGSNLGNEQFF	1	1	0.9970659613609314
KLGGALQAK	CASSTMGQGISPLHF	1	1	0.9968951940536499
KLGGALQAK	CASSYSERDTEKLFF	1	1	0.9705107808113098
KLGGALQAK	CASEGVHEQFF	1	1	0.6211877465248108
KLGGALQAK	CASSLFGSGGAGETQYF	1	1	0.898654580116272
KLGGALQAK	CASSIAGNNEQFF	1	1	0.9925487041473389
KLGGALQAK	CASSLRGSAGNTIYF	1	1	0.9999991655349731
KLGGALQAK	CASSPTSGSRETQYF	1	1	0.9965640902519226
KLGGALQAK	CASSPRDEQFF	1	1	0.9973753690719604
KLGGALQAK	CASSPRTSGNTYEQYF	1	1	0.8704862594604492
KLGGALQAK	CASSPGTGGFLSSYEQYF	1	0	0.03703000769019127
KLGGALQAK	CASSWLGQGALEAFF	1	1	0.9999991655349731
KLGGALQAK	CASSVGADEYYEQYF	1	1	0.5353977084159851
KLGGALQAK	CASSQTTPLTYNYEQYF	1	0	0.12040125578641891
KLGGALQAK	CASSADAGTSSEQFF	1	1	0.9999111890792847
KLGGALQAK	CASSFPVTAITGNTEAFF	1	1	0.9205301403999329
KLGGALQAK	CASSRDTVNTEAFF	1	1	0.9998642206192017
KLGGALQAK	CASSQASNQPQHF	1	1	0.9879947304725647
KLGGALQAK	CASSHQAGALYNEQFF	1	1	0.9672707319259644
KLGGALQAK	CSAIPLGEPYEQYF	1	1	0.9764684438705444
KLGGALQAK	CASRAGGWTLPSNYGYTF	1	1	0.9821027517318726
KLGGALQAK	CASRRSLQGARGGYTF	1	1	0.9994638562202454
KLGGALQAK	CASSDATSGTYLYNEQFF	1	1	0.9978262782096863
KLGGALQAK	CASSSETGWGTEAFF	1	1	0.9991199374198914
KLGGALQAK	CSARTATGGQSGYTF	1	1	0.998572587966919
KLGGALQAK	CSAPDRYLRTEAFF	1	1	0.9990289211273193
KLGGALQAK	CASSIATGLNQPQHF	1	1	0.5424966812133789
KLGGALQAK	CASTPGQGASTEAFF	1	1	0.9969218373298645
KLGGALQAK	CATGTGGGYGYTF	1	1	0.9999405145645142
KLGGALQAK	CASSPLTGESMSEKLFF	1	1	0.9954785704612732
KLGGALQAK	CASSLSRANSPLHF	1	1	0.9266209602355957
KLGGALQAK	CASSHEWGSNTGELFF	1	1	0.5509538054466248
KLGGALQAK	CASSQGFGANVLTF	1	1	0.9980676770210266
KLGGALQAK	CASPGDLNTEAFF	1	1	0.9999971389770508
KLGGALQAK	CASSLTGDHTDTQYF	1	1	0.8962193727493286
KLGGALQAK	CASSLMVNEQYF	1	1	0.7453581690788269
KLGGALQAK	CASSQVVTDNEQFF	1	1	0.9840838313102722
KLGGALQAK	CASSLGQGPYEQYF	1	1	0.8577544689178467
KLGGALQAK	CASSVASGQLYGYTF	1	1	0.9999755620956421
KLGGALQAK	CASSPLPGGVNEQFF	1	1	0.9639562964439392
KLGGALQAK	CASSALTGPNTEAFF	1	1	0.9346609115600586
KLGGALQAK	CASSPQNSYNEQFF	1	1	0.9989307522773743
KLGGALQAK	CASSFISQGAYGYTF	1	1	0.9998871088027954
KLGGALQAK	CATFAASKEQFF	1	1	0.9952801465988159
KLGGALQAK	CASSFPGQGNTQYF	1	1	0.7247628569602966
KLGGALQAK	CATSETVAGGTGELFF	1	1	0.995381236076355
KLGGALQAK	CASTPGGYEQYF	1	1	0.5846481919288635
KLGGALQAK	CASFDRTQGFSGANVLTF	1	1	0.9988133907318115
KLGGALQAK	CASSLAGTGSDTQYF	1	1	0.9975045323371887
KLGGALQAK	CASSQVGRGRGAFF	1	1	0.9995434880256653
KLGGALQAK	CAIDETGHGYTF	1	1	0.9663827419281006
KLGGALQAK	CASTFAHAGDSNEQFF	1	1	0.7761818170547485
KLGGALQAK	CASSLIANQETQYF	1	1	0.9987396597862244
KLGGALQAK	CASSSGTSGSADTQYF	1	1	0.9040720462799072
KLGGALQAK	CSARAGSTYEQYF	1	1	0.932898998260498
KLGGALQAK	CASGGGQGGNNEQFF	1	1	0.999933123588562
KLGGALQAK	CSASGTGSYEQYF	1	1	0.9840203523635864
KLGGALQAK	CASSLSGGLLRTGELFF	1	1	0.9801320433616638
KLGGALQAK	CASSPTSAPGLFSGNTIYF	1	1	0.9724645018577576
KLGGALQAK	CASSLTSGGQGEQFF	1	1	0.9902628660202026
KLGGALQAK	CASSSSDPPGNQPQHF	1	1	0.9805617928504944
KLGGALQAK	CASSDRGTGELFF	1	1	0.999991774559021
KLGGALQAK	CASSLTNPRQGAYNEQFF	1	1	0.9388720989227295
KLGGALQAK	CASSLDQGAQDNEQFF	1	0	0.2908904552459717
KLGGALQAK	CASSFGLDHGTGELFF	1	1	0.8975926041603088
KLGGALQAK	CASSQRRTGPSSTDTQYF	1	1	0.9370763301849365
KLGGALQAK	CASSRGGGSYNEQFF	1	1	0.9999366998672485
KLGGALQAK	CASITRLAGELFF	1	1	0.9999995231628418
KLGGALQAK	CASSLINTGELFF	1	1	0.9428238272666931
KLGGALQAK	CASSAGSFRHPYSNQPQHF	1	0	0.0006667029811069369
KLGGALQAK	CASSVDRGAYNEQFF	1	1	0.9994382262229919
KLGGALQAK	CASSPSGLAGSNLGNEQFF	1	1	0.9970659613609314
KLGGALQAK	CAWSVTPGYNEQFF	1	1	0.999032735824585
KLGGALQAK	CASSPYPRTGGTDTQYF	1	1	0.9883086681365967
KLGGALQAK	CASSAGTSGGASYNEQFF	1	1	0.9990524649620056
KLGGALQAK	CASSVVSGGHQPQHF	1	1	0.9998831748962402
KLGGALQAK	CASSWREGTDTQYF	1	1	0.9972987771034241
KLGGALQAK	CASSGRVTGGFYNEQFF	1	1	0.9958106279373169
KLGGALQAK	CASSEKEGTTNTGELFF	1	1	0.9785635471343994
KLGGALQAK	CASILRAESSYNEQFF	1	0	0.14753036201000214
KLGGALQAK	CSARDQSRATDTQYF	1	1	0.9953645467758179
KLGGALQAK	CASSSYSRYEQYF	1	1	0.9425069689750671
KLGGALQAK	CASSAGVGTGELFF	1	1	0.9949843883514404
KLGGALQAK	CSARIAGAKNIQYF	1	1	0.9999375343322754
KLGGALQAK	CASSEDGMNTEAFF	1	1	0.9998929500579834
KLGGALQAK	CASSYSSRLQYF	1	1	0.9999958276748657
KLGGALQAK	CASTGGPEGNQPQHF	1	1	0.6201952695846558
KLGGALQAK	CATSDDSEKLFF	1	1	0.9999673366546631
KLGGALQAK	CAWSVRGVNPYNEQFF	1	1	0.9515321254730225
KLGGALQAK	CASSERTSGGYTDTQYF	1	1	0.9998973608016968
KLGGALQAK	CSALGAVGAGIHYEQYF	1	1	0.9965026378631592
KLGGALQAK	CASTGSAGGSYGYTF	1	1	0.9990662932395935
KLGGALQAK	CASSETGTSGDEQYF	1	1	0.707312285900116
KLGGALQAK	CSVEQRDTGELFF	1	1	0.9689992666244507
KLGGALQAK	CASSENEQFF	1	1	0.9980539083480835
KLGGALQAK	CSVEDPDRDGYTF	1	1	0.5250300765037537
KLGGALQAK	CATSPTRSTTDTQYF	1	1	0.9775286316871643
KLGGALQAK	CASSLVGYEQYF	1	1	0.94149249792099
KLGGALQAK	CASSVGGGGSTDTQYF	1	1	0.9937639832496643
KLGGALQAK	CASSFAQRGHRETQYF	1	0	0.3958019018173218
KLGGALQAK	CASSIVQGSNQPQHF	1	1	0.9799210429191589
KLGGALQAK	CASSSPRSSRDTDTQYF	1	0	0.05077627673745155
KLGGALQAK	CASFGGTGELFF	1	1	0.9193735718727112
KLGGALQAK	CASSFDHRGRDEQFF	1	1	0.9749891757965088
KLGGALQAK	CSANDRGRGYNSPLHF	1	1	0.9998075366020203
KLGGALQAK	CASSLGQGDGGYTF	1	1	0.8138969540596008
KLGGALQAK	CASSLLGTEAFF	1	1	0.9996064305305481
KLGGALQAK	CAIRDNNEQFF	1	1	0.9991018772125244
KLGGALQAK	CASSLLGGSYEQYF	1	1	0.9817177057266235
KLGGALQAK	CASSDRAGVVTDTQYF	1	1	0.9998223185539246
KLGGALQAK	CASSQEASGGKETQYF	1	1	0.7267691493034363
KLGGALQAK	CASSLGGEGYEQYF	1	1	0.7096437811851501
KLGGALQAK	CASSLSGYEQYF	1	1	0.9006500840187073
KLGGALQAK	CASSPKAGGPGEQFF	1	1	0.9999324083328247
KLGGALQAK	CAISEEVSGGVGANEQFF	1	1	0.9999828338623047
KLGGALQAK	CASSLAAGGSYGYTF	1	1	0.6994448304176331
KLGGALQAK	CASSRYRDPPDHEQYF	1	1	0.7256022095680237
KLGGALQAK	CASSVGQGNQPQHF	1	1	0.9900070428848267
KLGGALQAK	CASSFWGLAGGYNEQFF	1	1	0.7082595229148865
KLGGALQAK	CASSYSRGISPYGYTF	1	1	0.9983515739440918
KLGGALQAK	CASTVFQGSTNEQFF	1	1	0.997783362865448
KLGGALQAK	CASSVQEEYGYTF	1	1	0.9800864458084106
KLGGALQAK	CASSLFTGTNEQFF	1	1	0.9854282736778259
KLGGALQAK	CASSQEFVGAVLDTQYF	1	0	0.35116928815841675
KLGGALQAK	CASSQDSSETQYF	1	1	0.9900087118148804
KLGGALQAK	CASSLGTGGQFF	1	1	0.9945220947265625
KLGGALQAK	CASSQDHGLHPEAFF	1	1	0.9990718364715576
KLGGALQAK	CASSLLAGGKETQYF	1	1	0.9993258714675903
KLGGALQAK	CASGFPIYRDKSTDTQYF	1	1	0.909696102142334
KLGGALQAK	CASSPGASYEQYF	1	1	0.8690432906150818
KLGGALQAK	CASSLDRVSYNEQFF	1	1	0.6250256299972534
KLGGALQAK	CATSSEDSSNQPQHF	1	1	0.9993246793746948
KLGGALQAK	CASRPWTGANEKLFF	1	1	0.980211079120636
KLGGALQAK	CASSLSPLDNPSYEQYF	1	0	0.0008497827220708132
KLGGALQAK	CASSQTAGTGELFF	1	1	0.9979026317596436
KLGGALQAK	CASTLSTDRGFTGELFF	1	1	0.9997792840003967
KLGGALQAK	CSASAGLVGYEQYF	1	1	0.7852615118026733
KLGGALQAK	CASARGWGPAGGELFF	1	0	0.028916653245687485
KLGGALQAK	CASSWGDYNEQFF	1	0	0.11634021997451782
KLGGALQAK	CATSFAPGQGEHGYTF	1	1	0.9997257590293884
KLGGALQAK	CASSANRGPDTEAFF	1	1	0.9998432397842407
KLGGALQAK	CASSDGTSGRAGGELFF	1	1	0.9984295964241028
KLGGALQAK	CSVEGSGGTQYF	1	1	0.9260453581809998
KLGGALQAK	CASGGKVFPPYEQYF	1	1	0.8033119440078735
KLGGALQAK	CASRELGQETQYF	1	1	0.9978981018066406
KLGGALQAK	CASSQVVDWISNTGELFF	1	1	0.9513140916824341
KLGGALQAK	CAWSVQQGDQPQHF	1	1	0.9936214089393616
KLGGALQAK	CASRGGTGLYGYTF	1	1	0.9980061650276184
KLGGALQAK	CASSLSVSSYNEQFF	1	1	0.9868948459625244
KLGGALQAK	CASTPGSEPLHF	1	1	0.9996342658996582
KLGGALQAK	CARQTTGTTVGYTF	1	0	0.33845195174217224
KLGGALQAK	CASSQVRQGLNQPQHF	1	1	0.9980327486991882
KLGGALQAK	CSVEDGYEQYF	1	0	0.017154570668935776
KLGGALQAK	CASSIGDGILLTDTQYF	1	0	0.06452333927154541
KLGGALQAK	CASSISSTGELFF	1	0	0.12007999420166016
KLGGALQAK	CSLSGGQHNEQFF	1	1	0.9004191160202026
KLGGALQAK	CASSLLGGRGNTGELFF	1	1	0.9957192540168762
KLGGALQAK	CASSLDAETQYF	1	1	0.9930436611175537
KLGGALQAK	CATSEVGSETQYF	1	1	0.9941768646240234
KLGGALQAK	CASSPRSSGGRYNEQFF	1	1	0.9907060265541077
KLGGALQAK	CASSQEAREVVYEQYF	1	1	0.8127730488777161
KLGGALQAK	CASSSRLYNEQFF	1	1	0.9702595472335815
KLGGALQAK	CASSVTEMGGTEAFF	1	1	1.0
KLGGALQAK	CASSLALSTEYSSF	1	1	0.8531495332717896
KLGGALQAK	CAWSVGVSGANVLTF	1	1	0.9999845027923584
KLGGALQAK	CASSLDNQPQHF	1	1	0.9639626145362854
KLGGALQAK	CASSSTRGWADTQYF	1	1	1.0
KLGGALQAK	CASSSAHYGYTF	1	1	0.9777601361274719
KLGGALQAK	CSARGKGAISHHTEAFF	1	1	0.9975964426994324
KLGGALQAK	CASSQGSRPEQYF	1	1	0.7028781175613403
KLGGALQAK	CASSPPDDEQYF	1	1	0.9513569474220276
KLGGALQAK	CASSGREAFF	1	1	0.9828128218650818
KLGGALQAK	CASSHHSGGIYNEQFF	1	0	0.31267786026000977
KLGGALQAK	CASTTYNEQFF	1	1	0.9904234409332275
KLGGALQAK	CAWDSYNQPQHF	1	1	0.9823355078697205
KLGGALQAK	CASSVSQGYEQFF	1	1	0.5855603218078613
KLGGALQAK	CASNWFRDNTGELFF	1	1	0.7903842926025391
KLGGALQAK	CASSQVGTGVHEQFF	1	1	0.9310650825500488
KLGGALQAK	CASALGAVDTQYF	1	1	0.8267342448234558
KLGGALQAK	CATSDQHGSSEQFF	1	1	0.9999322891235352
KLGGALQAK	CASSLYSPAHTEAFF	1	1	0.9941774606704712
KLGGALQAK	CASSPTLYNEQFF	1	1	0.941402792930603
KLGGALQAK	CASSYSQGGSYGYTF	1	1	0.9981688261032104
KLGGALQAK	CASSQDHPGGYEQYF	1	0	0.3938714563846588
KLGGALQAK	CASSVAGLAGATSTDTQYF	1	1	0.973906934261322
KLGGALQAK	CASSEWALPNEQFF	1	1	0.5023987293243408
KLGGALQAK	CSARDLVGLAGDTDTQYF	1	1	0.9999721050262451
KLGGALQAK	CASSQNYEQYF	1	1	0.9529561400413513
KLGGALQAK	CASSYPLGTQYF	1	1	0.973922610282898
KLGGALQAK	CSASSTHSNQPQHF	1	0	0.2373339980840683
KLGGALQAK	CSAEVPGANTGELFF	1	0	0.4630199670791626
KLGGALQAK	CASSLGEDSSLKREPLHF	1	1	0.9725296497344971
KLGGALQAK	CATSREGAGTEAFF	1	1	0.7585145831108093
KLGGALQAK	CASSMGPTGYGYTF	1	0	0.39568030834198
KLGGALQAK	CASSLGRSTGELFF	1	1	0.9951723217964172
KLGGALQAK	CSVDQGSGELFF	1	1	0.9982098340988159
KLGGALQAK	CATSAQTGQGENTEAFF	1	1	0.9584579467773438
KLGGALQAK	CASSPPLAGGYEQYF	1	1	0.9031813144683838
KLGGALQAK	CASSTGSYEQYF	1	1	0.9792520403862
KLGGALQAK	CASSPSGRGGNEQFF	1	1	0.9275758266448975
KLGGALQAK	CATSDSSGSNEQFF	1	1	0.9999181032180786
KLGGALQAK	CASSPVGWGNTIYF	1	1	0.9997441172599792
KLGGALQAK	CASSLASTGLTQETQYF	1	1	0.8743731379508972
KLGGALQAK	CASSLGVGRGFTEAFF	1	1	0.9996747970581055
KLGGALQAK	CASSLRGGQSYEQYF	1	1	0.9859954714775085
KLGGALQAK	CASSLDLTETQYF	1	1	0.8833414316177368
KLGGALQAK	CASRGLGSGGYEQYF	1	1	0.9824417233467102
KLGGALQAK	CASSPRGSYWDEQYF	1	1	0.5749390721321106
KLGGALQAK	CASSLSRRRSRDDNEQFF	1	1	0.9634664058685303
KLGGALQAK	CASSLLPGNTGELFF	1	1	0.9992940425872803
KLGGALQAK	CASLDRVGGYTF	1	1	1.0
KLGGALQAK	CASSYSGTENGYTF	1	1	0.999997615814209
KLGGALQAK	CASIGSGYNEQFF	1	1	0.9999970197677612
KLGGALQAK	CASSLFPGQDRGRDQPQHF	1	1	0.9614216685295105
KLGGALQAK	CSARDPQRTTSTDTQYF	1	1	0.9927049279212952
KLGGALQAK	CSARFSANGEQYF	1	1	0.8466991782188416
KLGGALQAK	CASSRSTGGSGNTIYF	1	0	0.035649556666612625
KLGGALQAK	CASSLPGWEQYF	1	0	0.3708181381225586
KLGGALQAK	CASSPRQRSGNTIYF	1	1	0.9998030066490173
KLGGALQAK	CAWSAASGGAQDTQYF	1	1	0.9962211847305298
KLGGALQAK	CASSLGTTQETQYF	1	1	0.9847449660301208
KLGGALQAK	CASRVKETQYF	1	1	0.9998871088027954
KLGGALQAK	CASRQTSGTYNEQFF	1	1	0.9965272545814514
KLGGALQAK	CASSQERGGPDTQYF	1	1	0.9425391554832458
KLGGALQAK	CATSRGPLASLVDSYNEQFF	1	1	0.9996778964996338
KLGGALQAK	CASSTSTGQGWHYGYTF	1	1	1.0
KLGGALQAK	CASSLVSPSEQFF	1	0	0.1805395781993866
KLGGALQAK	CSARGTDFANTGELFF	1	0	0.1822015941143036
KLGGALQAK	CASSIGTGRTHNEQFF	1	1	0.5819332003593445
KLGGALQAK	CAWGIPRQDNNEKLFF	1	0	0.41501671075820923
KLGGALQAK	CASSPPGTPPNYGYTF	1	1	0.999923825263977
KLGGALQAK	CASSLLAVDNEQFF	1	1	0.9942423701286316
KLGGALQAK	CASSLESGFLSGYTF	1	1	0.9994441866874695
KLGGALQAK	CASSLENTGELFF	1	1	0.965395450592041
KLGGALQAK	CASSMNPQGGSSPLHF	1	1	0.9999876022338867
KLGGALQAK	CASSDRFWEQYF	1	1	0.9962632060050964
KLGGALQAK	CASSEAFSGNTIYF	1	1	0.99907386302948
KLGGALQAK	CASSQAGTGFYGYTF	1	1	0.9936659932136536
KLGGALQAK	CATSDFGVNTGELFF	1	1	0.9971139430999756
KLGGALQAK	CASSLGRGAYEQYF	1	1	0.850027859210968
KLGGALQAK	CASSQGWGTQPQHF	1	1	0.9951454997062683
KLGGALQAK	CASSPTRGLEIEKLFF	1	1	0.9999089241027832
KLGGALQAK	CASTRGQRNGAFF	1	1	0.999985933303833
KLGGALQAK	CASSLGPAGAHNEQFF	1	1	0.9799054265022278
KLGGALQAK	CAIRWTLNNEQFF	1	1	0.9881048202514648
KLGGALQAK	CASSQSGGRYEQYF	1	0	0.3755483329296112
KLGGALQAK	CASHISTGELFF	1	1	0.9999537467956543
KLGGALQAK	CASSSQSTGTAGVYEQYF	1	0	0.024365995079278946
KLGGALQAK	CASQAGVFTDTQYF	1	1	0.9769432544708252
KLGGALQAK	CSAWAQGSGYEQYF	1	1	0.9836257100105286
KLGGALQAK	CASSQDYNEQFF	1	1	0.9911214113235474
KLGGALQAK	CASSEEGGLSNEKLFF	1	1	0.9876249432563782
KLGGALQAK	CASRTTTGTGSSGNTIYF	1	1	0.9624263048171997
KLGGALQAK	CASSLWTGYNEQFF	1	1	0.7002707719802856
KLGGALQAK	CASSPPRLGAFF	1	1	0.9978004097938538
KLGGALQAK	CASSQDAGITYEQYF	1	0	0.06473245471715927
KLGGALQAK	CASSPPHPTGPTDTQYF	1	1	0.778995156288147
KLGGALQAK	CSVELSHSYEQYF	1	0	0.1333165317773819
KLGGALQAK	CAINKGTGNTGELFF	1	1	0.6497806906700134
KLGGALQAK	CASSIGGGLYEQYF	1	1	0.9312103986740112
KLGGALQAK	CASSRQNTGELFF	1	1	0.9002139568328857
KLGGALQAK	CASSVAGGGQETQYF	1	1	0.996866762638092
KLGGALQAK	CASSIGATEAFF	1	1	0.9962558746337891
KLGGALQAK	CASSVSQKLFF	1	1	0.9146490097045898
KLGGALQAK	CASSNRGYDEQYF	1	1	0.9922997951507568
KLGGALQAK	CASSYDSRETQYF	1	1	0.9835774898529053
KLGGALQAK	CATSGDTQYF	1	1	0.9942382574081421
KLGGALQAK	CASSLDGATNEKLFF	1	1	0.9534898400306702
KLGGALQAK	CASNSLDREDGNTIYF	1	1	0.9997090697288513
KLGGALQAK	CASSLGFNEQYF	1	1	0.850031852722168
KLGGALQAK	CASSLGPADTQYF	1	1	0.9687784314155579
KLGGALQAK	CSARDLEVLSYEQYF	1	1	0.9993160963058472
KLGGALQAK	CASSPGPNQPQHF	1	1	0.8181271553039551
KLGGALQAK	CASSYRRTSGRAYHEQFF	1	1	0.9999995231628418
KLGGALQAK	CASSLLYSDSPLHF	1	1	0.9466086030006409
KLGGALQAK	CASTSVNTGELFF	1	0	0.29600656032562256
KLGGALQAK	CASSDPSGPGGGSPLHF	1	1	0.9767009615898132
KLGGALQAK	CASSTYRGQPQHF	1	1	0.9998791217803955
KLGGALQAK	CSAYRVMSHEQYF	1	1	0.9999110698699951
KLGGALQAK	CASSEVGVFEAFF	1	1	0.9972535967826843
KLGGALQAK	CASSITDRVHAGANVLTF	1	1	0.9958128333091736
KLGGALQAK	CASSLTGESYEQYF	1	1	0.8695622682571411
KLGGALQAK	CASSAYNEQFF	1	1	0.9066416025161743
KLGGALQAK	CASSQDSHSTSTDTQYF	1	1	0.8546203374862671
KLGGALQAK	CASSPERGEETQYF	1	1	0.9997723698616028
KLGGALQAK	CASSEYGGYTF	1	1	0.9987534284591675
KLGGALQAK	CSARVGDTGELFF	1	0	0.07745552062988281
KLGGALQAK	CASSIALSTFQPQHF	1	1	0.9927499294281006
KLGGALQAK	CASSLASGSNQPQHF	1	1	0.988444447517395
KLGGALQAK	CASGPLVGGGLGAYTF	1	0	0.37124142050743103
KLGGALQAK	CASSPSSGESTDTQYF	1	1	0.9875115156173706
KLGGALQAK	CASSQGETQYF	1	1	0.99732506275177
KLGGALQAK	CASSPWTGARGYTF	1	1	0.9989567995071411
KLGGALQAK	CASSPSYNEQFF	1	1	0.9979972243309021
KLGGALQAK	CASSSSGYNEQFF	1	1	0.9989907145500183
KLGGALQAK	CASSQGWDEQFF	1	1	0.9998785257339478
KLGGALQAK	CASSLGETGGIQFF	1	1	0.804129958152771
KLGGALQAK	CASSQDMGWGTDTQYF	1	1	0.9999493360519409
KLGGALQAK	CASSLGSGGGETQYF	1	1	0.9946974515914917
KLGGALQAK	CASGLVPGGGSDGYTF	1	1	0.9994730353355408
KLGGALQAK	CASSFRPPDTDRTNTGELFF	1	1	0.9925243258476257
KLGGALQAK	CASSGRARLARTDTQYF	1	1	0.9999241828918457
KLGGALQAK	CAISESVNTEAFF	1	1	0.999739944934845
KLGGALQAK	CASSLEAVSIHGYTF	1	1	0.9999923706054688
KLGGALQAK	CSARGQGTSGVDYGYTF	1	1	0.9999983310699463
KLGGALQAK	CSASVPAGQQNSSPLHF	1	1	0.7716875672340393
KLGGALQAK	CASSELPAGGTNEQFF	1	0	0.02030397392809391
KLGGALQAK	CSARTGGDGYTF	1	1	0.999267041683197
KLGGALQAK	CASSYSVRDYEQYF	1	0	0.35181280970573425
KLGGALQAK	CSAPLGEGGYTF	1	1	0.9976739287376404
KLGGALQAK	CASSLTGGGYEQYF	1	1	0.9599835276603699
KLGGALQAK	CASNLGGGSTDTQYF	1	1	0.9014841914176941
KLGGALQAK	CSVEAEGTATNEKLFF	1	0	0.06508839130401611
KLGGALQAK	CASSFAGLNYGYTF	1	1	0.7656720280647278
KLGGALQAK	CASSLELAGVDTQYF	1	0	0.4274231195449829
KLGGALQAK	CACSIDPRGQPQHF	1	1	0.9991596937179565
KLGGALQAK	CASSLGTGYEQYF	1	1	0.9410003423690796
KLGGALQAK	CASSIARTGEAVNEQFF	1	1	0.9999973773956299
KLGGALQAK	CASSQDPPDTQYF	1	1	0.5931829214096069
KLGGALQAK	CASGFGHSNSPLHF	1	1	0.9211699366569519
KLGGALQAK	CATSEIQGFSTDTQYF	1	1	0.8746923208236694
KLGGALQAK	CASSRVGSPLHF	1	1	0.9999231100082397
KLGGALQAK	CASSQERDRVYEQYF	1	0	0.0015508285723626614
KLGGALQAK	CASSGTGVTGELFF	1	1	0.9727337956428528
KLGGALQAK	CASSEFGTFQETQYF	1	1	0.9815566539764404
KLGGALQAK	CATTFRGYEQYF	1	0	0.3114977180957794
KLGGALQAK	CASSPYPSRGSNEQFF	1	1	0.997107207775116
KLGGALQAK	CASSLGSGQYQETQYF	1	1	0.999944806098938
KLGGALQAK	CASSYRGGYEQYF	1	1	0.7338531613349915
KLGGALQAK	CSVVRGSYNEQFF	1	1	0.9172982573509216
KLGGALQAK	CASSWTQETQYF	1	1	0.9830658435821533
KLGGALQAK	CASSLSGGRTKNIQYF	1	1	0.9651583433151245
KLGGALQAK	CASSLSGGGHTDTQYF	1	1	0.9876605272293091
KLGGALQAK	CASSPGVGTEAFF	1	1	0.9981474876403809
KLGGALQAK	CASSLFPGQGSDDEQFF	1	1	0.6185039281845093
KLGGALQAK	CASSQDSGPQYEQYF	1	0	0.1723726987838745
KLGGALQAK	CASSDQLLEEWSSYNEQFF	1	1	0.9123196005821228
KLGGALQAK	CASSLGANTGELFF	1	1	0.9896007180213928
KLGGALQAK	CASSLGGTSTAETQYF	1	1	0.993990421295166
KLGGALQAK	CASSAFVETQYF	1	1	0.9047161936759949
KLGGALQAK	CASSLGGPPTYEQYF	1	0	0.011568139307200909
KLGGALQAK	CASSFLGQGDSPLHF	1	1	0.8484217524528503
KLGGALQAK	CASSLGTSGRAGETQYF	1	1	0.9988829493522644
KLGGALQAK	CASSEALAGSTDTQYF	1	1	0.9825367331504822
KLGGALQAK	CASSYDRGFYNEQFF	1	1	0.9997205138206482
KLGGALQAK	CASSPGTDTQYF	1	1	0.9964588284492493
KLGGALQAK	CASSPGGGASYEQYF	1	0	0.2761450409889221
KLGGALQAK	CASSQWTGSNYGYTF	1	1	0.9952892065048218
KLGGALQAK	CASSGELRGAEKLFF	1	1	0.9999704360961914
KLGGALQAK	CASSQDPGPDTQYF	1	1	0.8991341590881348
KLGGALQAK	CASGFFNQPQHF	1	1	0.9918946623802185
KLGGALQAK	CASSLTRTALNTEAFF	1	1	0.9908662438392639
KLGGALQAK	CAISSDSGDEQFF	1	0	0.24287955462932587
KLGGALQAK	CASKGLAGYNEQFF	1	1	0.9987691044807434
KLGGALQAK	CASSSGTGGQYEQYF	1	1	0.7716905474662781
KLGGALQAK	CASLTRFGLYSNQPQHF	1	1	0.9995902180671692
KLGGALQAK	CASSLNEQEGQPQHF	1	1	0.8431169986724854
KLGGALQAK	CAWSVPLGRREKLFF	1	1	0.9999954700469971
KLGGALQAK	CASRGLALYNEQFF	1	1	0.8378679156303406
KLGGALQAK	CATSREWPGELFF	1	1	0.9758322238922119
KLGGALQAK	CASSLGDRGRGYGYTF	1	1	0.9742667078971863
KLGGALQAK	CASSVLANTGELFF	1	1	0.9994887113571167
KLGGALQAK	CASTFIFVRGADSSYEQYF	1	0	0.18387283384799957
KLGGALQAK	CSARLRDKDYEQYF	1	1	0.803399920463562
KLGGALQAK	CASSLPLGYEQYF	1	1	0.9148842096328735
KLGGALQAK	CASIAYSNQPQHF	1	1	0.9967319965362549
KLGGALQAK	CAWKPTGLGYGYTF	1	1	0.9999275207519531
KLGGALQAK	CASSLYSGSFYEQYF	1	0	0.3445039391517639
KLGGALQAK	CSARSLAVSTDTQYF	1	1	0.9998099207878113
KLGGALQAK	CASSLAQYYQPQHF	1	1	0.9991757273674011
KLGGALQAK	CASSSGRAGITDTQYF	1	0	0.394661009311676
KLGGALQAK	CASSLRDSSSYEQYF	1	0	0.050120431929826736
KLGGALQAK	CASSPVGPNTQYF	1	1	0.9983277916908264
KLGGALQAK	CASSFLSAGGGTDTQYF	1	1	0.9860475063323975
KLGGALQAK	CASSGPGTLNLDTF	1	1	0.9974706172943115
KLGGALQAK	CASSFGGGLQETQYF	1	1	0.9338634610176086
KLGGALQAK	CASSDGGSSGNTIYF	1	1	0.9999852180480957
KLGGALQAK	CASTQGYNEQFF	1	1	0.8663476705551147
KLGGALQAK	CASSLVPTADVLTF	1	1	0.9997979998588562
KLGGALQAK	CASSLLPEGTGRVSGYTF	1	1	0.9977879524230957
KLGGALQAK	CSVEIGWGQGDNGDYGYTF	1	1	0.9999128580093384
KLGGALQAK	CASSIYGTSGSNEQFF	1	1	0.999981164932251
KLGGALQAK	CASRESLLAGGPDTQYF	1	1	0.8567959666252136
KLGGALQAK	CASKHSGTGVLARELFF	1	1	0.8669257760047913
KLGGALQAK	CASSLSYNSPLHF	1	1	0.9963985681533813
KLGGALQAK	CAWSWTDYEQYF	1	1	0.9681706428527832
KLGGALQAK	CASSLGRYNEQFF	1	1	0.5736510157585144
KLGGALQAK	CASSYGTLPSEQFF	1	1	0.8938959836959839
KLGGALQAK	CASAGERSEQFF	1	1	0.9855151176452637
KLGGALQAK	CASRMGHTDTQYF	1	1	0.9999771118164062
KLGGALQAK	CASSDSLGDRGSYEQYF	1	1	0.9874756932258606
KLGGALQAK	CASSVGGGVTDTQYF	1	1	0.8141019344329834
KLGGALQAK	CASSPGREQYF	1	1	0.9762732982635498
KLGGALQAK	CAISEFRDDQETQYF	1	1	0.9995521903038025
KLGGALQAK	CASSLLGSNQETQYF	1	1	0.9996219873428345
KLGGALQAK	CASSQDRIRQARTGELFF	1	1	0.9376271367073059
KLGGALQAK	CASSWTGMNTEAFF	1	1	0.9997239708900452
KLGGALQAK	CASSLSWGSSYNEQFF	1	0	0.44161567091941833
KLGGALQAK	CASSYRVGRSSYEQYF	1	1	0.997377872467041
KLGGALQAK	CASSQGGQGAPYEQYF	1	1	0.6209027767181396
KLGGALQAK	CASSPHAGGVDEKLFF	1	1	0.9953439831733704
KLGGALQAK	CASSLKVRDEQFF	1	1	0.9997820258140564
KLGGALQAK	CASWGPGTEGAYEQYF	1	1	0.9864990711212158
KLGGALQAK	CASSQELAGGGNEQFF	1	1	0.9975785613059998
KLGGALQAK	CASSLVGLGTEAFF	1	1	0.9999759197235107
KLGGALQAK	CAVPGGSPYEQYF	1	0	0.07164446264505386
KLGGALQAK	CASSEALSGGAPAETQYF	1	1	0.9999860525131226
KLGGALQAK	CASSLPTRQNLASYEYGYTF	1	1	0.9996116757392883
KLGGALQAK	CASSPDGTGSGNTIYF	1	1	0.9997028708457947
KLGGALQAK	CASSLGTSGSTDTQYF	1	1	0.9954604506492615
KLGGALQAK	CASSYFPYDLYEQYF	1	0	0.012989837676286697
KLGGALQAK	CASRSLSGEQFF	1	1	0.9992903470993042
KLGGALQAK	CASSLALTFSGEGSPLHF	1	1	0.8890938758850098
KLGGALQAK	CASRDTSGGPDTQYF	1	1	0.9164252877235413
KLGGALQAK	CASSLVNTGELFF	1	1	0.9746964573860168
KLGGALQAK	CASSERQLPYEQYF	1	1	0.5079529285430908
KLGGALQAK	CASSLRGTGAYGYTF	1	1	0.995668888092041
KLGGALQAK	CASSSLLQGVDYGYTF	1	1	0.9999988079071045
KLGGALQAK	CASSLADLLAEKLFF	1	1	0.9848760366439819
KLGGALQAK	CASSLLGYEQYF	1	1	0.9816095232963562
KLGGALQAK	CASSLMGGGNTIYF	1	1	0.9973924160003662
KLGGALQAK	CASSWYTTGQETQYF	1	1	0.9999055862426758
KLGGALQAK	CAISDPRDSYEQYF	1	1	0.9745455980300903
KLGGALQAK	CASSSLSEAFF	1	1	0.999077558517456
KLGGALQAK	CASSLGGGVLFF	1	1	0.7664929628372192
KLGGALQAK	CASINSPGGEDTGELFF	1	1	0.9550201892852783
KLGGALQAK	CASSVGMTDYNEQFF	1	1	0.9977853298187256
KLGGALQAK	CASSPPADEALYGYTF	1	1	0.9985841512680054
KLGGALQAK	CASSPEGRRMGPTNEKLFF	1	1	0.9907562136650085
KLGGALQAK	CASSPNPQGANMDTQYF	1	1	0.9984883069992065
KLGGALQAK	CASSLWAGNTIYF	1	1	0.988756000995636
KLGGALQAK	CASSSPVETQYF	1	1	0.6685413122177124
KLGGALQAK	CASSLDGPSGSPHEQYF	1	0	0.2990099787712097
KLGGALQAK	CASSFGGRSTDTQYF	1	1	0.7252840995788574
KLGGALQAK	CATSTGDSNQPQHF	1	1	0.9938821792602539
KLGGALQAK	CATRERQGWVEAFF	1	1	0.9897931814193726
KLGGALQAK	CASSLNWREITDTQYF	1	1	0.8787814974784851
KLGGALQAK	CASSLSVVSGELFF	1	1	0.9496524930000305
KLGGALQAK	CASSLGQGATNTGELFF	1	1	0.9967775940895081
KLGGALQAK	CASSQEDSWGDTQYF	1	1	0.9962282180786133
KLGGALQAK	CASSLEGDPSYEQYF	1	0	0.03578506410121918
KLGGALQAK	CASSTPDTPSSYNEQFF	1	1	0.9385483264923096
KLGGALQAK	CASRTRLGRNEQFF	1	1	0.9997352957725525
KLGGALQAK	CASSLEMQGALYGYTF	1	1	0.9997037053108215
KLGGALQAK	CASSLPGQMIRWDTEAFF	1	1	0.7987224459648132
KLGGALQAK	CSARYRDTGELFF	1	1	0.8646724820137024
KLGGALQAK	CASSLMTGGAYNEQFF	1	1	0.9680666327476501
KLGGALQAK	CASSQVAAGDNSYEQYF	1	0	0.07798050343990326
KLGGALQAK	CASSPRDSLYEQYF	1	1	0.8039214015007019
KLGGALQAK	CASSLAGTGGRFSYEQYF	1	1	0.9597890377044678
KLGGALQAK	CASTLGTEAFF	1	1	0.9885830879211426
KLGGALQAK	CASSADQLEQFF	1	1	0.9973111152648926
KLGGALQAK	CASKVAGFNEQFF	1	1	0.9639965295791626
KLGGALQAK	CASSHVTGYEQYF	1	0	0.3902825117111206
KLGGALQAK	CASSPGTGDLETQYF	1	1	0.9961302280426025
KLGGALQAK	CASSPSGYQPQHF	1	1	0.9990536570549011
KLGGALQAK	CASSRDRGLGYTF	1	1	0.9938651919364929
