FAFACPDGV,CASSLAAGGKKETQYF,1
FAFACPDGV,CASSQGFGANVLTF,1
FAFACPDGV,CASSPVGWGNTIYF,1
FAFACPDGV,CASSEALSGGSETQYF,1
FAFACPDGV,CASKGLAGYNEQFF,1
FAFACPDGV,CASSWYTTGQETQYF,1
FAFACPDGV,CASSVGADEYYEQYF,1
FAFACPDGV,CSARSLAVSTDTQYF,1
FAFACPDGV,CAWSWTDYEQYF,1
FAFACPDGV,CASSVTEMGGTEAFF,1
FAFACPDGV,CASSSETGWGTEAFF,1
FAFACPDGV,CASSLGGHGQPQHF,1
FAFACPDGV,CASSQNYEQYF,1
FAFACPDGV,CSVEAEGTATNEKLFF,1
FAFACPDGV,CASGGGQGGNNEQFF,1
FAFACPDGV,CASSTMGDYYEQYF,1
FAFACPDGV,CASSLWAGNTIYF,1
FAFACPDGV,CASSGLAGGPHEQFF,1
FAFACPDGV,CASSQASNQPQHF,1
FAFACPDGV,CASSLGEARPQETQYF,1
FAFACPDGV,CASSLLGYEQYF,1
FAFACPDGV,CASSLPGQMIRWDTEAFF,1
FAFACPDGV,CASRTLRGHVSEAFF,1
FAFACPDGV,CAIRDNNEQFF,1
FAFACPDGV,CASSLYGSRPQHF,1
FAFACPDGV,CSARVGDTGELFF,1
FAFACPDGV,CASSPTRGLEIEKLFF,1
FAFACPDGV,CATSSMGYSNQPQHF,1
FAFACPDGV,CASSQGGDEQFF,1
FAFACPDGV,CASSQDSPRAGFSDTQYF,1
FAFACPDGV,CASSLTGDHTDTQYF,1
FAFACPDGV,CASSLNWREITDTQYF,1
FAFACPDGV,CASTFAHAGDSNEQFF,1
FAFACPDGV,CASSLGTSGSTDTQYF,1
FAFACPDGV,CASSLVGLGTEAFF,1
FAFACPDGV,CASRAVINTDTQYF,1
FAFACPDGV,CASSLAGDQEPQYEQYF,1
FAFACPDGV,CASSLALSTEYSSF,1
FAFACPDGV,CASSLGTTQETQYF,1
FAFACPDGV,CASSLSVSSYNEQFF,1
FAFACPDGV,CASSSGEGTEAYNEQFF,1
FAFACPDGV,CASSPPRLGAFF,1
FAFACPDGV,CASSPLTGESMSEKLFF,1
FAFACPDGV,CASSYRRTSGRAYHEQFF,1
FAFACPDGV,CASSADQLEQFF,1
FAFACPDGV,CARQTTGTTVGYTF,1
FAFACPDGV,CASSLSGYEQYF,1
FAFACPDGV,CASSGELRGAEKLFF,1
FAFACPDGV,CASSQDVTSEWVDTIYF,1
FAFACPDGV,CASSIYGTSGSNEQFF,1
FAFACPDGV,CASSQTTPLTYNYEQYF,1
FAFACPDGV,CASSLRGTDTQYF,1
FAFACPDGV,CASSQGGQGAPYEQYF,1
FAFACPDGV,CASSFGGGLQETQYF,1
FAFACPDGV,CASSQEAREVVYEQYF,1
FAFACPDGV,CASSLLGSNQETQYF,1
FAFACPDGV,CASSFAQRGHRETQYF,1
FAFACPDGV,CASSEDGMNTEAFF,1
FAFACPDGV,CASSQDSGPQYEQYF,1
FAFACPDGV,CASSQERGGPDTQYF,1
FAFACPDGV,CASSVTSSRGGTDTQYF,1
FAFACPDGV,CASRQTSGTYNEQFF,1
FAFACPDGV,CASSLGTSGRAGETQYF,1
FAFACPDGV,CASRPGTASYEQYF,1
FAFACPDGV,CSARDQSRATDTQYF,1
FAFACPDGV,CAISESNDGNEQFF,1
FAFACPDGV,CASSHFSGTFPYEQYF,1
FAFACPDGV,CSVEDGYEQYF,1
FAFACPDGV,CASSLESGFLSGYTF,1
FAFACPDGV,CASSEVGVFEAFF,1
FAFACPDGV,CASSLLSGSSYEQYF,1
FAFACPDGV,CASSLEGDPSYEQYF,1
FAFACPDGV,CASSLGPADTQYF,1
FAFACPDGV,CASSAHTSGGKNIQYF,1
FAFACPDGV,CATRERQGWVEAFF,1
FAFACPDGV,CASSDQLLEEWSSYNEQFF,1
FAFACPDGV,CASSQGGGVNEQFF,1
FAFACPDGV,CASNWFRDNTGELFF,1
FAFACPDGV,CASSPDGLTENTEAFF,1
FAFACPDGV,CASSPHAGGVDEKLFF,1
FAFACPDGV,CASSWVPPGQGRTGELFF,1
FAFACPDGV,CASSPGVGTEAFF,1
FAFACPDGV,CASSIDRWTQGNQPQHF,1
FAFACPDGV,CATSRVKTSGGYEQYF,1
FAFACPDGV,CASITKDRAYEQYF,1
FAFACPDGV,CASSAGSFRHPYSNQPQHF,1
FAFACPDGV,CASSLYSPAHTEAFF,1
FAFACPDGV,CASSLTRTALNTEAFF,1
FAFACPDGV,CASRGLALYNEQFF,1
FAFACPDGV,CASSPGTVKETQYF,1
FAFACPDGV,CASSPGASYEQYF,1
FAFACPDGV,CATGTGGGYGYTF,1
FAFACPDGV,CASSHQAGALYNEQFF,1
FAFACPDGV,CSARGKGAISHHTEAFF,1
FAFACPDGV,CASTFIFVRGADSSYEQYF,1
FAFACPDGV,CASSLMVNEQYF,1
FAFACPDGV,CAISEGAPNTEAFF,1
FAFACPDGV,CASSANRGPDTEAFF,1
FAFACPDGV,CASSLGTGYEQYF,1
FAFACPDGV,CASSERLDLAGGRNEQFF,1
FAFACPDGV,CASSLENTGELFF,1
FAFACPDGV,CASSENEQFF,1
FAFACPDGV,CASSQVGDEQFF,1
FAFACPDGV,CASSLELAGVDTQYF,1
FAFACPDGV,CASSATGTGRTSAWYNEQFF,1
FAFACPDGV,CASSLDRNTEAFF,1
FAFACPDGV,CASSSLSEAFF,1
FAFACPDGV,CASSQDMGWGTDTQYF,1
FAFACPDGV,CASSLDGPSGSPHEQYF,1
FAFACPDGV,CASSLELGQGRETQYF,1
FAFACPDGV,CASRTRLGRNEQFF,1
FAFACPDGV,CASSFLAGQRTDTEAFF,1
FAFACPDGV,CASSQDPGPDTQYF,1
FAFACPDGV,CASSHVTGYEQYF,1
FAFACPDGV,CASSLGGEGYEQYF,1
FAFACPDGV,CASSQVVTDNEQFF,1
FAFACPDGV,CASSPEGRRMGPTNEKLFF,1
FAFACPDGV,CASTVFQGSTNEQFF,1
FAFACPDGV,CASSQYAVRVGDTEAFF,1
FAFACPDGV,CATSPTRSTTDTQYF,1
FAFACPDGV,CSVEIGWGQGDNGDYGYTF,1
FAFACPDGV,CASILRAESSYNEQFF,1
FAFACPDGV,CASSLRGTGAYGYTF,1
FAFACPDGV,CASLGTPGLAGSSYEQYF,1
FAFACPDGV,CASSLGGTSTAETQYF,1
FAFACPDGV,CASSLDRVSYNEQFF,1
FAFACPDGV,CASSIGGGLYEQYF,1
FAFACPDGV,CASSYRVGRSSYEQYF,1
FAFACPDGV,CSVEGSGGTQYF,1
FAFACPDGV,CASTIGGDTGELFF,1
FAFACPDGV,CASSTMGQGISPLHF,1
FAFACPDGV,CASSVEEPGTVYEQYF,1
FAFACPDGV,CASSQDLMEETQYF,1
FAFACPDGV,CASSLQGGNYGYTF,1
FAFACPDGV,CASSSGTSGSADTQYF,1
FAFACPDGV,CASTRGQGRDGELFF,1
FAFACPDGV,CASRMGHTDTQYF,1
FAFACPDGV,CASSESRSGNQPQHF,1
FAFACPDGV,CASSLGRGAYEQYF,1
FAFACPDGV,CASSPIELVTYNEQFF,1
FAFACPDGV,CASSLGQGATNTGELFF,1
FAFACPDGV,CASSVLANTGELFF,1
FAFACPDGV,CASSIETGTEITGELFF,1
FAFACPDGV,CASSWTANTEAFF,1
FAFACPDGV,CASSVGGGGSTDTQYF,1
FAFACPDGV,CASSHHSGGIYNEQFF,1
FAFACPDGV,CASSLDLGVDYGYTF,1
FAFACPDGV,CASSEAFSGNTIYF,1
FAFACPDGV,CASSLTSGSISTQYF,1
FAFACPDGV,CASSYPLGTQYF,1
FAFACPDGV,CASKPGAIEAFF,1
FAFACPDGV,CASSMRHFSYEQYF,1
FAFACPDGV,CASSEYGGYTF,1
FAFACPDGV,CASSLVGYEQYF,1
FAFACPDGV,CSARTGGDGYTF,1
FAFACPDGV,CASSLGPAGAHNEQFF,1
FAFACPDGV,CSARHLANNEQFF,1
FAFACPDGV,CASSLGEDSSLKREPLHF,1
FAFACPDGV,CASSPPLAGGYEQYF,1
FAFACPDGV,CSAPGGRPQHF,1
FAFACPDGV,CASSLHLMNTEAFF,1
FAFACPDGV,CSARDFTYEQYF,1
FAFACPDGV,CASIGSGYNEQFF,1
FAFACPDGV,CAWSVGVSGANVLTF,1
FAFACPDGV,CAINKGTGNTGELFF,1
FAFACPDGV,CASSLSGGLLRTGELFF,1
FAFACPDGV,CAWKPTGLGYGYTF,1
FAFACPDGV,CASSPRTSGNTYEQYF,1
FAFACPDGV,CASSDPTGGYETQYF,1
FAFACPDGV,CASKVYGYTF,1
FAFACPDGV,CASSVDRGAYNEQFF,1
FAFACPDGV,CASSRSTGGSGNTIYF,1
FAFACPDGV,CASSIDLSEGDTNQPQHF,1
FAFACPDGV,CATSELSGETQYF,1
FAFACPDGV,CASSEQGVVDTQYF,1
FAFACPDGV,CASSVGMTDYNEQFF,1
FAFACPDGV,CASNSLDREDGNTIYF,1
FAFACPDGV,CASSMRVQSNTGELFF,1
FAFACPDGV,CASSPPHPTGPTDTQYF,1
FAFACPDGV,CASSGLRGTAEAFF,1
FAFACPDGV,CASSYDRGFYNEQFF,1
FAFACPDGV,CASSLGTGGQFF,1
FAFACPDGV,CASSQDLGVDGYTF,1
FAFACPDGV,CASSFPVTAITGNTEAFF,1
FAFACPDGV,CASSLAQYYQPQHF,1
FAFACPDGV,CASSPTLYNEQFF,1
FAFACPDGV,CASTLGTEAFF,1
FAFACPDGV,CASSLLAGSSYNEQFF,1
FAFACPDGV,CSVELSHSYEQYF,1
FAFACPDGV,CASSSLLQGVDYGYTF,1
FAFACPDGV,CASSQDMRAGGPNEQFF,1
FAFACPDGV,CSAWAQGSGYEQYF,1
FAFACPDGV,CASSLMTNQPQHF,1
FAFACPDGV,CASSPGREQYF,1
FAFACPDGV,CATSSEDSSNQPQHF,1
FAFACPDGV,CASSLTNPRQGAYNEQFF,1
FAFACPDGV,CASSRSFAGGDTDTQYF,1
FAFACPDGV,CSASAGLVGYEQYF,1
FAFACPDGV,CASSLGRAGYGETQYF,1
FAFACPDGV,CASYWTGPPHGYTF,1
FAFACPDGV,CASSEAGGGYEQYF,1
FAFACPDGV,CASIDRSYEQYF,1
FAFACPDGV,CASSYSSRLQYF,1
FAFACPDGV,CASWGPGTEGAYEQYF,1
FAFACPDGV,CSVEQRDTGELFF,1
FAFACPDGV,CAASQNTEAFF,1
FAFACPDGV,CSVEDPDRDGYTF,1
FAFACPDGV,CASSSQSTGTAGVYEQYF,1
FAFACPDGV,CASSLFPGQGSDDEQFF,1
FAFACPDGV,CASSQEDSWGDTQYF,1
FAFACPDGV,CASLTRFGLYSNQPQHF,1
FAFACPDGV,CASSYSGTENGYTF,1
FAFACPDGV,CAVPGGSPYEQYF,1
FAFACPDGV,CASSYRLGNEQFF,1
FAFACPDGV,CASSMGPTGYGYTF,1
FAFACPDGV,CASSGRARLARTDTQYF,1
FAFACPDGV,CASRLTRGAGETQYF,1
FAFACPDGV,CASSFLGQGDSPLHF,1
FAFACPDGV,CASSAGTSGGASYNEQFF,1
FAFACPDGV,CASSALTGPNTEAFF,1
FAFACPDGV,CASSLPGWEQYF,1
FAFACPDGV,CASSPRTDQETQYF,1
FAFACPDGV,CASSLADLLAEKLFF,1
FAFACPDGV,CASIAYSNQPQHF,1
FAFACPDGV,CAISEFRDDQETQYF,1
FAFACPDGV,CSASGTLDTEAFF,1
FAFACPDGV,CASSWLGQGALEAFF,1
FAFACPDGV,CSARGQGTSGVDYGYTF,1
FAFACPDGV,CASRDTSGGPDTQYF,1
FAFACPDGV,CASSYDSRETQYF,1
FAFACPDGV,CATSTGDSNQPQHF,1
FAFACPDGV,CASSQDSHSTSTDTQYF,1
FAFACPDGV,CASSLSGGGHTDTQYF,1
FAFACPDGV,CASATWGDPNQPQHF,1
FAFACPDGV,CASSPTANEKLFF,1
FAFACPDGV,CASSQVAAGDNSYEQYF,1
FAFACPDGV,CASSEGVNEQFF,1
FAFACPDGV,CASSLGGHGNEQFF,1
FAFACPDGV,CASSFPGYGYTF,1
FAFACPDGV,CASSVGVSNQPQHF,1
FAFACPDGV,CASFDRTQGFSGANVLTF,1
FAFACPDGV,CAISESSRGVDGYTF,1
FAFACPDGV,CASTPGGYEQYF,1
FAFACPDGV,CASSLTSGGQGEQFF,1
FAFACPDGV,CASSEGWHSYEQYF,1
FAFACPDGV,CATSREGAGTEAFF,1
FAFACPDGV,CASSIGATEAFF,1
FAFACPDGV,CASRLPPSSGNTDTQYF,1
FAFACPDGV,CASSEVRGPSYNEQFF,1
FAFACPDGV,CAISERDFQETQYF,1
FAFACPDGV,CSASGTGSYEQYF,1
FAFACPDGV,CASSLGETGGIQFF,1
FAFACPDGV,CASSPDGTGSGNTIYF,1
FAFACPDGV,CASSYSVRDYEQYF,1
FAFACPDGV,CASRESLLAGGPDTQYF,1
FAFACPDGV,CASSFRGPNLYTEAFF,1
FAFACPDGV,CASSLSRSQPPNQPQHF,1
FAFACPDGV,CASSPQGDSASSGNTIYF,1
FAFACPDGV,CASSLPDPYEQYF,1
FAFACPDGV,CASSSTRGWADTQYF,1
FAFACPDGV,CATSGDTQYF,1
FAFACPDGV,CASSPHRTVLAGDTQYF,1
FAFACPDGV,CASSQEASGGKETQYF,1
FAFACPDGV,CASTPGQGASTEAFF,1
FAFACPDGV,CASRPSRGTNYGYTF,1
FAFACPDGV,CASSLSGGRTKNIQYF,1
FAFACPDGV,CASSFWTSGYEQYF,1
FAFACPDGV,CASSERTSGGYTDTQYF,1
FAFACPDGV,CSARIAGAKNIQYF,1
FAFACPDGV,CASHISTGELFF,1
FAFACPDGV,CASSHEWGSNTGELFF,1
FAFACPDGV,CASSPGSLGHRASTDTQYF,1
FAFACPDGV,CASTRGQRNGAFF,1
FAFACPDGV,CATSEVGSETQYF,1
FAFACPDGV,CSASSTHSNQPQHF,1
FAFACPDGV,CASSEFGTFQETQYF,1
FAFACPDGV,CASSIQNTGELFF,1
FAFACPDGV,CASSRGGGSYNEQFF,1
FAFACPDGV,CASSYGTGDLSYNEQFF,1
FAFACPDGV,CASSGTGVTGELFF,1
FAFACPDGV,CASSRTGSSYNEQFF,1
FAFACPDGV,CASSRAGTGYNEQFF,1
FAFACPDGV,CASSLGGGVLFF,1
FAFACPDGV,CASSPLRGGVTYNEQFF,1
FAFACPDGV,CASSEKEGTTNTGELFF,1
FAFACPDGV,CASSSQGGYGYTF,1
FAFACPDGV,CASSLEPTANQPQHF,1
FAFACPDGV,CASPGDLNTEAFF,1
FAFACPDGV,CASSPRGSYWDEQYF,1
FAFACPDGV,CASSRNPGTGTYNEQFF,1
FAFACPDGV,CSATPNPGGHSTDTQYF,1
FAFACPDGV,CASSLPLGYEQYF,1
FAFACPDGV,CASSLAGGSLSYEQYF,1
FAFACPDGV,CASSFAGLNYGYTF,1
FAFACPDGV,CASSIGTGRTHNEQFF,1
FAFACPDGV,CASSEALSGGAPAETQYF,1
FAFACPDGV,CASSLAGVIETQYF,1
FAFACPDGV,CASSLLYSDSPLHF,1
FAFACPDGV,CASSFGLDHGTGELFF,1
FAFACPDGV,CAWDSYNQPQHF,1
FAFACPDGV,CASSLTGESYEQYF,1
FAFACPDGV,CASSWTQETQYF,1
FAFACPDGV,CASSLSVVSGELFF,1
FAFACPDGV,CASSVAGLAGATSTDTQYF,1
FAFACPDGV,CATSRGPLASFLVDSYNEQFF,1
FAFACPDGV,CASSLTGGGYEQYF,1
FAFACPDGV,CASEGVHEQFF,1
FAFACPDGV,CASSAYNEQFF,1
FAFACPDGV,CASSDRAGVVTDTQYF,1
FAFACPDGV,CASGFPIYRDKSTDTQYF,1
FAFACPDGV,CSARAYTGELFF,1
FAFACPDGV,CASSPYPRTGGTDTQYF,1
FAFACPDGV,CASSLRDSSSYEQYF,1
FAFACPDGV,CASSLLPGNTGELFF,1
FAFACPDGV,CASSQGTISYEQYF,1
FAFACPDGV,CASSITDRVHAGANVLTF,1
FAFACPDGV,CASLDRVGGYTF,1
FAFACPDGV,CASSRDTVNTEAFF,1
FAFACPDGV,CSVVRGSYNEQFF,1
FAFACPDGV,CASTHRGPLKRRPLHF,1
FAFACPDGV,CASSLALTFSGEGSPLHF,1
FAFACPDGV,CASITRLAGELFF,1
FAFACPDGV,CASSQWTGSNYGYTF,1
FAFACPDGV,CASSPLPGGVNEQFF,1
FAFACPDGV,CASSPGDPSTDTQYF,1
FAFACPDGV,CASSFRPPDTDRTNTGELFF,1
FAFACPDGV,CASSLSAGTEAFF,1
FAFACPDGV,CASRIQGRQPQHF,1
FAFACPDGV,CASSPRQRSGNTIYF,1
FAFACPDGV,CASSFGLALGDEQFF,1
FAFACPDGV,CASSPRSSGGRYNEQFF,1
FAFACPDGV,CASSKKGLSNEQFF,1
FAFACPDGV,CSARGTDFANTGELFF,1
FAFACPDGV,CASSPTSAPGLFSGNTIYF,1
FAFACPDGV,CAIDETGHGYTF,1
FAFACPDGV,CASSLARIYTYNEQFF,1
FAFACPDGV,CASSGDPKAYEQYF,1
FAFACPDGV,CASSLGRTGANTGELFF,1
FAFACPDGV,CASSLVNTGELFF,1
FAFACPDGV,CATTFRGYEQYF,1
FAFACPDGV,CASSIGDGILLTDTQYF,1
FAFACPDGV,CASSFGASGSVGELFF,1
FAFACPDGV,CAWSVRGVNPYNEQFF,1
FAFACPDGV,CASSLAGYEQYF,1
FAFACPDGV,CASSLVDSARSYEQYF,1
FAFACPDGV,CSARLRDKDYEQYF,1
FAFACPDGV,CASSVVSGGHQPQHF,1
FAFACPDGV,CASSPWTGARGYTF,1
FAFACPDGV,CASSPGTDTQYF,1
FAFACPDGV,CSAIPLGEPYEQYF,1
FAFACPDGV,CSARDLVGLAGDTDTQYF,1
FAFACPDGV,CASGFGHSNSPLHF,1
FAFACPDGV,CASSQDHGLHPEAFF,1
FAFACPDGV,CASSLGQGPYEQYF,1
FAFACPDGV,CASSLINTGELFF,1
FAFACPDGV,CATSFAPGQGEHGYTF,1
FAFACPDGV,CASKRQGLHAEQYF,1
FAFACPDGV,CASSERQLPYEQYF,1
FAFACPDGV,CASSPPDDEQYF,1
FAFACPDGV,CSANPRTTLYEQYF,1
FAFACPDGV,CASTTYNEQFF,1
FAFACPDGV,CASSLLGGRGNTGELFF,1
FAFACPDGV,CASSQKPGQDHYEQYF,1
FAFACPDGV,CSARDPQRTTSTDTQYF,1
FAFACPDGV,CASSSAHYGYTF,1
FAFACPDGV,CASSTPRGGYTF,1
FAFACPDGV,CASSTYRGQPQHF,1
FAFACPDGV,CAWSAASGGAQDTQYF,1
FAFACPDGV,CASSIGIHGYTF,1
FAFACPDGV,CASSTSTGQGWHYGYTF,1
FAFACPDGV,CATSDQHGSSEQFF,1
FAFACPDGV,CASALGAVDTQYF,1
FAFACPDGV,CASSLRGGQSYEQYF,1
FAFACPDGV,CASSQEIGVYGYTF,1
FAFACPDGV,CASSLGSGGGETQYF,1
FAFACPDGV,CASSEALAGSTDTQYF,1
FAFACPDGV,CASSPKAGGPGEQFF,1
FAFACPDGV,CASSPGTGGFLSSYEQYF,1
FAFACPDGV,CASSLSRANSPLHF,1
FAFACPDGV,CASRPWTGANEKLFF,1
FAFACPDGV,CASSIALSTFQPQHF,1
FAFACPDGV,CASINSPGGEDTGELFF,1
FAFACPDGV,CSGLLAGTDTQYF,1
FAFACPDGV,CASSYSTSQGANYEQYF,1
FAFACPDGV,CASSLILDSPLHF,1
FAFACPDGV,CASSVGGGVTDTQYF,1
FAFACPDGV,CASSLLAVDNEQFF,1
FAFACPDGV,CASRGLGSGGYEQYF,1
FAFACPDGV,CASSPPRTSGAYEQYF,1
FAFACPDGV,CASSQELAGGGNEQFF,1
FAFACPDGV,CAISEEVSGGVGANEQFF,1
FAFACPDGV,CASSPSGLAGYNEQFF,1
FAFACPDGV,CASSYGGEQPQHF,1
FAFACPDGV,CASSLAGTGSDTQYF,1
FAFACPDGV,CASSSRLYNEQFF,1
FAFACPDGV,CASSQTAGTGELFF,1
FAFACPDGV,CASSAFVETQYF,1
FAFACPDGV,CASSLWTGYNEQFF,1
FAFACPDGV,CASSLRQGEYNEQFF,1
FAFACPDGV,CASSLGDVQNTEAFF,1
FAFACPDGV,CASSARDYTGELFF,1
FAFACPDGV,CASSLSLGQGAPNYGYTF,1
FAFACPDGV,CSAPLGEGGYTF,1
FAFACPDGV,CSAPPPYNEQFF,1
FAFACPDGV,CASSIARTGEAVNEQFF,1
FAFACPDGV,CASSQAGTGFYGYTF,1
FAFACPDGV,CASSFGGRSTDTQYF,1
FAFACPDGV,CSARYRDTGELFF,1
FAFACPDGV,CASSIATGLNQPQHF,1
FAFACPDGV,CASSPSGLAGSNLGNEQFF,1
FAFACPDGV,CASSVDDTGLSYEQYF,1
FAFACPDGV,CASSTSGETGELFF,1
FAFACPDGV,CASSLLGTEAFF,1
FAFACPDGV,CASKKTPVGTEAFF,1
FAFACPDGV,CASSVSQGYEQFF,1
FAFACPDGV,CSALGAVGAGIHYEQYF,1
FAFACPDGV,CASSPYPSRGSNEQFF,1
FAFACPDGV,CAINKESDSYEQYF,1
FAFACPDGV,CASSFSGRVGEKLFF,1
FAFACPDGV,CASSVGQGNQPQHF,1
FAFACPDGV,CASSMNPQGGSSPLHF,1
FAFACPDGV,CASSVGGAHEQYF,1
FAFACPDGV,CASSKGLAVDYTQYF,1
FAFACPDGV,CASSQGETQYF,1
FAFACPDGV,CASSPGESTDTQYF,1
FAFACPDGV,CASSLFTGTNEQFF,1
FAFACPDGV,CATSAQTGQGENTEAFF,1
FAFACPDGV,CASSETGTSGDEQYF,1
FAFACPDGV,CASSTSSSWTQYF,1
FAFACPDGV,CASSLGDRGRGYGYTF,1
FAFACPDGV,CASSPRPGPNQPQHF,1
FAFACPDGV,CAISESVNTEAFF,1
FAFACPDGV,CASSLNSGHTQYF,1
FAFACPDGV,CASSLFPGQDRGRDQPQHF,1
FAFACPDGV,CASTGSAGGSYGYTF,1
FAFACPDGV,CASSQERDRVYEQYF,1
FAFACPDGV,CASTPRRLGLFPSSGNTIYF,1
FAFACPDGV,CSANDRGRGYNSPLHF,1
FAFACPDGV,CASSLLWAEYNEQFF,1
FAFACPDGV,CASSLDNQPQHF,1
FAFACPDGV,CASSFPGQGNTQYF,1
FAFACPDGV,CSAPDRYLRTEAFF,1
FAFACPDGV,CATFTGNTEAFF,1
FAFACPDGV,CASQAGVFTDTQYF,1
FAFACPDGV,CASSPGGGASYEQYF,1
FAFACPDGV,CASSSGRAGITDTQYF,1
FAFACPDGV,CASSPEGLDNFF,1
FAFACPDGV,CASSPTSGSRETQYF,1
FAFACPDGV,CASSLVPTADVLTF,1
FAFACPDGV,CASSELPAGGTNEQFF,1
FAFACPDGV,CASSQGAGGLVFYEQYF,1
FAFACPDGV,CAWGIPRQDNNEKLFF,1
FAFACPDGV,CGWPGQTNTGELFF,1
FAFACPDGV,CASSPRDEQFF,1
FAFACPDGV,CASSVASGQLYGYTF,1
FAFACPDGV,CASSPSYNEQFF,1
FAFACPDGV,CASSLDGATNEKLFF,1
FAFACPDGV,CASSYFPYDLYEQYF,1
FAFACPDGV,CASVYLAGTMDTQYF,1
FAFACPDGV,CASSISSTGELFF,1
FAFACPDGV,CASGGKVFPPYEQYF,1
FAFACPDGV,CASSDATSGTYLYNEQFF,1
FAFACPDGV,CAWSVQQGDQPQHF,1
FAFACPDGV,CASSPRDSLYEQYF,1
FAFACPDGV,CASSPSGLAGSNLGNEQFF,1
FAFACPDGV,CASSQVVDWISNTGELFF,1
FAFACPDGV,CASSRQNTGELFF,1
FAFACPDGV,CASSLAGTGGRFSYEQYF,1
FAFACPDGV,CATSEAASSWTGELFF,1
FAFACPDGV,CASSQGWGTQPQHF,1
FAFACPDGV,CASSFLGQGAAGELFF,1
FAFACPDGV,CASSPNPQGANMDTQYF,1
FAFACPDGV,CASSYSRGQPEAFF,1
FAFACPDGV,CASSRDRGLGYTF,1
FAFACPDGV,CASSYSERDTEKLFF,1
FAFACPDGV,CASSQGWDEQFF,1
FAFACPDGV,CASSQRRTGPSSTDTQYF,1
FAFACPDGV,CAWSVTPGYNEQFF,1
FAFACPDGV,CASSLASGSNQPQHF,1
FAFACPDGV,CASSLSWGSSYNEQFF,1
FAFACPDGV,CASTPGSEPLHF,1
FAFACPDGV,CASSLMGGGNTIYF,1
FAFACPDGV,CAWSAIADTDTQYF,1
FAFACPDGV,CASSSYRKEKLFF,1
FAFACPDGV,CASSLGQGDGGYTF,1
FAFACPDGV,CASSQDYNEQFF,1
FAFACPDGV,CASSATSNQPQHF,1
FAFACPDGV,CATSREWPGELFF,1
FAFACPDGV,CASSEWTGNTEAFF,1
FAFACPDGV,CASSQGGGGTDTQYF,1
FAFACPDGV,CASSIVQGSNQPQHF,1
FAFACPDGV,CASSYRGGYEQYF,1
FAFACPDGV,CASSLSRRRSRDDNEQFF,1
FAFACPDGV,CASSSPVETQYF,1
FAFACPDGV,CASSYVGNTGELFF,1
FAFACPDGV,CASTGGPEGNQPQHF,1
FAFACPDGV,CAAHGGTRTLAKNIQYF,1
FAFACPDGV,CASSYSQGGSYGYTF,1
FAFACPDGV,CASSLLRVSGANVLTF,1
FAFACPDGV,CASSRVGSPLHF,1
FAFACPDGV,CASSDSLGDRGSYEQYF,1
FAFACPDGV,CASSLVNGLGYTF,1
FAFACPDGV,CASKVAGFNEQFF,1
FAFACPDGV,CASSLTQGARNTIYF,1
FAFACPDGV,CASTWDSLYEQYF,1
FAFACPDGV,CASSPQNSYNEQFF,1
FAFACPDGV,CASSPSSGESTDTQYF,1
FAFACPDGV,CASSQDRIRQARTGELFF,1
FAFACPDGV,CASRSGGGSYEQYF,1
FAFACPDGV,CASSLTGTVDGYTF,1
FAFACPDGV,CASSLDAETQYF,1
FAFACPDGV,CASRQLAGFYEQYF,1
FAFACPDGV,CASSYLTGADGYTF,1
FAFACPDGV,CASSAGVGTGELFF,1
FAFACPDGV,CASNLGGGSTDTQYF,1
FAFACPDGV,CASSDGGSSGNTIYF,1
FAFACPDGV,CASSQDLGARMGETQYF,1
FAFACPDGV,CSARTSAGVYEQFF,1
FAFACPDGV,CASSTPDTPSSYNEQFF,1
FAFACPDGV,CASSLGANTGELFF,1
FAFACPDGV,CASSQVGRGRGAFF,1
FAFACPDGV,CASSQDRAGWIDEQFF,1
FAFACPDGV,CSASVPAGQQNSSPLHF,1
FAFACPDGV,CASSLGFNEQYF,1
FAFACPDGV,CATSDVAGGGGEQFF,1
FAFACPDGV,CASSLMTGGAYNEQFF,1
FAFACPDGV,CASRDHRVIYGYTF,1
FAFACPDGV,CASRRSLQGARGGYTF,1
FAFACPDGV,CSARVEGAGPAQYF,1
FAFACPDGV,CASRSLSGEQFF,1
FAFACPDGV,CASSNRGYDEQYF,1
FAFACPDGV,CASRRTGVVEKLFF,1
FAFACPDGV,CASSYLGQMDEKLFF,1
FAFACPDGV,CASSLAGQENQPQHF,1
FAFACPDGV,CASSPSDPGELFF,1
FAFACPDGV,CASSDGTSGRAGGELFF,1
FAFACPDGV,CASSIAGNNEQFF,1
FAFACPDGV,CASSLKVRDEQFF,1
FAFACPDGV,CASSPPADEALYGYTF,1
FAFACPDGV,CASSTYRQGYNEQFF,1
FAFACPDGV,CASSYSRGISPYGYTF,1
FAFACPDGV,CASSSSDPPGNQPQHF,1
FAFACPDGV,CASSQVGTGVHEQFF,1
FAFACPDGV,CASSLSNTPGEQFF,1
FAFACPDGV,CASRSTGYLEQYF,1
FAFACPDGV,CASSLSYNSPLHF,1
FAFACPDGV,CASSQEFVGAVLDTQYF,1
FAFACPDGV,CASTLSTDRGFTGELFF,1
FAFACPDGV,CASSFISQGAYGYTF,1
FAFACPDGV,CASSLGPVYEQYF,1
FAFACPDGV,CATGTGGNDYEQYF,1
FAFACPDGV,CASSLGGEQYF,1
FAFACPDGV,CASSIGFGQGVSTEAFF,1
FAFACPDGV,CASSRDFVSNEQYF,1
FAFACPDGV,CATSDFGVNTGELFF,1
FAFACPDGV,CSAYRVMSHEQYF,1
FAFACPDGV,CASSLGGPPTYEQYF,1
FAFACPDGV,CASKKLAGDSYEQYF,1
FAFACPDGV,CASSSYSRYEQYF,1
FAFACPDGV,CASTTGDSSNQPQHF,1
FAFACPDGV,CASSLGRSTGELFF,1
FAFACPDGV,CASRGGTGLYGYTF,1
FAFACPDGV,CASSLFGSGGAGETQYF,1
FAFACPDGV,CASSLGVGRGFTEAFF,1
FAFACPDGV,CASRELGQETQYF,1
FAFACPDGV,CASSLAAGGSYGYTF,1
FAFACPDGV,CASRHSQGAPSWYQETQYF,1
FAFACPDGV,CATSEIQGFSTDTQYF,1
FAFACPDGV,CSATGLRTSYEQYF,1
FAFACPDGV,CASRTTTGTGSSGNTIYF,1
FAFACPDGV,CASSLSPLDNPSYEQYF,1
FAFACPDGV,CATSDYGYTF,1
FAFACPDGV,CASSVEGDGSEAFF,1
FAFACPDGV,CATFAASKEQFF,1
FAFACPDGV,CSAEVPGANTGELFF,1
FAFACPDGV,CASSFWGLAGGYNEQFF,1
FAFACPDGV,CAIRWTLNNEQFF,1
FAFACPDGV,CASKHSGTGVLARELFF,1
FAFACPDGV,CASSEDNRGRYEQYF,1
FAFACPDGV,CASSSSGYNEQFF,1
FAFACPDGV,CASSGQVESSGNTIYF,1
FAFACPDGV,CASSSDPSTDTQYF,1
FAFACPDGV,CASSLGTGGTEAFF,1
FAFACPDGV,CASSLRGSAGNTIYF,1
FAFACPDGV,CASRGEGSYEQYF,1
FAFACPDGV,CASSLASTGLTQETQYF,1
FAFACPDGV,CASRDATGGFEQYF,1
FAFACPDGV,CASSSPRSSRDTDTQYF,1
FAFACPDGV,CASSLYSGSFYEQYF,1
FAFACPDGV,CASSSGVGQEAHEQYF,1
FAFACPDGV,CASSESQGDYYGYTF,1
FAFACPDGV,CASSPPGTPPNYGYTF,1
FAFACPDGV,CASSQGGRSTDTQYF,1
FAFACPDGV,CASSQDPPDTQYF,1
FAFACPDGV,CSARDREGSIYNEQFF,1
FAFACPDGV,CASSVSQKLFF,1
FAFACPDGV,CASSEWALPNEQFF,1
FAFACPDGV,CASSPVGPNTQYF,1
FAFACPDGV,CACSIDPRGQPQHF,1
FAFACPDGV,CASSGQGMGNSPLHF,1
FAFACPDGV,CASTSVNTGELFF,1
FAFACPDGV,CASSPGTGSHPYNEQFF,1
FAFACPDGV,CACCRLFSREYGYTF,1
FAFACPDGV,CASSPERGEETQYF,1
FAFACPDGV,CASSSVAFDSGNTIYF,1
FAFACPDGV,CASSPLQGANHDEQYF,1
FAFACPDGV,CASSDPSGPGGGSPLHF,1
FAFACPDGV,CASSLDLTETQYF,1
FAFACPDGV,CASSRYRDPPDHEQYF,1
FAFACPDGV,CASSGRVTGGFYNEQFF,1
FAFACPDGV,CASSLNNEQFF,1
FAFACPDGV,CASSLLGGSYEQYF,1
FAFACPDGV,CSARDLEVLSYEQYF,1
FAFACPDGV,CASAGERSEQFF,1
FAFACPDGV,CASSEGGGYEQYF,1
FAFACPDGV,CASSQVRQGLNQPQHF,1
FAFACPDGV,CSASPGYNEQFF,1
FAFACPDGV,CASSVAGGGQETQYF,1
FAFACPDGV,CATSDDSEKLFF,1
FAFACPDGV,CASSLLPEGTGRVSGYTF,1
FAFACPDGV,CASSWREGTDTQYF,1
FAFACPDGV,CASSLIRDITYEQYF,1
FAFACPDGV,CASSQDRASYNEQFF,1
FAFACPDGV,CASSIGRSPQHF,1
FAFACPDGV,CASSPSGLAGSNLGNEQFF,1
FAFACPDGV,CASSLDFSRQETQYF,1
FAFACPDGV,CSARTATGGQSGYTF,1
FAFACPDGV,CASSFGAGAKAGELFF,1
FAFACPDGV,CASSQDSSETQYF,1
FAFACPDGV,CSLSGGQHNEQFF,1
FAFACPDGV,CATSRDWTGSAETQYF,1
FAFACPDGV,CASSFEVRVDTEAFF,1
FAFACPDGV,CASGFFNQPQHF,1
FAFACPDGV,CASSQWDNQPQHF,1
FAFACPDGV,CASSLPTRQNLASYEYGYTF,1
FAFACPDGV,CASSPGLTPAEQYF,1
FAFACPDGV,CASSFDHRGRDEQFF,1
FAFACPDGV,CASSPGTGDLETQYF,1
FAFACPDGV,CASSQDAGITYEQYF,1
FAFACPDGV,CASSVERENTGELFF,1
FAFACPDGV,CASRVKETQYF,1
FAFACPDGV,CASSTSLLAQHF,1
FAFACPDGV,CASSFLSAGGGTDTQYF,1
FAFACPDGV,CASSWTGMNTEAFF,1
FAFACPDGV,CASSLEAVSIHGYTF,1
FAFACPDGV,CASSPSGYQPQHF,1
FAFACPDGV,CASSVQEEYGYTF,1
FAFACPDGV,CASRIGTTNEQYF,1
FAFACPDGV,CASSPGPNQPQHF,1
FAFACPDGV,CSARAGSTYEQYF,1
FAFACPDGV,CATSETVAGGTGELFF,1
FAFACPDGV,CASSGPGTLNLDTF,1
FAFACPDGV,CASSSNIRDSGNTIYF,1
FAFACPDGV,CASSQGSRPEQYF,1
FAFACPDGV,CASARGWGPAGGELFF,1
FAFACPDGV,CASSLGRYNEQFF,1
FAFACPDGV,CASSLIANQETQYF,1
FAFACPDGV,CATSDSSGSNEQFF,1
FAFACPDGV,CASSWGDYNEQFF,1
FAFACPDGV,CAISSDSGDEQFF,1
FAFACPDGV,CASSPSAGRGLGYTF,1
FAFACPDGV,CASGPLVGGGLGAYTF,1
FAFACPDGV,CASSLVSPSEQFF,1
FAFACPDGV,CASSFGGVEGMNTEAFF,1
FAFACPDGV,CASSLDQGAQDNEQFF,1
FAFACPDGV,CASSVGRTLDYGYTF,1
FAFACPDGV,CASSQDHPGGYEQYF,1
FAFACPDGV,CASGLVPGGGSDGYTF,1
FAFACPDGV,CASSPGRGDSPLHF,1
FAFACPDGV,CASSLGEPQHF,1
FAFACPDGV,CASSLLAGGKETQYF,1
FAFACPDGV,CAISDPRDSYEQYF,1
FAFACPDGV,CASTQGYNEQFF,1
FAFACPDGV,CASSDRFWEQYF,1
FAFACPDGV,CASSVVGDEQYF,1
FAFACPDGV,CASSDRDRGLLRQFF,1
FAFACPDGV,CASRAGGWTLPSNYGYTF,1
FAFACPDGV,CASSFIGTRAGQYF,1
FAFACPDGV,CASSQSGGRYEQYF,1
FAFACPDGV,CASSPSGRGGNEQFF,1
FAFACPDGV,CASSQDPETGRTDTQYF,1
FAFACPDGV,CASSDRGTGELFF,1
FAFACPDGV,CASFGGTGELFF,1
FAFACPDGV,CASSLNEQEGQPQHF,1
FAFACPDGV,CASSQDSGWREKLFF,1
FAFACPDGV,CASSVSGANYNEQFF,1
FAFACPDGV,CASSEEGGLSNEKLFF,1
FAFACPDGV,CSVDQGSGELFF,1
FAFACPDGV,CASSLGSGQYQETQYF,1
FAFACPDGV,CASSTGSYEQYF,1
FAFACPDGV,CASSSGTGGQYEQYF,1
FAFACPDGV,CAWSVPLGRREKLFF,1
FAFACPDGV,CATSRNRGDGYTF,1
FAFACPDGV,CASSVSGPPTGELFF,1
FAFACPDGV,CASSYGTLPSEQFF,1
FAFACPDGV,CSARFSANGEQYF,1
FAFACPDGV,CASSLEMQGALYGYTF,1
FAFACPDGV,CASSGREAFF,1
FAFACPDGV,CASSADAGTSSEQFF,1
