CDR3.beta,Epitope,Label
CASSVGGSGGAGEQYF,FVAAIFYLI,0
CASSQGFGANVLTF,FVAAIFYLI,1
CASSPVGWGNTIYF,FVAAIFYLI,1
CASSEALSGGSETQYF,FVAAIFYLI,1
CASKGLAGYNEQFF,FVAAIFYLI,1
CASSWYTTGQETQYF,FVAAIFYLI,1
CASSVGADEYYEQYF,FVAAIFYLI,1
CSARSLAVSTDTQYF,FVAAIFYLI,1
CAWSWTDYEQYF,FVAAIFYLI,1
CASSVTEMGGTEAFF,FVAAIFYLI,1
CASSSETGWGTEAFF,FVAAIFYLI,1
CASSLGGHGQPQHF,FVAAIFYLI,1
CASSQNYEQYF,FVAAIFYLI,1
CSVEAEGTATNEKLFF,FVAAIFYLI,1
CASGGGQGGNNEQFF,FVAAIFYLI,1
CASSTMGDYYEQYF,FVAAIFYLI,1
CASSLWAGNTIYF,FVAAIFYLI,1
CASSGLAGGPHEQFF,FVAAIFYLI,1
CASSQASNQPQHF,FVAAIFYLI,1
CASSLGEARPQETQYF,FVAAIFYLI,1
CASSLLGYEQYF,FVAAIFYLI,1
CASSLPGQMIRWDTEAFF,FVAAIFYLI,1
CASRTLRGHVSEAFF,FVAAIFYLI,1
CAIRDNNEQFF,FVAAIFYLI,1
CASSLYGSRPQHF,FVAAIFYLI,1
CSARVGDTGELFF,FVAAIFYLI,1
CASSPTRGLEIEKLFF,FVAAIFYLI,1
CATSSMGYSNQPQHF,FVAAIFYLI,1
CASSQGGDEQFF,FVAAIFYLI,1
CASSQDSPRAGFSDTQYF,FVAAIFYLI,1
CASSLTGDHTDTQYF,FVAAIFYLI,1
CASSLNWREITDTQYF,FVAAIFYLI,1
CASTFAHAGDSNEQFF,FVAAIFYLI,1
CASSLGTSGSTDTQYF,FVAAIFYLI,1
CASSLVGLGTEAFF,FVAAIFYLI,1
CASRAVINTDTQYF,FVAAIFYLI,1
CASSLAGDQEPQYEQYF,FVAAIFYLI,1
CASSLALSTEYSSF,FVAAIFYLI,1
CASSLGTTQETQYF,FVAAIFYLI,1
CASSLSVSSYNEQFF,FVAAIFYLI,1
CASSSGEGTEAYNEQFF,FVAAIFYLI,1
CASSPPRLGAFF,FVAAIFYLI,1
CASSPLTGESMSEKLFF,FVAAIFYLI,1
CASSYRRTSGRAYHEQFF,FVAAIFYLI,1
CASSADQLEQFF,FVAAIFYLI,1
CARQTTGTTVGYTF,FVAAIFYLI,1
CASSLSGYEQYF,FVAAIFYLI,1
CASSGELRGAEKLFF,FVAAIFYLI,1
CASSQDVTSEWVDTIYF,FVAAIFYLI,1
CASSIYGTSGSNEQFF,FVAAIFYLI,1
CASSQTTPLTYNYEQYF,FVAAIFYLI,1
CASSLRGTDTQYF,FVAAIFYLI,1
CASSQGGQGAPYEQYF,FVAAIFYLI,1
CASSFGGGLQETQYF,FVAAIFYLI,1
CASSQEAREVVYEQYF,FVAAIFYLI,1
CASSLLGSNQETQYF,FVAAIFYLI,1
CASSFAQRGHRETQYF,FVAAIFYLI,1
CASSEDGMNTEAFF,FVAAIFYLI,1
CASSQDSGPQYEQYF,FVAAIFYLI,1
CASSQERGGPDTQYF,FVAAIFYLI,1
CASSVTSSRGGTDTQYF,FVAAIFYLI,1
CASRQTSGTYNEQFF,FVAAIFYLI,1
CASSLGTSGRAGETQYF,FVAAIFYLI,1
CASRPGTASYEQYF,FVAAIFYLI,1
CSARDQSRATDTQYF,FVAAIFYLI,1
CAISESNDGNEQFF,FVAAIFYLI,1
CASSHFSGTFPYEQYF,FVAAIFYLI,1
CSVEDGYEQYF,FVAAIFYLI,1
CASSLESGFLSGYTF,FVAAIFYLI,1
CASSEVGVFEAFF,FVAAIFYLI,1
CASSLLSGSSYEQYF,FVAAIFYLI,1
CASSLEGDPSYEQYF,FVAAIFYLI,1
CASSLGPADTQYF,FVAAIFYLI,1
CASSAHTSGGKNIQYF,FVAAIFYLI,1
CATRERQGWVEAFF,FVAAIFYLI,1
CASSDQLLEEWSSYNEQFF,FVAAIFYLI,1
CASSQGGGVNEQFF,FVAAIFYLI,1
CASNWFRDNTGELFF,FVAAIFYLI,1
CASSPDGLTENTEAFF,FVAAIFYLI,1
CASSPHAGGVDEKLFF,FVAAIFYLI,1
CASSWVPPGQGRTGELFF,FVAAIFYLI,1
CASSPGVGTEAFF,FVAAIFYLI,1
CASSIDRWTQGNQPQHF,FVAAIFYLI,1
CATSRVKTSGGYEQYF,FVAAIFYLI,1
CASITKDRAYEQYF,FVAAIFYLI,1
CASSAGSFRHPYSNQPQHF,FVAAIFYLI,1
CASSLYSPAHTEAFF,FVAAIFYLI,1
CASSLTRTALNTEAFF,FVAAIFYLI,1
CASRGLALYNEQFF,FVAAIFYLI,1
CASSPGTVKETQYF,FVAAIFYLI,1
CASSPGASYEQYF,FVAAIFYLI,1
CATGTGGGYGYTF,FVAAIFYLI,1
CASSHQAGALYNEQFF,FVAAIFYLI,1
CSARGKGAISHHTEAFF,FVAAIFYLI,1
CASTFIFVRGADSSYEQYF,FVAAIFYLI,1
CASSLMVNEQYF,FVAAIFYLI,1
CAISEGAPNTEAFF,FVAAIFYLI,1
CASSANRGPDTEAFF,FVAAIFYLI,1
CASSLGTGYEQYF,FVAAIFYLI,1
CASSERLDLAGGRNEQFF,FVAAIFYLI,1
CASSLENTGELFF,FVAAIFYLI,1
CASSENEQFF,FVAAIFYLI,1
CASSQVGDEQFF,FVAAIFYLI,1
CASSLELAGVDTQYF,FVAAIFYLI,1
CASSATGTGRTSAWYNEQFF,FVAAIFYLI,1
CASSLDRNTEAFF,FVAAIFYLI,1
CASSSLSEAFF,FVAAIFYLI,1
CASSQDMGWGTDTQYF,FVAAIFYLI,1
CASSLDGPSGSPHEQYF,FVAAIFYLI,1
CASSLELGQGRETQYF,FVAAIFYLI,1
CASRTRLGRNEQFF,FVAAIFYLI,1
CASSFLAGQRTDTEAFF,FVAAIFYLI,1
CASSQDPGPDTQYF,FVAAIFYLI,1
CASSHVTGYEQYF,FVAAIFYLI,1
CASSLGGEGYEQYF,FVAAIFYLI,1
CASSQVVTDNEQFF,FVAAIFYLI,1
CASSPEGRRMGPTNEKLFF,FVAAIFYLI,1
CASTVFQGSTNEQFF,FVAAIFYLI,1
CASSQYAVRVGDTEAFF,FVAAIFYLI,1
CATSPTRSTTDTQYF,FVAAIFYLI,1
CSVEIGWGQGDNGDYGYTF,FVAAIFYLI,1
CASILRAESSYNEQFF,FVAAIFYLI,1
CASSLRGTGAYGYTF,FVAAIFYLI,1
CASLGTPGLAGSSYEQYF,FVAAIFYLI,1
CASSLGGTSTAETQYF,FVAAIFYLI,1
CASSLDRVSYNEQFF,FVAAIFYLI,1
CASSIGGGLYEQYF,FVAAIFYLI,1
CASSYRVGRSSYEQYF,FVAAIFYLI,1
CSVEGSGGTQYF,FVAAIFYLI,1
CASTIGGDTGELFF,FVAAIFYLI,1
CASSTMGQGISPLHF,FVAAIFYLI,1
CASSVEEPGTVYEQYF,FVAAIFYLI,1
CASSQDLMEETQYF,FVAAIFYLI,1
CASSLQGGNYGYTF,FVAAIFYLI,1
CASSSGTSGSADTQYF,FVAAIFYLI,1
CASTRGQGRDGELFF,FVAAIFYLI,1
CASRMGHTDTQYF,FVAAIFYLI,1
CASSESRSGNQPQHF,FVAAIFYLI,1
CASSLGRGAYEQYF,FVAAIFYLI,1
CASSPIELVTYNEQFF,FVAAIFYLI,1
CASSLGQGATNTGELFF,FVAAIFYLI,1
CASSVLANTGELFF,FVAAIFYLI,1
CASSIETGTEITGELFF,FVAAIFYLI,1
CASSWTANTEAFF,FVAAIFYLI,1
CASSVGGGGSTDTQYF,FVAAIFYLI,1
CASSHHSGGIYNEQFF,FVAAIFYLI,1
CASSLDLGVDYGYTF,FVAAIFYLI,1
CASSEAFSGNTIYF,FVAAIFYLI,1
CASSLTSGSISTQYF,FVAAIFYLI,1
CASSYPLGTQYF,FVAAIFYLI,1
CASKPGAIEAFF,FVAAIFYLI,1
CASSMRHFSYEQYF,FVAAIFYLI,1
CASSEYGGYTF,FVAAIFYLI,1
CASSLVGYEQYF,FVAAIFYLI,1
CSARTGGDGYTF,FVAAIFYLI,1
CASSLGPAGAHNEQFF,FVAAIFYLI,1
CSARHLANNEQFF,FVAAIFYLI,1
CASSLGEDSSLKREPLHF,FVAAIFYLI,1
CASSPPLAGGYEQYF,FVAAIFYLI,1
CSAPGGRPQHF,FVAAIFYLI,1
CASSLHLMNTEAFF,FVAAIFYLI,1
CSARDFTYEQYF,FVAAIFYLI,1
CASIGSGYNEQFF,FVAAIFYLI,1
CAWSVGVSGANVLTF,FVAAIFYLI,1
CAINKGTGNTGELFF,FVAAIFYLI,1
CASSLSGGLLRTGELFF,FVAAIFYLI,1
CAWKPTGLGYGYTF,FVAAIFYLI,1
CASSPRTSGNTYEQYF,FVAAIFYLI,1
CASSDPTGGYETQYF,FVAAIFYLI,1
CASKVYGYTF,FVAAIFYLI,1
CASSVDRGAYNEQFF,FVAAIFYLI,1
CASSRSTGGSGNTIYF,FVAAIFYLI,1
CASSIDLSEGDTNQPQHF,FVAAIFYLI,1
CATSELSGETQYF,FVAAIFYLI,1
CASSEQGVVDTQYF,FVAAIFYLI,1
CASSVGMTDYNEQFF,FVAAIFYLI,1
CASNSLDREDGNTIYF,FVAAIFYLI,1
CASSMRVQSNTGELFF,FVAAIFYLI,1
CASSPPHPTGPTDTQYF,FVAAIFYLI,1
CASSGLRGTAEAFF,FVAAIFYLI,1
CASSYDRGFYNEQFF,FVAAIFYLI,1
CASSLGTGGQFF,FVAAIFYLI,1
CASSQDLGVDGYTF,FVAAIFYLI,1
CASSFPVTAITGNTEAFF,FVAAIFYLI,1
CASSLAQYYQPQHF,FVAAIFYLI,1
CASSPTLYNEQFF,FVAAIFYLI,1
CASTLGTEAFF,FVAAIFYLI,1
CASSLLAGSSYNEQFF,FVAAIFYLI,1
CSVELSHSYEQYF,FVAAIFYLI,1
CASSSLLQGVDYGYTF,FVAAIFYLI,1
CASSQDMRAGGPNEQFF,FVAAIFYLI,1
CSAWAQGSGYEQYF,FVAAIFYLI,1
CASSLMTNQPQHF,FVAAIFYLI,1
CASSPGREQYF,FVAAIFYLI,1
CATSSEDSSNQPQHF,FVAAIFYLI,1
CASSLTNPRQGAYNEQFF,FVAAIFYLI,1
CASSRSFAGGDTDTQYF,FVAAIFYLI,1
CSASAGLVGYEQYF,FVAAIFYLI,1
CASSLGRAGYGETQYF,FVAAIFYLI,1
CASYWTGPPHGYTF,FVAAIFYLI,1
CASSEAGGGYEQYF,FVAAIFYLI,1
CASIDRSYEQYF,FVAAIFYLI,1
CASSYSSRLQYF,FVAAIFYLI,1
CASWGPGTEGAYEQYF,FVAAIFYLI,1
CSVEQRDTGELFF,FVAAIFYLI,1
CAASQNTEAFF,FVAAIFYLI,1
CSVEDPDRDGYTF,FVAAIFYLI,1
CASSSQSTGTAGVYEQYF,FVAAIFYLI,1
CASSLFPGQGSDDEQFF,FVAAIFYLI,1
CASSQEDSWGDTQYF,FVAAIFYLI,1
CASLTRFGLYSNQPQHF,FVAAIFYLI,1
CASSYSGTENGYTF,FVAAIFYLI,1
CAVPGGSPYEQYF,FVAAIFYLI,1
CASSYRLGNEQFF,FVAAIFYLI,1
CASSMGPTGYGYTF,FVAAIFYLI,1
CASSGRARLARTDTQYF,FVAAIFYLI,1
CASRLTRGAGETQYF,FVAAIFYLI,1
CASSFLGQGDSPLHF,FVAAIFYLI,1
CASSAGTSGGASYNEQFF,FVAAIFYLI,1
CASSALTGPNTEAFF,FVAAIFYLI,1
CASSLPGWEQYF,FVAAIFYLI,1
CASSPRTDQETQYF,FVAAIFYLI,1
CASSLADLLAEKLFF,FVAAIFYLI,1
CASIAYSNQPQHF,FVAAIFYLI,1
CAISEFRDDQETQYF,FVAAIFYLI,1
CSASGTLDTEAFF,FVAAIFYLI,1
CASSWLGQGALEAFF,FVAAIFYLI,1
CSARGQGTSGVDYGYTF,FVAAIFYLI,1
CASRDTSGGPDTQYF,FVAAIFYLI,1
CASSYDSRETQYF,FVAAIFYLI,1
CATSTGDSNQPQHF,FVAAIFYLI,1
CASSQDSHSTSTDTQYF,FVAAIFYLI,1
CASSLSGGGHTDTQYF,FVAAIFYLI,1
CASATWGDPNQPQHF,FVAAIFYLI,1
CASSPTANEKLFF,FVAAIFYLI,1
CASSQVAAGDNSYEQYF,FVAAIFYLI,1
CASSEGVNEQFF,FVAAIFYLI,1
CASSLGGHGNEQFF,FVAAIFYLI,1
CASSFPGYGYTF,FVAAIFYLI,1
CASSVGVSNQPQHF,FVAAIFYLI,1
CASFDRTQGFSGANVLTF,FVAAIFYLI,1
CAISESSRGVDGYTF,FVAAIFYLI,1
CASTPGGYEQYF,FVAAIFYLI,1
CASSLTSGGQGEQFF,FVAAIFYLI,1
CASSEGWHSYEQYF,FVAAIFYLI,1
CATSREGAGTEAFF,FVAAIFYLI,1
CASSIGATEAFF,FVAAIFYLI,1
CASRLPPSSGNTDTQYF,FVAAIFYLI,1
CASSEVRGPSYNEQFF,FVAAIFYLI,1
CAISERDFQETQYF,FVAAIFYLI,1
CSASGTGSYEQYF,FVAAIFYLI,1
CASSLGETGGIQFF,FVAAIFYLI,1
CASSPDGTGSGNTIYF,FVAAIFYLI,1
CASSYSVRDYEQYF,FVAAIFYLI,1
CASRESLLAGGPDTQYF,FVAAIFYLI,1
CASSFRGPNLYTEAFF,FVAAIFYLI,1
CASSLSRSQPPNQPQHF,FVAAIFYLI,1
CASSPQGDSASSGNTIYF,FVAAIFYLI,1
CASSLPDPYEQYF,FVAAIFYLI,1
CASSSTRGWADTQYF,FVAAIFYLI,1
CATSGDTQYF,FVAAIFYLI,1
CASSPHRTVLAGDTQYF,FVAAIFYLI,1
CASSQEASGGKETQYF,FVAAIFYLI,1
CASTPGQGASTEAFF,FVAAIFYLI,1
CASRPSRGTNYGYTF,FVAAIFYLI,1
CASSLSGGRTKNIQYF,FVAAIFYLI,1
CASSFWTSGYEQYF,FVAAIFYLI,1
CASSERTSGGYTDTQYF,FVAAIFYLI,1
CSARIAGAKNIQYF,FVAAIFYLI,1
CASHISTGELFF,FVAAIFYLI,1
CASSHEWGSNTGELFF,FVAAIFYLI,1
CASSPGSLGHRASTDTQYF,FVAAIFYLI,1
CASTRGQRNGAFF,FVAAIFYLI,1
CATSEVGSETQYF,FVAAIFYLI,1
CSASSTHSNQPQHF,FVAAIFYLI,1
CASSEFGTFQETQYF,FVAAIFYLI,1
CASSIQNTGELFF,FVAAIFYLI,1
CASSRGGGSYNEQFF,FVAAIFYLI,1
CASSYGTGDLSYNEQFF,FVAAIFYLI,1
CASSGTGVTGELFF,FVAAIFYLI,1
CASSRTGSSYNEQFF,FVAAIFYLI,1
CASSRAGTGYNEQFF,FVAAIFYLI,1
CASSLGGGVLFF,FVAAIFYLI,1
CASSPLRGGVTYNEQFF,FVAAIFYLI,1
CASSEKEGTTNTGELFF,FVAAIFYLI,1
CASSSQGGYGYTF,FVAAIFYLI,1
CASSLEPTANQPQHF,FVAAIFYLI,1
CASPGDLNTEAFF,FVAAIFYLI,1
CASSPRGSYWDEQYF,FVAAIFYLI,1
CASSRNPGTGTYNEQFF,FVAAIFYLI,1
CSATPNPGGHSTDTQYF,FVAAIFYLI,1
CASSLPLGYEQYF,FVAAIFYLI,1
CASSLAGGSLSYEQYF,FVAAIFYLI,1
CASSFAGLNYGYTF,FVAAIFYLI,1
CASSIGTGRTHNEQFF,FVAAIFYLI,1
CASSEALSGGAPAETQYF,FVAAIFYLI,1
CASSLAGVIETQYF,FVAAIFYLI,1
CASSLLYSDSPLHF,FVAAIFYLI,1
CASSFGLDHGTGELFF,FVAAIFYLI,1
CAWDSYNQPQHF,FVAAIFYLI,1
CASSLTGESYEQYF,FVAAIFYLI,1
CASSWTQETQYF,FVAAIFYLI,1
CASSLSVVSGELFF,FVAAIFYLI,1
CASSVAGLAGATSTDTQYF,FVAAIFYLI,1
CATSRGPLASFLVDSYNEQFF,FVAAIFYLI,1
CASSLTGGGYEQYF,FVAAIFYLI,1
CASEGVHEQFF,FVAAIFYLI,1
CASSAYNEQFF,FVAAIFYLI,1
CASSDRAGVVTDTQYF,FVAAIFYLI,1
CASGFPIYRDKSTDTQYF,FVAAIFYLI,1
CSARAYTGELFF,FVAAIFYLI,1
CASSPYPRTGGTDTQYF,FVAAIFYLI,1
CASSLRDSSSYEQYF,FVAAIFYLI,1
CASSLLPGNTGELFF,FVAAIFYLI,1
CASSQGTISYEQYF,FVAAIFYLI,1
CASSITDRVHAGANVLTF,FVAAIFYLI,1
CASLDRVGGYTF,FVAAIFYLI,1
CASSRDTVNTEAFF,FVAAIFYLI,1
CSVVRGSYNEQFF,FVAAIFYLI,1
CASTHRGPLKRRPLHF,FVAAIFYLI,1
CASSLALTFSGEGSPLHF,FVAAIFYLI,1
CASITRLAGELFF,FVAAIFYLI,1
CASSQWTGSNYGYTF,FVAAIFYLI,1
CASSPLPGGVNEQFF,FVAAIFYLI,1
CASSPGDPSTDTQYF,FVAAIFYLI,1
CASSFRPPDTDRTNTGELFF,FVAAIFYLI,1
CASSLSAGTEAFF,FVAAIFYLI,1
CASRIQGRQPQHF,FVAAIFYLI,1
CASSPRQRSGNTIYF,FVAAIFYLI,1
CASSFGLALGDEQFF,FVAAIFYLI,1
CASSPRSSGGRYNEQFF,FVAAIFYLI,1
CASSKKGLSNEQFF,FVAAIFYLI,1
CSARGTDFANTGELFF,FVAAIFYLI,1
CASSPTSAPGLFSGNTIYF,FVAAIFYLI,1
CAIDETGHGYTF,FVAAIFYLI,1
CASSLARIYTYNEQFF,FVAAIFYLI,1
CASSGDPKAYEQYF,FVAAIFYLI,1
CASSLGRTGANTGELFF,FVAAIFYLI,1
CASSLVNTGELFF,FVAAIFYLI,1
CATTFRGYEQYF,FVAAIFYLI,1
CASSIGDGILLTDTQYF,FVAAIFYLI,1
CASSFGASGSVGELFF,FVAAIFYLI,1
CAWSVRGVNPYNEQFF,FVAAIFYLI,1
CASSLAGYEQYF,FVAAIFYLI,1
CASSLVDSARSYEQYF,FVAAIFYLI,1
CSARLRDKDYEQYF,FVAAIFYLI,1
CASSVVSGGHQPQHF,FVAAIFYLI,1
CASSPWTGARGYTF,FVAAIFYLI,1
CASSPGTDTQYF,FVAAIFYLI,1
CSAIPLGEPYEQYF,FVAAIFYLI,1
CSARDLVGLAGDTDTQYF,FVAAIFYLI,1
CASGFGHSNSPLHF,FVAAIFYLI,1
CASSQDHGLHPEAFF,FVAAIFYLI,1
CASSLGQGPYEQYF,FVAAIFYLI,1
CASSLINTGELFF,FVAAIFYLI,1
CATSFAPGQGEHGYTF,FVAAIFYLI,1
CASKRQGLHAEQYF,FVAAIFYLI,1
CASSERQLPYEQYF,FVAAIFYLI,1
CASSPPDDEQYF,FVAAIFYLI,1
CSANPRTTLYEQYF,FVAAIFYLI,1
CASTTYNEQFF,FVAAIFYLI,1
CASSLLGGRGNTGELFF,FVAAIFYLI,1
CASSQKPGQDHYEQYF,FVAAIFYLI,1
CSARDPQRTTSTDTQYF,FVAAIFYLI,1
CASSSAHYGYTF,FVAAIFYLI,1
CASSTPRGGYTF,FVAAIFYLI,1
CASSTYRGQPQHF,FVAAIFYLI,1
CAWSAASGGAQDTQYF,FVAAIFYLI,1
CASSIGIHGYTF,FVAAIFYLI,1
CASSTSTGQGWHYGYTF,FVAAIFYLI,1
CATSDQHGSSEQFF,FVAAIFYLI,1
CASALGAVDTQYF,FVAAIFYLI,1
CASSLRGGQSYEQYF,FVAAIFYLI,1
CASSQEIGVYGYTF,FVAAIFYLI,1
CASSLGSGGGETQYF,FVAAIFYLI,1
CASSEALAGSTDTQYF,FVAAIFYLI,1
CASSPKAGGPGEQFF,FVAAIFYLI,1
CASSPGTGGFLSSYEQYF,FVAAIFYLI,1
CASSLSRANSPLHF,FVAAIFYLI,1
CASRPWTGANEKLFF,FVAAIFYLI,1
CASSIALSTFQPQHF,FVAAIFYLI,1
CASINSPGGEDTGELFF,FVAAIFYLI,1
CSGLLAGTDTQYF,FVAAIFYLI,1
CASSYSTSQGANYEQYF,FVAAIFYLI,1
CASSLILDSPLHF,FVAAIFYLI,1
CASSVGGGVTDTQYF,FVAAIFYLI,1
CASSLLAVDNEQFF,FVAAIFYLI,1
CASRGLGSGGYEQYF,FVAAIFYLI,1
CASSPPRTSGAYEQYF,FVAAIFYLI,1
CASSQELAGGGNEQFF,FVAAIFYLI,1
CAISEEVSGGVGANEQFF,FVAAIFYLI,1
CASSPSGLAGYNEQFF,FVAAIFYLI,1
CASSYGGEQPQHF,FVAAIFYLI,1
CASSLAGTGSDTQYF,FVAAIFYLI,1
CASSSRLYNEQFF,FVAAIFYLI,1
CASSQTAGTGELFF,FVAAIFYLI,1
CASSAFVETQYF,FVAAIFYLI,1
CASSLWTGYNEQFF,FVAAIFYLI,1
CASSLRQGEYNEQFF,FVAAIFYLI,1
CASSLGDVQNTEAFF,FVAAIFYLI,1
CASSARDYTGELFF,FVAAIFYLI,1
CASSLSLGQGAPNYGYTF,FVAAIFYLI,1
CSAPLGEGGYTF,FVAAIFYLI,1
CSAPPPYNEQFF,FVAAIFYLI,1
CASSIARTGEAVNEQFF,FVAAIFYLI,1
CASSQAGTGFYGYTF,FVAAIFYLI,1
CASSFGGRSTDTQYF,FVAAIFYLI,1
CSARYRDTGELFF,FVAAIFYLI,1
CASSIATGLNQPQHF,FVAAIFYLI,1
CASSPSGLAGSNLGNEQFF,FVAAIFYLI,1
CASSVDDTGLSYEQYF,FVAAIFYLI,1
CASSTSGETGELFF,FVAAIFYLI,1
CASSLLGTEAFF,FVAAIFYLI,1
CASKKTPVGTEAFF,FVAAIFYLI,1
CASSVSQGYEQFF,FVAAIFYLI,1
CSALGAVGAGIHYEQYF,FVAAIFYLI,1
CASSPYPSRGSNEQFF,FVAAIFYLI,1
CAINKESDSYEQYF,FVAAIFYLI,1
CASSFSGRVGEKLFF,FVAAIFYLI,1
CASSVGQGNQPQHF,FVAAIFYLI,1
CASSMNPQGGSSPLHF,FVAAIFYLI,1
CASSVGGAHEQYF,FVAAIFYLI,1
CASSKGLAVDYTQYF,FVAAIFYLI,1
CASSQGETQYF,FVAAIFYLI,1
CASSPGESTDTQYF,FVAAIFYLI,1
CASSLFTGTNEQFF,FVAAIFYLI,1
CATSAQTGQGENTEAFF,FVAAIFYLI,1
CASSETGTSGDEQYF,FVAAIFYLI,1
CASSTSSSWTQYF,FVAAIFYLI,1
CASSLGDRGRGYGYTF,FVAAIFYLI,1
CASSPRPGPNQPQHF,FVAAIFYLI,1
CAISESVNTEAFF,FVAAIFYLI,1
CASSLNSGHTQYF,FVAAIFYLI,1
CASSLFPGQDRGRDQPQHF,FVAAIFYLI,1
CASTGSAGGSYGYTF,FVAAIFYLI,1
CASSQERDRVYEQYF,FVAAIFYLI,1
CASTPRRLGLFPSSGNTIYF,FVAAIFYLI,1
CSANDRGRGYNSPLHF,FVAAIFYLI,1
CASSLLWAEYNEQFF,FVAAIFYLI,1
CASSLDNQPQHF,FVAAIFYLI,1
CASSFPGQGNTQYF,FVAAIFYLI,1
CSAPDRYLRTEAFF,FVAAIFYLI,1
CATFTGNTEAFF,FVAAIFYLI,1
CASQAGVFTDTQYF,FVAAIFYLI,1
CASSPGGGASYEQYF,FVAAIFYLI,1
CASSSGRAGITDTQYF,FVAAIFYLI,1
CASSPEGLDNFF,FVAAIFYLI,1
CASSPTSGSRETQYF,FVAAIFYLI,1
CASSLVPTADVLTF,FVAAIFYLI,1
CASSELPAGGTNEQFF,FVAAIFYLI,1
CASSQGAGGLVFYEQYF,FVAAIFYLI,1
CAWGIPRQDNNEKLFF,FVAAIFYLI,1
CGWPGQTNTGELFF,FVAAIFYLI,1
CASSPRDEQFF,FVAAIFYLI,1
CASSVASGQLYGYTF,FVAAIFYLI,1
CASSPSYNEQFF,FVAAIFYLI,1
CASSLDGATNEKLFF,FVAAIFYLI,1
CASSYFPYDLYEQYF,FVAAIFYLI,1
CASVYLAGTMDTQYF,FVAAIFYLI,1
CASSISSTGELFF,FVAAIFYLI,1
CASGGKVFPPYEQYF,FVAAIFYLI,1
CASSDATSGTYLYNEQFF,FVAAIFYLI,1
CAWSVQQGDQPQHF,FVAAIFYLI,1
CASSPRDSLYEQYF,FVAAIFYLI,1
CASSPSGLAGSNLGNEQFF,FVAAIFYLI,1
CASSQVVDWISNTGELFF,FVAAIFYLI,1
CASSRQNTGELFF,FVAAIFYLI,1
CASSLAGTGGRFSYEQYF,FVAAIFYLI,1
CATSEAASSWTGELFF,FVAAIFYLI,1
CASSQGWGTQPQHF,FVAAIFYLI,1
CASSFLGQGAAGELFF,FVAAIFYLI,1
CASSPNPQGANMDTQYF,FVAAIFYLI,1
CASSYSRGQPEAFF,FVAAIFYLI,1
CASSRDRGLGYTF,FVAAIFYLI,1
CASSYSERDTEKLFF,FVAAIFYLI,1
CASSQGWDEQFF,FVAAIFYLI,1
CASSQRRTGPSSTDTQYF,FVAAIFYLI,1
CAWSVTPGYNEQFF,FVAAIFYLI,1
CASSLASGSNQPQHF,FVAAIFYLI,1
CASSLSWGSSYNEQFF,FVAAIFYLI,1
CASTPGSEPLHF,FVAAIFYLI,1
CASSLMGGGNTIYF,FVAAIFYLI,1
CAWSAIADTDTQYF,FVAAIFYLI,1
CASSSYRKEKLFF,FVAAIFYLI,1
CASSLGQGDGGYTF,FVAAIFYLI,1
CASSQDYNEQFF,FVAAIFYLI,1
CASSATSNQPQHF,FVAAIFYLI,1
CATSREWPGELFF,FVAAIFYLI,1
CASSEWTGNTEAFF,FVAAIFYLI,1
CASSQGGGGTDTQYF,FVAAIFYLI,1
CASSIVQGSNQPQHF,FVAAIFYLI,1
CASSYRGGYEQYF,FVAAIFYLI,1
CASSLSRRRSRDDNEQFF,FVAAIFYLI,1
CASSSPVETQYF,FVAAIFYLI,1
CASSYVGNTGELFF,FVAAIFYLI,1
CASTGGPEGNQPQHF,FVAAIFYLI,1
CAAHGGTRTLAKNIQYF,FVAAIFYLI,1
CASSYSQGGSYGYTF,FVAAIFYLI,1
CASSLLRVSGANVLTF,FVAAIFYLI,1
CASSRVGSPLHF,FVAAIFYLI,1
CASSDSLGDRGSYEQYF,FVAAIFYLI,1
CASSLVNGLGYTF,FVAAIFYLI,1
CASKVAGFNEQFF,FVAAIFYLI,1
CASSLTQGARNTIYF,FVAAIFYLI,1
CASTWDSLYEQYF,FVAAIFYLI,1
CASSPQNSYNEQFF,FVAAIFYLI,1
CASSPSSGESTDTQYF,FVAAIFYLI,1
CASSQDRIRQARTGELFF,FVAAIFYLI,1
CASRSGGGSYEQYF,FVAAIFYLI,1
CASSLTGTVDGYTF,FVAAIFYLI,1
CASSLDAETQYF,FVAAIFYLI,1
CASRQLAGFYEQYF,FVAAIFYLI,1
CASSYLTGADGYTF,FVAAIFYLI,1
CASSAGVGTGELFF,FVAAIFYLI,1
CASNLGGGSTDTQYF,FVAAIFYLI,1
CASSDGGSSGNTIYF,FVAAIFYLI,1
CASSQDLGARMGETQYF,FVAAIFYLI,1
CSARTSAGVYEQFF,FVAAIFYLI,1
CASSTPDTPSSYNEQFF,FVAAIFYLI,1
CASSLGANTGELFF,FVAAIFYLI,1
CASSQVGRGRGAFF,FVAAIFYLI,1
CASSQDRAGWIDEQFF,FVAAIFYLI,1
CSASVPAGQQNSSPLHF,FVAAIFYLI,1
CASSLGFNEQYF,FVAAIFYLI,1
CATSDVAGGGGEQFF,FVAAIFYLI,1
CASSLMTGGAYNEQFF,FVAAIFYLI,1
CASRDHRVIYGYTF,FVAAIFYLI,1
CASRRSLQGARGGYTF,FVAAIFYLI,1
CSARVEGAGPAQYF,FVAAIFYLI,1
CASRSLSGEQFF,FVAAIFYLI,1
CASSNRGYDEQYF,FVAAIFYLI,1
CASRRTGVVEKLFF,FVAAIFYLI,1
CASSYLGQMDEKLFF,FVAAIFYLI,1
CASSLAGQENQPQHF,FVAAIFYLI,1
CASSPSDPGELFF,FVAAIFYLI,1
CASSDGTSGRAGGELFF,FVAAIFYLI,1
CASSIAGNNEQFF,FVAAIFYLI,1
CASSLKVRDEQFF,FVAAIFYLI,1
CASSPPADEALYGYTF,FVAAIFYLI,1
CASSTYRQGYNEQFF,FVAAIFYLI,1
CASSYSRGISPYGYTF,FVAAIFYLI,1
CASSSSDPPGNQPQHF,FVAAIFYLI,1
CASSQVGTGVHEQFF,FVAAIFYLI,1
CASSLSNTPGEQFF,FVAAIFYLI,1
CASRSTGYLEQYF,FVAAIFYLI,1
CASSLSYNSPLHF,FVAAIFYLI,1
CASSQEFVGAVLDTQYF,FVAAIFYLI,1
CASTLSTDRGFTGELFF,FVAAIFYLI,1
CASSFISQGAYGYTF,FVAAIFYLI,1
CASSLGPVYEQYF,FVAAIFYLI,1
CATGTGGNDYEQYF,FVAAIFYLI,1
CASSLGGEQYF,FVAAIFYLI,1
CASSIGFGQGVSTEAFF,FVAAIFYLI,1
CASSRDFVSNEQYF,FVAAIFYLI,1
CATSDFGVNTGELFF,FVAAIFYLI,1
CSAYRVMSHEQYF,FVAAIFYLI,1
CASSLGGPPTYEQYF,FVAAIFYLI,1
CASKKLAGDSYEQYF,FVAAIFYLI,1
CASSSYSRYEQYF,FVAAIFYLI,1
CASTTGDSSNQPQHF,FVAAIFYLI,1
CASSLGRSTGELFF,FVAAIFYLI,1
CASRGGTGLYGYTF,FVAAIFYLI,1
CASSLFGSGGAGETQYF,FVAAIFYLI,1
CASSLGVGRGFTEAFF,FVAAIFYLI,1
CASRELGQETQYF,FVAAIFYLI,1
CASSLAAGGSYGYTF,FVAAIFYLI,1
CASRHSQGAPSWYQETQYF,FVAAIFYLI,1
CATSEIQGFSTDTQYF,FVAAIFYLI,1
CSATGLRTSYEQYF,FVAAIFYLI,1
CASRTTTGTGSSGNTIYF,FVAAIFYLI,1
CASSLSPLDNPSYEQYF,FVAAIFYLI,1
CATSDYGYTF,FVAAIFYLI,1
CASSVEGDGSEAFF,FVAAIFYLI,1
CATFAASKEQFF,FVAAIFYLI,1
CSAEVPGANTGELFF,FVAAIFYLI,1
CASSFWGLAGGYNEQFF,FVAAIFYLI,1
CAIRWTLNNEQFF,FVAAIFYLI,1
CASKHSGTGVLARELFF,FVAAIFYLI,1
CASSEDNRGRYEQYF,FVAAIFYLI,1
CASSSSGYNEQFF,FVAAIFYLI,1
CASSGQVESSGNTIYF,FVAAIFYLI,1
CASSSDPSTDTQYF,FVAAIFYLI,1
CASSLGTGGTEAFF,FVAAIFYLI,1
CASSLRGSAGNTIYF,FVAAIFYLI,1
CASRGEGSYEQYF,FVAAIFYLI,1
CASSLASTGLTQETQYF,FVAAIFYLI,1
CASRDATGGFEQYF,FVAAIFYLI,1
CASSSPRSSRDTDTQYF,FVAAIFYLI,1
CASSLYSGSFYEQYF,FVAAIFYLI,1
CASSSGVGQEAHEQYF,FVAAIFYLI,1
CASSESQGDYYGYTF,FVAAIFYLI,1
CASSPPGTPPNYGYTF,FVAAIFYLI,1
CASSQGGRSTDTQYF,FVAAIFYLI,1
CASSQDPPDTQYF,FVAAIFYLI,1
CSARDREGSIYNEQFF,FVAAIFYLI,1
CASSVSQKLFF,FVAAIFYLI,1
CASSEWALPNEQFF,FVAAIFYLI,1
CASSPVGPNTQYF,FVAAIFYLI,1
CACSIDPRGQPQHF,FVAAIFYLI,1
CASSGQGMGNSPLHF,FVAAIFYLI,1
CASTSVNTGELFF,FVAAIFYLI,1
CASSPGTGSHPYNEQFF,FVAAIFYLI,1
CACCRLFSREYGYTF,FVAAIFYLI,1
CASSPERGEETQYF,FVAAIFYLI,1
CASSSVAFDSGNTIYF,FVAAIFYLI,1
CASSPLQGANHDEQYF,FVAAIFYLI,1
CASSDPSGPGGGSPLHF,FVAAIFYLI,1
CASSLDLTETQYF,FVAAIFYLI,1
CASSRYRDPPDHEQYF,FVAAIFYLI,1
CASSGRVTGGFYNEQFF,FVAAIFYLI,1
CASSLNNEQFF,FVAAIFYLI,1
CASSLLGGSYEQYF,FVAAIFYLI,1
CSARDLEVLSYEQYF,FVAAIFYLI,1
CASAGERSEQFF,FVAAIFYLI,1
CASSEGGGYEQYF,FVAAIFYLI,1
CASSQVRQGLNQPQHF,FVAAIFYLI,1
CSASPGYNEQFF,FVAAIFYLI,1
CASSVAGGGQETQYF,FVAAIFYLI,1
CATSDDSEKLFF,FVAAIFYLI,1
CASSLLPEGTGRVSGYTF,FVAAIFYLI,1
CASSWREGTDTQYF,FVAAIFYLI,1
CASSLIRDITYEQYF,FVAAIFYLI,1
CASSQDRASYNEQFF,FVAAIFYLI,1
CASSIGRSPQHF,FVAAIFYLI,1
CASSPSGLAGSNLGNEQFF,FVAAIFYLI,1
CASSLDFSRQETQYF,FVAAIFYLI,1
CSARTATGGQSGYTF,FVAAIFYLI,1
CASSFGAGAKAGELFF,FVAAIFYLI,1
CASSQDSSETQYF,FVAAIFYLI,1
CSLSGGQHNEQFF,FVAAIFYLI,1
CATSRDWTGSAETQYF,FVAAIFYLI,1
CASSFEVRVDTEAFF,FVAAIFYLI,1
CASGFFNQPQHF,FVAAIFYLI,1
CASSQWDNQPQHF,FVAAIFYLI,1
CASSLPTRQNLASYEYGYTF,FVAAIFYLI,1
CASSPGLTPAEQYF,FVAAIFYLI,1
CASSFDHRGRDEQFF,FVAAIFYLI,1
CASSPGTGDLETQYF,FVAAIFYLI,1
CASSQDAGITYEQYF,FVAAIFYLI,1
CASSVERENTGELFF,FVAAIFYLI,1
CASRVKETQYF,FVAAIFYLI,1
CASSTSLLAQHF,FVAAIFYLI,1
CASSFLSAGGGTDTQYF,FVAAIFYLI,1
CASSWTGMNTEAFF,FVAAIFYLI,1
CASSLEAVSIHGYTF,FVAAIFYLI,1
CASSPSGYQPQHF,FVAAIFYLI,1
CASSVQEEYGYTF,FVAAIFYLI,1
CASRIGTTNEQYF,FVAAIFYLI,1
CASSPGPNQPQHF,FVAAIFYLI,1
CSARAGSTYEQYF,FVAAIFYLI,1
CATSETVAGGTGELFF,FVAAIFYLI,1
CASSGPGTLNLDTF,FVAAIFYLI,1
CASSSNIRDSGNTIYF,FVAAIFYLI,1
CASSQGSRPEQYF,FVAAIFYLI,1
CASARGWGPAGGELFF,FVAAIFYLI,1
CASSLGRYNEQFF,FVAAIFYLI,1
CASSLIANQETQYF,FVAAIFYLI,1
CATSDSSGSNEQFF,FVAAIFYLI,1
CASSWGDYNEQFF,FVAAIFYLI,1
CAISSDSGDEQFF,FVAAIFYLI,1
CASSPSAGRGLGYTF,FVAAIFYLI,1
CASGPLVGGGLGAYTF,FVAAIFYLI,1
CASSLVSPSEQFF,FVAAIFYLI,1
CASSFGGVEGMNTEAFF,FVAAIFYLI,1
CASSLDQGAQDNEQFF,FVAAIFYLI,1
CASSVGRTLDYGYTF,FVAAIFYLI,1
CASSQDHPGGYEQYF,FVAAIFYLI,1
CASGLVPGGGSDGYTF,FVAAIFYLI,1
CASSPGRGDSPLHF,FVAAIFYLI,1
CASSLGEPQHF,FVAAIFYLI,1
CASSLLAGGKETQYF,FVAAIFYLI,1
CAISDPRDSYEQYF,FVAAIFYLI,1
CASTQGYNEQFF,FVAAIFYLI,1
CASSDRFWEQYF,FVAAIFYLI,1
CASSVVGDEQYF,FVAAIFYLI,1
CASSDRDRGLLRQFF,FVAAIFYLI,1
CASRAGGWTLPSNYGYTF,FVAAIFYLI,1
CASSFIGTRAGQYF,FVAAIFYLI,1
CASSQSGGRYEQYF,FVAAIFYLI,1
CASSPSGRGGNEQFF,FVAAIFYLI,1
CASSQDPETGRTDTQYF,FVAAIFYLI,1
CASSDRGTGELFF,FVAAIFYLI,1
CASFGGTGELFF,FVAAIFYLI,1
CASSLNEQEGQPQHF,FVAAIFYLI,1
CASSQDSGWREKLFF,FVAAIFYLI,1
CASSVSGANYNEQFF,FVAAIFYLI,1
CASSEEGGLSNEKLFF,FVAAIFYLI,1
CSVDQGSGELFF,FVAAIFYLI,1
CASSLGSGQYQETQYF,FVAAIFYLI,1
CASSTGSYEQYF,FVAAIFYLI,1
CASSSGTGGQYEQYF,FVAAIFYLI,1
CAWSVPLGRREKLFF,FVAAIFYLI,1
CATSRNRGDGYTF,FVAAIFYLI,1
CASSVSGPPTGELFF,FVAAIFYLI,1
CASSYGTLPSEQFF,FVAAIFYLI,1
CSARFSANGEQYF,FVAAIFYLI,1
CASSLEMQGALYGYTF,FVAAIFYLI,1
CASSGREAFF,FVAAIFYLI,1
CASSADAGTSSEQFF,FVAAIFYLI,1
