complex.id,peptide,potential,score
5isz.pdb,PILYGMAML,TCRen,-3.8497745930803
5isz.pdb,QIYCLYYQL,TCRen,-3.23855923709071
5isz.pdb,SIKSLSMCL,TCRen,-3.09332867331883
5isz.pdb,NIYSYTSQL,TCRen,-3.01684962027176
5isz.pdb,LIWFGMQQL,TCRen,-2.56523418400123
5isz.pdb,TIYMYRYAL,TCRen,-2.11682573819772
5isz.pdb,IISGGHKCL,TCRen,-2.02942404343619
5isz.pdb,RIYLYGNCL,TCRen,-1.94723583682732
5isz.pdb,YISYFCKML,TCRen,-1.91903456617421
5isz.pdb,HIQSLQTML,TCRen,-1.89624952719343
5isz.pdb,TIWFRYMCL,TCRen,-1.84726505935566
5isz.pdb,YIFSHRQSL,TCRen,-1.79008529675978
5isz.pdb,IIYYYSNHL,TCRen,-1.77705901437248
5isz.pdb,RIYGPARPL,TCRen,-1.76977209407595
5isz.pdb,PIPLLTTPL,TCRen,-1.7662978919188
5isz.pdb,IIIYASYQL,TCRen,-1.75274877886994
5isz.pdb,RIEREMAML,TCRen,-1.74990938271888
5isz.pdb,QITLEAMYL,TCRen,-1.73553017412519
5isz.pdb,NIMKRNYSL,TCRen,-1.70846787795894
5isz.pdb,EIHRYAMAL,TCRen,-1.6737944910568
5isz.pdb,RIFYEWTCL,TCRen,-1.66420285518774
5isz.pdb,QIVYAWMQL,TCRen,-1.64537325993471
5isz.pdb,VIPPYKTML,TCRen,-1.5962630468942
5isz.pdb,LIDGPMWYL,TCRen,-1.59579205466199
5isz.pdb,DIRIINMNL,TCRen,-1.59560792351858
5isz.pdb,MIHKLCWCL,TCRen,-1.57393108066221
5isz.pdb,LIDMGRCFL,TCRen,-1.53713251813116
5isz.pdb,FIDEYLYQL,TCRen,-1.52284037072027
5isz.pdb,MIFHSCKQL,TCRen,-1.48552078476303
5isz.pdb,YIPTITCYL,TCRen,-1.48058527212385
5isz.pdb,HIDESMTWL,TCRen,-1.40212948958656
5isz.pdb,RIIYVAKSL,TCRen,-1.36670716234286
5isz.pdb,QIHGRCAPL,TCRen,-1.27366992306738
5isz.pdb,YIVNYVAML,TCRen,-1.27004297760478
5isz.pdb,YIHYRSDML,TCRen,-1.22500672743235
5isz.pdb,YIYEIMVYL,TCRen,-1.17274899685024
5isz.pdb,KIYEMMYRL,TCRen,-1.15142053133242
5isz.pdb,DIINKMMCL,TCRen,-1.14847354019559
5isz.pdb,NIYMTSKSL,TCRen,-1.14522296743195
5isz.pdb,DIYWGMWWL,TCRen,-1.06966633475479
5isz.pdb,YIWMIYQTL,TCRen,-1.04694886535
5isz.pdb,HIWRRANQL,TCRen,-1.02020059765787
5isz.pdb,VIMRGTKRL,TCRen,-1.0033347456951
5isz.pdb,HIALRMACL,TCRen,-0.985240512272328
5isz.pdb,DITPYYYRL,TCRen,-0.962446276897203
5isz.pdb,RISNRSMAL,TCRen,-0.937562602119365
5isz.pdb,HIVFGYHNL,TCRen,-0.929530202900134
5isz.pdb,PIPFFMCAL,TCRen,-0.925663647588595
5isz.pdb,LIYFSYADL,TCRen,-0.92520467173372
5isz.pdb,MIRCESAYL,TCRen,-0.924998186382911
5isz.pdb,DIPSCKQCL,TCRen,-0.910418980597879
5isz.pdb,EIMGRYCAL,TCRen,-0.893306294410625
5isz.pdb,PICERSNSL,TCRen,-0.873159853485344
5isz.pdb,TIMYLKMFL,TCRen,-0.869989362360489
5isz.pdb,AIFYIMHSL,TCRen,-0.86251825924358
5isz.pdb,GIEVLTYQL,TCRen,-0.851517849702308
5isz.pdb,PIVMAHMQL,TCRen,-0.844845017242111
5isz.pdb,PIRPGFNYL,TCRen,-0.832258564784691
5isz.pdb,TIHYYFHML,TCRen,-0.826683523819086
5isz.pdb,TIEPMSCNL,TCRen,-0.809458994502404
5isz.pdb,QIPFEAWWL,TCRen,-0.794103752092873
5isz.pdb,KIQYAHSQL,TCRen,-0.766011841898219
5isz.pdb,CIQAYCKNL,TCRen,-0.760627052470857
5isz.pdb,HIWCGGNSL,TCRen,-0.75059437081381
5isz.pdb,LIVYGHLML,TCRen,-0.70147690413499
5isz.pdb,RILIRHYCL,TCRen,-0.694156815856351
5isz.pdb,KIVKYTWQL,TCRen,-0.67139988021217
5isz.pdb,NIEGGERTL,TCRen,-0.669559756137534
5isz.pdb,NILNLDPML,TCRen,-0.660048612574281
5isz.pdb,EIERECFYL,TCRen,-0.659186967687117
5isz.pdb,LIAGERFTL,TCRen,-0.654289929199085
5isz.pdb,IIQNENFNL,TCRen,-0.653958792631776
5isz.pdb,TIRLACWML,TCRen,-0.62202063581674
5isz.pdb,MIDLYKNFL,TCRen,-0.617946556085592
5isz.pdb,SIAGAFAML,TCRen,-0.602644904911083
5isz.pdb,DIHGWTRNL,TCRen,-0.598364131270165
5isz.pdb,MIGRPFQQL,TCRen,-0.585404027425541
5isz.pdb,YIKGYPKAL,TCRen,-0.562780663187187
5isz.pdb,MISSGTSDL,TCRen,-0.553210085579088
5isz.pdb,GIHGSNPKL,TCRen,-0.546036980339349
5isz.pdb,WIVWGSKKL,TCRen,-0.524869176159332
5isz.pdb,WIIVRAMCL,TCRen,-0.507605093986578
5isz.pdb,NIHSLGQYL,TCRen,-0.502073663206236
5isz.pdb,FIFSSRLSL,TCRen,-0.499665236953601
5isz.pdb,SIAMSPYCL,TCRen,-0.498551548971825
5isz.pdb,AIDSLTCPL,TCRen,-0.477452275118325
5isz.pdb,IIESRRYRL,TCRen,-0.44825408775051
5isz.pdb,HICCLCYML,TCRen,-0.407231603914437
5isz.pdb,FIDKCFMCL,TCRen,-0.400943791222922
5isz.pdb,DIQWSSFPL,TCRen,-0.373981800229017
5isz.pdb,YIQQYPCPL,TCRen,-0.361608839731086
5isz.pdb,NITCGQSFL,TCRen,-0.32309950767499
5isz.pdb,TITPICRWL,TCRen,-0.311276498947631
5isz.pdb,YIFAWYMYL,TCRen,-0.309809868334372
5isz.pdb,IIWYEMMFL,TCRen,-0.304979801616449
5isz.pdb,EIGSGYSFL,TCRen,-0.298973912739004
5isz.pdb,FIYQRMRKL,TCRen,-0.246252477740932
5isz.pdb,EIGMYMVSL,TCRen,-0.224971823776868
5isz.pdb,MIYGWMCHL,TCRen,-0.220788603369746
5isz.pdb,EIEGMKMAL,TCRen,-0.199050104005461
5isz.pdb,VIAIHNMCL,TCRen,-0.193876131643631
5isz.pdb,DITQRAMRL,TCRen,-0.18749285376534
5isz.pdb,GIYAEHPSL,TCRen,-0.172977385510967
5isz.pdb,MIVSLYCEL,TCRen,-0.14485664834154
5isz.pdb,SIWGPFYRL,TCRen,-0.133931505896687
5isz.pdb,PIRLGGCKL,TCRen,-0.108079917710748
5isz.pdb,DIVRLWRDL,TCRen,-0.102593632489828
5isz.pdb,TIAEHSKTL,TCRen,-0.0977234555419369
5isz.pdb,AIKTPCYQL,TCRen,-0.0939797831335439
5isz.pdb,DILKSFYKL,TCRen,-0.0931055296215037
5isz.pdb,EISAYSPAL,TCRen,-0.0858534758306536
5isz.pdb,FIKQIRQKL,TCRen,-0.065026364816508
5isz.pdb,EIQRTMYQL,TCRen,-0.0640817233613191
5isz.pdb,MIWKAMWCL,TCRen,-0.0603351523127008
5isz.pdb,LIYARTMWL,TCRen,-0.0564925123882051
5isz.pdb,EINRSADQL,TCRen,-0.0519832554777848
5isz.pdb,SIPRSYFHL,TCRen,-0.0501996939956428
5isz.pdb,LIKKFQYSL,TCRen,-0.0384202874109846
5isz.pdb,YINMFPNSL,TCRen,-0.0333165608713867
5isz.pdb,NIDYLGMLL,TCRen,0.00163814667349907
5isz.pdb,TIVYIFQHL,TCRen,0.0080006969327332
5isz.pdb,GIFNAVYCL,TCRen,0.0128369987077182
5isz.pdb,YIFRYEYWL,TCRen,0.0352270388967353
5isz.pdb,EILWGCGNL,TCRen,0.0355544625403241
5isz.pdb,WIWQLKRSL,TCRen,0.057876326652696
5isz.pdb,QIVNKMNPL,TCRen,0.0612257763603753
5isz.pdb,QIAMFKPSL,TCRen,0.0658831253039123
5isz.pdb,SICCERACL,TCRen,0.0689819563510346
5isz.pdb,MIDMIRSVL,TCRen,0.0769677442953383
5isz.pdb,FIDKPCVML,TCRen,0.0798164107757239
5isz.pdb,EIMYINDKL,TCRen,0.0844719012450521
5isz.pdb,EIWFGRDPL,TCRen,0.087897038775832
5isz.pdb,CIFIIFTNL,TCRen,0.0891532549519734
5isz.pdb,DIALTSASL,TCRen,0.0966826822841096
5isz.pdb,YIHNGMHDL,TCRen,0.100175027771538
5isz.pdb,LIPMMFTAL,TCRen,0.100898536964865
5isz.pdb,SIQNKHNML,TCRen,0.111445947594559
5isz.pdb,KISMGCHPL,TCRen,0.119580605404606
5isz.pdb,MIEESWAWL,TCRen,0.120059273555029
5isz.pdb,TIVNITNFL,TCRen,0.122075610922506
5isz.pdb,FIVLLVCPL,TCRen,0.129015887267896
5isz.pdb,HIIKSNQKL,TCRen,0.129141319302069
5isz.pdb,WIKCYWFCL,TCRen,0.144500518251424
5isz.pdb,EINHGSCHL,TCRen,0.150091213747884
5isz.pdb,WIWSGTDSL,TCRen,0.15769620882743
5isz.pdb,NIILCYNRL,TCRen,0.165447896464664
5isz.pdb,YIQSTKSSL,TCRen,0.165894441838054
5isz.pdb,PILYIFTVL,TCRen,0.169716288521226
5isz.pdb,DITHVMRNL,TCRen,0.174478510306154
5isz.pdb,DIQDGFFPL,TCRen,0.177228237501322
5isz.pdb,EIHGWHRNL,TCRen,0.177742109074462
5isz.pdb,NIRSGPADL,TCRen,0.180202607416236
5isz.pdb,GICILRRQL,TCRen,0.189663569064587
5isz.pdb,AISHFMSSL,TCRen,0.19136315024796
5isz.pdb,GIQNTSFSL,TCRen,0.193689408626372
5isz.pdb,PIDLNWYNL,TCRen,0.215282342253204
5isz.pdb,DIVHWFNML,TCRen,0.215737405284899
5isz.pdb,AIVQGMKDL,TCRen,0.220897085042737
5isz.pdb,EIQMLANEL,TCRen,0.230820825892044
5isz.pdb,AIARPCTTL,TCRen,0.233347301837007
5isz.pdb,YIVHEVQNL,TCRen,0.239045112253345
5isz.pdb,LIAVAPMCL,TCRen,0.247590936961008
5isz.pdb,RIQRLMFEL,TCRen,0.268146816701835
5isz.pdb,YIIVFSDSL,TCRen,0.268246109259639
5isz.pdb,WIIEVQNML,TCRen,0.269291385300085
5isz.pdb,AICFLRCQL,TCRen,0.272683965371997
5isz.pdb,KIQIHYMWL,TCRen,0.281615050857936
5isz.pdb,KISFHRYPL,TCRen,0.294300079868969
5isz.pdb,GIIFHSCKL,TCRen,0.300854656437227
5isz.pdb,WIVAGYVSL,TCRen,0.312628955977187
5isz.pdb,WIDEYTDTL,TCRen,0.320590506853416
5isz.pdb,HINWLRMHL,TCRen,0.323543168120271
5isz.pdb,LIPSHCHYL,TCRen,0.32533911404972
5isz.pdb,YIYSMMVTL,TCRen,0.342538073382348
5isz.pdb,LIEEPRYLL,TCRen,0.343828009685192
5isz.pdb,SIDCLIWCL,TCRen,0.346701816557294
5isz.pdb,TIHISFCPL,TCRen,0.358792940036705
5isz.pdb,RISQRNNTL,TCRen,0.361738576430171
5isz.pdb,IINTLTQWL,TCRen,0.370205504367651
5isz.pdb,PIGYHMPAL,TCRen,0.373558855282657
5isz.pdb,DIEAGPYWL,TCRen,0.375420967931532
5isz.pdb,YIYINMMDL,TCRen,0.386854494420312
5isz.pdb,AIVHIRPPL,TCRen,0.389244542230241
5isz.pdb,MIAVSVTCL,TCRen,0.390295308038902
5isz.pdb,FIMWISWDL,TCRen,0.391469475664097
5isz.pdb,AIFFPCQDL,TCRen,0.400374338898581
5isz.pdb,GIYFWMRFL,TCRen,0.408724323842808
5isz.pdb,SIIWCNPCL,TCRen,0.409328459990973
5isz.pdb,NIVCIFTHL,TCRen,0.414301877442164
5isz.pdb,TIFFSHAAL,TCRen,0.415419417580143
5isz.pdb,IILPIWNWL,TCRen,0.42070609179422
5isz.pdb,WIWTLMSAL,TCRen,0.428568097517998
5isz.pdb,NIFTYNVKL,TCRen,0.429067928601315
5isz.pdb,TINDGFNWL,TCRen,0.441687865904724
5isz.pdb,TIDCFFATL,TCRen,0.442980886960484
5isz.pdb,EILDMYNRL,TCRen,0.466712755556
5isz.pdb,QIQKWGCML,TCRen,0.471318134426349
5isz.pdb,TIDSPWWPL,TCRen,0.478579536507873
5isz.pdb,EISASKCNL,TCRen,0.491934568154236
5isz.pdb,AIRDGRMFL,TCRen,0.495025159784903
5isz.pdb,QIKDHMSNL,TCRen,0.502477368704695
5isz.pdb,KIQCPNFWL,TCRen,0.50779765484056
5isz.pdb,KIDPGSVDL,TCRen,0.509787850051079
5isz.pdb,EITWMWSCL,TCRen,0.51066751150155
5isz.pdb,EIDGRTMVL,TCRen,0.519238439546415
5isz.pdb,EIIEEDKQL,TCRen,0.521798953574681
5isz.pdb,IIKRICMVL,TCRen,0.523947611777763
5isz.pdb,YIHRKGRSL,TCRen,0.527928697780336
5isz.pdb,QIIYAHHML,TCRen,0.538521375324842
5isz.pdb,HIDWFTMAL,TCRen,0.539140392584356
5isz.pdb,FINQFWQSL,TCRen,0.554304929500777
5isz.pdb,LIHILEFCL,TCRen,0.558380888623418
5isz.pdb,QIHVSSECL,TCRen,0.564974360785833
5isz.pdb,EIQKCMQTL,TCRen,0.57574911357263
5isz.pdb,NIGSHWNNL,TCRen,0.588137063083121
5isz.pdb,EIMSSQVQL,TCRen,0.592152561223976
5isz.pdb,NIVARATDL,TCRen,0.593899953349895
5isz.pdb,KIPNYLHNL,TCRen,0.594419287528079
5isz.pdb,SIEDPHPML,TCRen,0.59896038825309
5isz.pdb,NIHYYLGQL,TCRen,0.610228470740562
5isz.pdb,DILIHGASL,TCRen,0.633623978291047
5isz.pdb,VILEKPWSL,TCRen,0.670965825981971
5isz.pdb,YIDCTASRL,TCRen,0.675731175298217
5isz.pdb,GIQIPAFWL,TCRen,0.680523922625096
5isz.pdb,WILNHAYKL,TCRen,0.686544180983633
5isz.pdb,MILYVNHPL,TCRen,0.686714871415934
5isz.pdb,FIFCPAAFL,TCRen,0.688952821762163
5isz.pdb,KIIYCHKNL,TCRen,0.700175778697149
5isz.pdb,WIAYFMCWL,TCRen,0.702087003590845
5isz.pdb,PIFCRPPPL,TCRen,0.704123198789977
5isz.pdb,RIRNFRRDL,TCRen,0.705859812458605
5isz.pdb,KILAGVAPL,TCRen,0.706527392406479
5isz.pdb,EIGTEKYYL,TCRen,0.712792087554052
5isz.pdb,GIDTKFCNL,TCRen,0.731345630825169
5isz.pdb,YIPPTNMKL,TCRen,0.733160067797748
5isz.pdb,TIGMGLQKL,TCRen,0.735685159184132
5isz.pdb,IIKSLCTLL,TCRen,0.751629250398493
5isz.pdb,NIGAHYMPL,TCRen,0.755978196940268
5isz.pdb,GIGTMHYML,TCRen,0.758051437750414
5isz.pdb,AIWELCDTL,TCRen,0.771157216323235
5isz.pdb,PIGGMDRNL,TCRen,0.77278692577623
5isz.pdb,FIGDGKRRL,TCRen,0.778575385241386
5isz.pdb,QIPKTWACL,TCRen,0.789852114324486
5isz.pdb,MIWVLENQL,TCRen,0.800114196988295
5isz.pdb,MIPNWQFKL,TCRen,0.814938384225794
5isz.pdb,CIDTIYPFL,TCRen,0.816915281150201
5isz.pdb,PIRSCPNNL,TCRen,0.832594993144409
5isz.pdb,SIPTQYRRL,TCRen,0.835349979590041
5isz.pdb,IIAMRKFQL,TCRen,0.836141034327298
5isz.pdb,HILFCNNDL,TCRen,0.836458232836825
5isz.pdb,QIHTVYFTL,TCRen,0.857341032819664
5isz.pdb,DIMISNICL,TCRen,0.865645243729589
5isz.pdb,LIATMPYNL,TCRen,0.866258691507086
5isz.pdb,CIWKGQTAL,TCRen,0.867391903628564
5isz.pdb,PIIKLHCFL,TCRen,0.868614664530294
5isz.pdb,FITPISEML,TCRen,0.87038837833217
5isz.pdb,TIRQYNNEL,TCRen,0.872726348441188
5isz.pdb,FIMVWPKCL,TCRen,0.873332441801787
5isz.pdb,QINTATTKL,TCRen,0.87680526265061
5isz.pdb,DIEFLTPEL,TCRen,0.887295234082194
5isz.pdb,PIYRLIMHL,TCRen,0.896962289846795
5isz.pdb,GIRCGCPVL,TCRen,0.899106093248114
5isz.pdb,CIHSEQKTL,TCRen,0.901121998811525
5isz.pdb,AILRNRFNL,TCRen,0.90598991935833
5isz.pdb,DIEQEFAKL,TCRen,0.912057468848139
5isz.pdb,WIMNQSNYL,TCRen,0.922629882328157
5isz.pdb,HIMTMETSL,TCRen,0.936751756832549
5isz.pdb,IIGEHVQML,TCRen,0.937934189854619
5isz.pdb,EIGESADPL,TCRen,0.94302904021565
5isz.pdb,DIQESDDQL,TCRen,0.954143637965567
5isz.pdb,IIMRIKISL,TCRen,0.956258370824813
5isz.pdb,YIVDPCCHL,TCRen,0.960323959195823
5isz.pdb,NICSWTSCL,TCRen,0.982091186071746
5isz.pdb,CIPQKQNML,TCRen,0.984085650442099
5isz.pdb,EIYLHCHRL,TCRen,0.987111502993021
5isz.pdb,HIKHIPMWL,TCRen,1.00445390133727
5isz.pdb,PISRGCIDL,TCRen,1.00628915582713
5isz.pdb,GIYHFCTHL,TCRen,1.00780335638254
5isz.pdb,GIWKINGCL,TCRen,1.0111123472867
5isz.pdb,PIYMAEKTL,TCRen,1.01515097186401
5isz.pdb,QIRYGTEAL,TCRen,1.034292663423
5isz.pdb,KIDVKMQWL,TCRen,1.0418509303654
5isz.pdb,YIQYSFIYL,TCRen,1.04975103444534
5isz.pdb,QITPLLTAL,TCRen,1.06631845380232
5isz.pdb,HIKFCSVSL,TCRen,1.06682499927193
5isz.pdb,EIYPMSAEL,TCRen,1.06755755427144
5isz.pdb,PIGDVMYTL,TCRen,1.07493240782649
5isz.pdb,YIMFANDAL,TCRen,1.08643265804739
5isz.pdb,AIILWATRL,TCRen,1.0894729232228
5isz.pdb,FIHCFKSRL,TCRen,1.09583652778399
5isz.pdb,NIDVVTPAL,TCRen,1.10461569501791
5isz.pdb,GILGFVFTL,TCRen,1.10688284286543
5isz.pdb,AIFLVLYSL,TCRen,1.11234803478625
5isz.pdb,MIAMMFMDL,TCRen,1.11282719058032
5isz.pdb,RIPRSPEQL,TCRen,1.11858269102648
5isz.pdb,LINFWKMDL,TCRen,1.12129737563657
5isz.pdb,TIYGVMQIL,TCRen,1.1227865973878
5isz.pdb,KIKVPHTNL,TCRen,1.12373022712749
5isz.pdb,PIHRQFMKL,TCRen,1.12577557267331
5isz.pdb,VIWFGFNEL,TCRen,1.1284421491892
5isz.pdb,VINIINNHL,TCRen,1.13299502004127
5isz.pdb,QIGPYSHFL,TCRen,1.14329944743506
5isz.pdb,HIVNYINTL,TCRen,1.15533849723563
5isz.pdb,WIQFNKNQL,TCRen,1.16090433453728
5isz.pdb,NIVIVFARL,TCRen,1.16514064277986
5isz.pdb,QIHRFHWPL,TCRen,1.16797138286714
5isz.pdb,GIRGPGPTL,TCRen,1.17341762384633
5isz.pdb,IICYINTDL,TCRen,1.17543081241248
5isz.pdb,VIASKASTL,TCRen,1.19034204027529
5isz.pdb,VIELRVNPL,TCRen,1.19286228132329
5isz.pdb,WIMGSPRFL,TCRen,1.19287861824596
5isz.pdb,RIKFHPKNL,TCRen,1.20066803297762
5isz.pdb,SIKNNAWNL,TCRen,1.21009242757871
5isz.pdb,YIDQWGMAL,TCRen,1.21295175858675
5isz.pdb,MINHVRPRL,TCRen,1.21952720090312
5isz.pdb,YIMSIDDNL,TCRen,1.22691045840972
5isz.pdb,VITQGHVQL,TCRen,1.23034034042559
5isz.pdb,EIAYEKGML,TCRen,1.23190919838769
5isz.pdb,TISQIPAWL,TCRen,1.23397321887665
5isz.pdb,LIYNANEYL,TCRen,1.24738066593059
5isz.pdb,CIWRRQTPL,TCRen,1.2489032015594
5isz.pdb,WIKEMFNTL,TCRen,1.25169983030854
5isz.pdb,GIPDCGNCL,TCRen,1.25666008006997
5isz.pdb,LISRWGMAL,TCRen,1.25683029746853
5isz.pdb,HIHAASFRL,TCRen,1.25825508430909
5isz.pdb,FIWNQQASL,TCRen,1.26501668045895
5isz.pdb,QIFPIDFYL,TCRen,1.27518694630604
5isz.pdb,GINLSMPEL,TCRen,1.27564822221604
5isz.pdb,TISLGSGHL,TCRen,1.27737815061622
5isz.pdb,HISDPTRTL,TCRen,1.28446183238349
5isz.pdb,PIELQLYML,TCRen,1.28943303462637
5isz.pdb,DITTYVRFL,TCRen,1.29723455197153
5isz.pdb,MIKHLGNRL,TCRen,1.29749610233993
5isz.pdb,LIQLAITNL,TCRen,1.3049999570651
5isz.pdb,LIPYNYQVL,TCRen,1.30839218714061
5isz.pdb,EIVVWSHNL,TCRen,1.31664196556179
5isz.pdb,WIHQATMPL,TCRen,1.31976505128898
5isz.pdb,EIFQWVRQL,TCRen,1.33541482159789
5isz.pdb,NIVKCYMEL,TCRen,1.33593460753677
5isz.pdb,NIDMSIATL,TCRen,1.34210424270123
5isz.pdb,SIRSGGDTL,TCRen,1.34337906306997
5isz.pdb,WIGNPCHNL,TCRen,1.35369865425545
5isz.pdb,HIWAIGMTL,TCRen,1.36260324540815
5isz.pdb,TIINAFMHL,TCRen,1.36319788455016
5isz.pdb,TIMTYDLSL,TCRen,1.3641931817231
5isz.pdb,QIKHEVYTL,TCRen,1.36569078624438
5isz.pdb,KIWFMQAKL,TCRen,1.36608805068245
5isz.pdb,RIWHYCMIL,TCRen,1.37114783189459
5isz.pdb,GIYMDYWNL,TCRen,1.37160539443517
5isz.pdb,YIFVPYHWL,TCRen,1.37926246214126
5isz.pdb,MIFVVYADL,TCRen,1.38042524854691
5isz.pdb,CIMWENVCL,TCRen,1.39231112066398
5isz.pdb,VIDTIVFWL,TCRen,1.39811868927135
5isz.pdb,NIQLQEASL,TCRen,1.40498138399453
5isz.pdb,IIFFIQALL,TCRen,1.40710857693093
5isz.pdb,KIYVSDCPL,TCRen,1.40878323102053
5isz.pdb,PILQPWGML,TCRen,1.41195821285327
5isz.pdb,IILWEVKRL,TCRen,1.41428727072371
5isz.pdb,WIMTENGCL,TCRen,1.41556801447597
5isz.pdb,SIVQLQHAL,TCRen,1.41820108514114
5isz.pdb,RICASYMTL,TCRen,1.42185945638353
5isz.pdb,EIQAFTQAL,TCRen,1.4308022361469
5isz.pdb,YIRRGWQIL,TCRen,1.43647555455455
5isz.pdb,CIDDWTKNL,TCRen,1.43717262572233
5isz.pdb,AIPITFRSL,TCRen,1.43854048666441
5isz.pdb,YIGSKLASL,TCRen,1.43960497573803
5isz.pdb,RIMSIKPLL,TCRen,1.44604411745513
5isz.pdb,SIPSSQNIL,TCRen,1.44973809152356
5isz.pdb,RIVLEPLNL,TCRen,1.45102319706094
5isz.pdb,SIMVYDAWL,TCRen,1.45173458219855
5isz.pdb,AIITLMNEL,TCRen,1.45881304834133
5isz.pdb,RIMINTMKL,TCRen,1.46156223712186
5isz.pdb,YINMSRGKL,TCRen,1.46188314225923
5isz.pdb,SIPMWMLKL,TCRen,1.46493135086911
5isz.pdb,PIIKGLLNL,TCRen,1.46672041111459
5isz.pdb,TISNIHFFL,TCRen,1.48022691546574
5isz.pdb,GISGALKKL,TCRen,1.48711347054314
5isz.pdb,VIERAFFAL,TCRen,1.49989953321511
5isz.pdb,QICILTCAL,TCRen,1.50083435035572
5isz.pdb,YIHTGRVEL,TCRen,1.50104217212267
5isz.pdb,YIPPRYGWL,TCRen,1.51485971843134
5isz.pdb,KIMYYAIFL,TCRen,1.51897131533218
5isz.pdb,GINFTRTPL,TCRen,1.52137747003756
5isz.pdb,FIWLHQTWL,TCRen,1.53422411423826
5isz.pdb,EIKKSCPHL,TCRen,1.53735424940647
5isz.pdb,LIIQHRWAL,TCRen,1.53971448798184
5isz.pdb,WIKTPVKML,TCRen,1.55472783169051
5isz.pdb,NIFFQSAHL,TCRen,1.5601367273869
5isz.pdb,VISIWTYRL,TCRen,1.56500596662868
5isz.pdb,PICVVRNNL,TCRen,1.56691026436504
5isz.pdb,GIYIYHEYL,TCRen,1.56983616198364
5isz.pdb,WIIIYAVPL,TCRen,1.58076179606966
5isz.pdb,MIYGMVVRL,TCRen,1.59626289326176
5isz.pdb,AIKRIMLTL,TCRen,1.60513744018343
5isz.pdb,EIWHRASFL,TCRen,1.60569930825578
5isz.pdb,AIEFVMLML,TCRen,1.60809337847412
5isz.pdb,TINHNRWNL,TCRen,1.60913537826372
5isz.pdb,PIREYPVDL,TCRen,1.6105191724609
5isz.pdb,FIIFETWFL,TCRen,1.6180779531276
5isz.pdb,EIQNPDDSL,TCRen,1.62655858545371
5isz.pdb,RINMIQRLL,TCRen,1.63389701065703
5isz.pdb,DISHRMEML,TCRen,1.63695733545243
5isz.pdb,QIPMSVLPL,TCRen,1.63993702409508
5isz.pdb,PIFPALSRL,TCRen,1.64465029934699
5isz.pdb,AIDEELMHL,TCRen,1.64653573774215
5isz.pdb,AIQFECFEL,TCRen,1.64866143303002
5isz.pdb,AISLIRHDL,TCRen,1.65215011110291
5isz.pdb,MIYCDHYYL,TCRen,1.65818721944766
5isz.pdb,LISDMFNWL,TCRen,1.67575021676156
5isz.pdb,LIDIFPNFL,TCRen,1.67633894727877
5isz.pdb,WIGFFTSPL,TCRen,1.67905429285359
5isz.pdb,NIHMYFRIL,TCRen,1.68580177077637
5isz.pdb,MIWVEAMVL,TCRen,1.68747068089702
5isz.pdb,DIVGQQFAL,TCRen,1.69398614217021
5isz.pdb,CIHIPTKKL,TCRen,1.69691330295671
5isz.pdb,CIMCGLWKL,TCRen,1.69866504455633
5isz.pdb,NIWTRMLTL,TCRen,1.70412881725802
5isz.pdb,VIADHRRTL,TCRen,1.70623278821991
5isz.pdb,EILDYWNLL,TCRen,1.73512912901772
5isz.pdb,RIVCDYPYL,TCRen,1.74075294596562
5isz.pdb,SIYNMWENL,TCRen,1.74687177713151
5isz.pdb,VIRDPKCPL,TCRen,1.74715496671152
5isz.pdb,EIWLMCRLL,TCRen,1.74757136120435
5isz.pdb,YIIELCEHL,TCRen,1.75304976271322
5isz.pdb,LIYAMYVAL,TCRen,1.7540622283889
5isz.pdb,TIRKIECKL,TCRen,1.76942695338231
5isz.pdb,FIQMHWLSL,TCRen,1.77371623786541
5isz.pdb,LIQDFHARL,TCRen,1.77947827014804
5isz.pdb,NIPIINEFL,TCRen,1.79131482269538
5isz.pdb,MIGSELAKL,TCRen,1.79568152308601
5isz.pdb,GISPRTSFL,TCRen,1.81870801215
5isz.pdb,SISHRMDWL,TCRen,1.82395678603486
5isz.pdb,LINCTNYAL,TCRen,1.82541177970644
5isz.pdb,NISADQSSL,TCRen,1.83289795292691
5isz.pdb,DIRDVHSYL,TCRen,1.84006972208342
5isz.pdb,RIFDITIML,TCRen,1.84228622360975
5isz.pdb,GIPKLGHRL,TCRen,1.84467697631506
5isz.pdb,WIEFYNRIL,TCRen,1.85863487633016
5isz.pdb,FIKWNNMRL,TCRen,1.86369430035299
5isz.pdb,DIIRKQADL,TCRen,1.86520405813647
5isz.pdb,PIYKECGHL,TCRen,1.87298984399594
5isz.pdb,FINTQQNNL,TCRen,1.87481294632645
5isz.pdb,VIDKEMGAL,TCRen,1.87646165754862
5isz.pdb,DIGITWMNL,TCRen,1.87799389279369
5isz.pdb,PIWVTKACL,TCRen,1.88732023613941
5isz.pdb,LIQYKWECL,TCRen,1.88970412119875
5isz.pdb,EINYVHCFL,TCRen,1.89366015722539
5isz.pdb,SIRPHFSWL,TCRen,1.89601199878824
5isz.pdb,PIGWILAAL,TCRen,1.89983302895354
5isz.pdb,TINDSYIML,TCRen,1.90046529820949
5isz.pdb,CIFMKSSFL,TCRen,1.90359450217796
5isz.pdb,PIHPFVSWL,TCRen,1.91552613577417
5isz.pdb,CINLVCFWL,TCRen,1.9158874129648
5isz.pdb,NIPFHHHWL,TCRen,1.92395739086649
5isz.pdb,DIWYIGFHL,TCRen,1.92594808950525
5isz.pdb,HIQCQKQKL,TCRen,1.93062874974945
5isz.pdb,CIDQYLYFL,TCRen,1.9464252602476
5isz.pdb,SITLQDCCL,TCRen,1.94758252985199
5isz.pdb,CIWNFFSPL,TCRen,1.94956927778812
5isz.pdb,HIKWAWPYL,TCRen,1.95073428878899
5isz.pdb,FIDDSIQYL,TCRen,1.95433339279761
5isz.pdb,KITWVMSFL,TCRen,1.96803553941084
5isz.pdb,NIFPLYLEL,TCRen,1.97475059087366
5isz.pdb,NIAFDKKNL,TCRen,1.98366563205231
5isz.pdb,EIGHSVSRL,TCRen,1.98635237289473
5isz.pdb,AIYLDYDCL,TCRen,1.99133150999022
5isz.pdb,LIRHCAQFL,TCRen,1.99391997343385
5isz.pdb,IIFSWGWYL,TCRen,2.00211464795464
5isz.pdb,YIVCVKDTL,TCRen,2.00983247314941
5isz.pdb,IIRQQHSCL,TCRen,2.02181784339145
5isz.pdb,GICRHHQML,TCRen,2.02309177985717
5isz.pdb,NIYWQKSDL,TCRen,2.04115697794074
5isz.pdb,PIQLYIYLL,TCRen,2.04307084791298
5isz.pdb,RITEFHWDL,TCRen,2.05082172437691
5isz.pdb,MIAPNPPSL,TCRen,2.05172705384638
5isz.pdb,NIYAYTVEL,TCRen,2.08311941603136
5isz.pdb,GIKQCGKCL,TCRen,2.08360691998638
5isz.pdb,VIPYTCALL,TCRen,2.09222253692266
5isz.pdb,FIPGDHAKL,TCRen,2.09253751857949
5isz.pdb,VIKWRPRTL,TCRen,2.09577650811955
5isz.pdb,WISQQCRYL,TCRen,2.0959514371792
5isz.pdb,AIKHRNPAL,TCRen,2.10626409597347
5isz.pdb,TIDKIYVLL,TCRen,2.11113330848579
5isz.pdb,RIPTLWLFL,TCRen,2.12008347066871
5isz.pdb,CIQHKFYYL,TCRen,2.12180429347265
5isz.pdb,VIGMCTSKL,TCRen,2.12307885777564
5isz.pdb,FILFTWDSL,TCRen,2.12731983927183
5isz.pdb,AIDIPVVSL,TCRen,2.13262754086724
5isz.pdb,GIKYMERWL,TCRen,2.13944427383507
5isz.pdb,QICRRKPRL,TCRen,2.1444629335573
5isz.pdb,WIKPHNQKL,TCRen,2.15100302648646
5isz.pdb,HIANHKPWL,TCRen,2.15242692612649
5isz.pdb,QITPHYHRL,TCRen,2.15895427053879
5isz.pdb,QIAICWHCL,TCRen,2.16507427895457
5isz.pdb,HIKPTRNTL,TCRen,2.17212372284007
5isz.pdb,LIRFMKYLL,TCRen,2.17418086962757
5isz.pdb,TICEAKQKL,TCRen,2.17471867377722
5isz.pdb,KIPKQTAWL,TCRen,2.17850308328336
5isz.pdb,RIGSTSFKL,TCRen,2.18480095926482
5isz.pdb,RIHSQTAAL,TCRen,2.1885233980993
5isz.pdb,CIWDHHQCL,TCRen,2.18893405808812
5isz.pdb,PIDSPAAGL,TCRen,2.19227613079756
5isz.pdb,DIEQVVKRL,TCRen,2.20970385216643
5isz.pdb,HIYDRMVDL,TCRen,2.21442462831717
5isz.pdb,CITPYECRL,TCRen,2.21738093196965
5isz.pdb,WIAMGKNVL,TCRen,2.23242789576303
5isz.pdb,AINIYDATL,TCRen,2.23691920994429
5isz.pdb,DIWTSCDHL,TCRen,2.23805138901502
5isz.pdb,FIDYDWHML,TCRen,2.24439733968961
5isz.pdb,GIISVEMWL,TCRen,2.25288406487629
5isz.pdb,FIKHEGATL,TCRen,2.25433348210566
5isz.pdb,TIYKQFMHL,TCRen,2.25753845290837
5isz.pdb,PIMPEKGTL,TCRen,2.27482720065689
5isz.pdb,MISCMWSEL,TCRen,2.27822442791678
5isz.pdb,CIISRYLTL,TCRen,2.2798193756113
5isz.pdb,IIMTMEWNL,TCRen,2.28299646183199
5isz.pdb,KICMIHYKL,TCRen,2.2839666692522
5isz.pdb,EIISGEDWL,TCRen,2.30017825363527
5isz.pdb,QIQCVTWEL,TCRen,2.30304008727306
5isz.pdb,QIKIAIPML,TCRen,2.3088114893691
5isz.pdb,RIEFVPDYL,TCRen,2.32806712226688
5isz.pdb,AIPREVDKL,TCRen,2.33759366896593
5isz.pdb,MIQSRMDVL,TCRen,2.34041650970126
5isz.pdb,IIKCKKHSL,TCRen,2.34349655446264
5isz.pdb,KISFPNLDL,TCRen,2.34379611933066
5isz.pdb,YIFRQLATL,TCRen,2.36637167871448
5isz.pdb,RIWAKYHQL,TCRen,2.40126383705033
5isz.pdb,TIPIKIRNL,TCRen,2.40186523988075
5isz.pdb,WIKQKFCNL,TCRen,2.40701379560551
5isz.pdb,HIQINHNWL,TCRen,2.43479051621293
5isz.pdb,MIELNVFYL,TCRen,2.43508670863216
5isz.pdb,WIYFAGYHL,TCRen,2.44255866923475
5isz.pdb,EICKLTLCL,TCRen,2.4618674325572
5isz.pdb,FINHYINWL,TCRen,2.46398105975217
5isz.pdb,WIEPISEKL,TCRen,2.48847061500887
5isz.pdb,SIQMCLNDL,TCRen,2.490996475187
5isz.pdb,KICIYMQLL,TCRen,2.49123627118359
5isz.pdb,DIDMMDCHL,TCRen,2.49204517386131
5isz.pdb,FIPWQSEQL,TCRen,2.49226419935672
5isz.pdb,DIVPHECTL,TCRen,2.50023274153711
5isz.pdb,CIPLRGWDL,TCRen,2.52554840325475
5isz.pdb,NIFTPKGAL,TCRen,2.53023082463906
5isz.pdb,WITHPGNTL,TCRen,2.54732696888518
5isz.pdb,AIIGTKQWL,TCRen,2.54756503882579
5isz.pdb,PICRSKFDL,TCRen,2.56116769906547
5isz.pdb,NIFRDYQLL,TCRen,2.56233363280804
5isz.pdb,IIPQNMGNL,TCRen,2.56264424288113
5isz.pdb,KIVMRWFHL,TCRen,2.5641529035181
5isz.pdb,AIRIFPPYL,TCRen,2.56759824689417
5isz.pdb,PIDPDTVSL,TCRen,2.5695147306881
5isz.pdb,VILKVGYDL,TCRen,2.57804953471343
5isz.pdb,AILWFVNKL,TCRen,2.58993103926725
5isz.pdb,PIILVMAIL,TCRen,2.59155178629554
5isz.pdb,WILCDEMCL,TCRen,2.59845119518258
5isz.pdb,VIHVYNHEL,TCRen,2.60141022396992
5isz.pdb,QIIITVWML,TCRen,2.60861643954318
5isz.pdb,NIVTSKAIL,TCRen,2.61486963051332
5isz.pdb,EIFRWDTDL,TCRen,2.61834864100077
5isz.pdb,SIVPAAFVL,TCRen,2.61951259433951
5isz.pdb,SIYCRGFLL,TCRen,2.63208571561592
5isz.pdb,GIFCCCGRL,TCRen,2.63453772677711
5isz.pdb,IILNRVWHL,TCRen,2.64022458671752
5isz.pdb,TICCEMISL,TCRen,2.6432710378148
5isz.pdb,HIDWVGWPL,TCRen,2.64681685025909
5isz.pdb,CIAKLFAHL,TCRen,2.64931827055326
5isz.pdb,RILVVKLYL,TCRen,2.65017728483423
5isz.pdb,NIGKNIMML,TCRen,2.68843902514708
5isz.pdb,CIVAHHMAL,TCRen,2.69557702076574
5isz.pdb,HIPHEMSGL,TCRen,2.69638585058866
5isz.pdb,FIPMIDHDL,TCRen,2.70649090357469
5isz.pdb,CIKCELWYL,TCRen,2.71784521950157
5isz.pdb,QIMDIGSVL,TCRen,2.71936461894281
5isz.pdb,DIFGDNQVL,TCRen,2.73560708425182
5isz.pdb,NIFSWTDHL,TCRen,2.73861163725838
5isz.pdb,TIKGDSNLL,TCRen,2.74476539999966
5isz.pdb,NIGICQCHL,TCRen,2.75642033452057
5isz.pdb,GIYGWDHAL,TCRen,2.75785773662654
5isz.pdb,TIGGHWVPL,TCRen,2.75968950450584
5isz.pdb,YILEFGVDL,TCRen,2.77252072240627
5isz.pdb,VIKHHRYEL,TCRen,2.77294359987173
5isz.pdb,EICEFHKPL,TCRen,2.77630595273792
5isz.pdb,WIEYNGMDL,TCRen,2.78471673419478
5isz.pdb,VIIPWCNVL,TCRen,2.79100840412124
5isz.pdb,HIWECIMTL,TCRen,2.8005149591957
5isz.pdb,AIVIVMIML,TCRen,2.80857886106216
5isz.pdb,TIDFDMAEL,TCRen,2.81178803660072
5isz.pdb,KIWIIPLTL,TCRen,2.82872357650599
5isz.pdb,PICNFVQTL,TCRen,2.83282468447924
5isz.pdb,KIHVDQWCL,TCRen,2.83841316138413
5isz.pdb,IITMQVRYL,TCRen,2.84321407133215
5isz.pdb,DITTDATDL,TCRen,2.84389212334251
5isz.pdb,MIWYSIKHL,TCRen,2.8565688187555
5isz.pdb,KIVDHLAYL,TCRen,2.85704711845454
5isz.pdb,TIYGHWDLL,TCRen,2.86091239821936
5isz.pdb,VISMLNEFL,TCRen,2.86296900753893
5isz.pdb,AIVKHTKFL,TCRen,2.87415864753659
5isz.pdb,HIFIRFEYL,TCRen,2.87451293057726
5isz.pdb,RIHWQRPFL,TCRen,2.87916409857951
5isz.pdb,DIDACMFLL,TCRen,2.88057164479251
5isz.pdb,QIWIADYDL,TCRen,2.8865383226394
5isz.pdb,HIINWTENL,TCRen,2.8878940660821
5isz.pdb,FIMGKTGAL,TCRen,2.89266950374159
5isz.pdb,DIFSPPDHL,TCRen,2.89786303721136
5isz.pdb,QINKGLNIL,TCRen,2.9001998060605
5isz.pdb,FIQYLVKGL,TCRen,2.90333630410443
5isz.pdb,AICICTTCL,TCRen,2.90386401331383
5isz.pdb,AIRLYWNIL,TCRen,2.91340366236476
5isz.pdb,AIIEPIYAL,TCRen,2.92696807570933
5isz.pdb,FIPGFYELL,TCRen,2.92712489214829
5isz.pdb,FIIACSDWL,TCRen,2.93390952991746
5isz.pdb,QICFMCVRL,TCRen,2.93681725043947
5isz.pdb,TIWLNISQL,TCRen,2.94975930045136
5isz.pdb,QIEAHQKEL,TCRen,2.95253525704013
5isz.pdb,GITAFQGML,TCRen,2.96813652748614
5isz.pdb,WIFMIIWPL,TCRen,2.98037975088139
5isz.pdb,DILIVIRAL,TCRen,2.98246216955837
5isz.pdb,GITKKAHRL,TCRen,2.98500890942951
5isz.pdb,MIINVGRHL,TCRen,2.98581357500715
5isz.pdb,PIITTERNL,TCRen,2.98756734804403
5isz.pdb,RITLNNTVL,TCRen,2.99808752877125
5isz.pdb,GIEPKGQWL,TCRen,2.99925886721677
5isz.pdb,PIMAQVYRL,TCRen,3.0037927227735
5isz.pdb,RISFMLTEL,TCRen,3.00994887195537
5isz.pdb,CIMCHQESL,TCRen,3.01093452795907
5isz.pdb,CICYGHLYL,TCRen,3.01372900966685
5isz.pdb,WIEIHFLQL,TCRen,3.01693298907117
5isz.pdb,LIDPQVLSL,TCRen,3.0295734259357
5isz.pdb,IIEEKPCEL,TCRen,3.03012043703885
5isz.pdb,NIPAAIFPL,TCRen,3.03248224910348
5isz.pdb,WIWEHKGQL,TCRen,3.03282030311094
5isz.pdb,AITMFTVYL,TCRen,3.0348882001412
5isz.pdb,MILTDKWTL,TCRen,3.04476448226338
5isz.pdb,QICCDQCML,TCRen,3.04768358326135
5isz.pdb,AIHWACLRL,TCRen,3.04864009137145
5isz.pdb,KIMMTEMTL,TCRen,3.04897767393927
5isz.pdb,GIYNMEYVL,TCRen,3.04959931037331
5isz.pdb,LICFAQRFL,TCRen,3.05023537111857
5isz.pdb,TILEAVDHL,TCRen,3.05539187256508
5isz.pdb,AILDEGWWL,TCRen,3.06394938487463
5isz.pdb,KILFDTMEL,TCRen,3.06580930237176
5isz.pdb,TIHKSCGEL,TCRen,3.07894988626078
5isz.pdb,LIIHHETKL,TCRen,3.08161343088626
5isz.pdb,EIAVAESPL,TCRen,3.0817535812053
5isz.pdb,FIFALIDNL,TCRen,3.10016776098098
5isz.pdb,MIPHDSWHL,TCRen,3.10451369212872
5isz.pdb,DILTMHFVL,TCRen,3.11481315686509
5isz.pdb,IIESRGNVL,TCRen,3.11975216193013
5isz.pdb,IIEATGRQL,TCRen,3.12672768033221
5isz.pdb,GINRHHCLL,TCRen,3.12944363323396
5isz.pdb,GIFCTIASL,TCRen,3.14423465218313
5isz.pdb,LIANMQWVL,TCRen,3.15173362036901
5isz.pdb,QITNEDRVL,TCRen,3.15558075951655
5isz.pdb,IIGFRTVDL,TCRen,3.16542584578549
5isz.pdb,TIDVRTVHL,TCRen,3.16825049359498
5isz.pdb,NITDQSVTL,TCRen,3.17237306544661
5isz.pdb,RIWYTPADL,TCRen,3.17243066740331
5isz.pdb,HIDILPQGL,TCRen,3.17275784535626
5isz.pdb,YIGNKMSIL,TCRen,3.17835515646446
5isz.pdb,TIHVYDENL,TCRen,3.17869428129449
5isz.pdb,HIMHVTLPL,TCRen,3.18254393479095
5isz.pdb,PINHHTGYL,TCRen,3.18414826207913
5isz.pdb,SICGQHSTL,TCRen,3.19464525147291
5isz.pdb,IILMNVNFL,TCRen,3.19593101259633
5isz.pdb,IIDYWEALL,TCRen,3.20979798517197
5isz.pdb,PILACKNVL,TCRen,3.21865557016755
5isz.pdb,LIEYCDCEL,TCRen,3.22595257994719
5isz.pdb,AICQLWAPL,TCRen,3.22674866789252
5isz.pdb,RIVANQFWL,TCRen,3.23038936726049
5isz.pdb,KILTPGVWL,TCRen,3.23454427264207
5isz.pdb,VIPQQHFAL,TCRen,3.23681609038762
5isz.pdb,IIIHEWKVL,TCRen,3.23738305741213
5isz.pdb,FINRMPAVL,TCRen,3.2434203227478
5isz.pdb,IIYNPTLVL,TCRen,3.24954722704584
5isz.pdb,TIMMFDKHL,TCRen,3.25111513564513
5isz.pdb,DILDMEAFL,TCRen,3.25163088949984
5isz.pdb,KIAYTLCKL,TCRen,3.25276160675228
5isz.pdb,LIIFKWQVL,TCRen,3.25954996015235
5isz.pdb,WIAFCGCKL,TCRen,3.26631209373312
5isz.pdb,LILQHPTVL,TCRen,3.27018225219821
5isz.pdb,FIEHIKPIL,TCRen,3.2709982666369
5isz.pdb,PIYDNWEML,TCRen,3.2740674617384
5isz.pdb,EIDGNLCLL,TCRen,3.27918619209395
5isz.pdb,HIEEDYQVL,TCRen,3.28209212635767
5isz.pdb,IIGIYKIAL,TCRen,3.28640262302927
5isz.pdb,WIHRNYYVL,TCRen,3.297693600027
5isz.pdb,GIICAKWLL,TCRen,3.2994152447808
5isz.pdb,IIHKEVQVL,TCRen,3.3014709074356
5isz.pdb,AIWMMTCLL,TCRen,3.30154921917007
5isz.pdb,QIWQKPRFL,TCRen,3.30722248323474
5isz.pdb,GIDCCFGKL,TCRen,3.31558059662661
5isz.pdb,SIFGKIGCL,TCRen,3.32056605393657
5isz.pdb,GICCLWDPL,TCRen,3.32349691476425
5isz.pdb,CIICMVGCL,TCRen,3.34941296216964
5isz.pdb,KISANGNYL,TCRen,3.35910320588896
5isz.pdb,YISTQSGAL,TCRen,3.36045535210851
5isz.pdb,WICESFTHL,TCRen,3.36300595501714
5isz.pdb,NIKLWLYLL,TCRen,3.37251953365004
5isz.pdb,IIYKWLQLL,TCRen,3.37341020070426
5isz.pdb,WICHKKCSL,TCRen,3.38129370905036
5isz.pdb,AIQCNNKLL,TCRen,3.38473970037923
5isz.pdb,PIIYNKYIL,TCRen,3.3978854178637
5isz.pdb,AINDRNIQL,TCRen,3.40159699122792
5isz.pdb,WIEAMFWDL,TCRen,3.40552425543933
5isz.pdb,TIKSLGEWL,TCRen,3.40582844263802
5isz.pdb,MIVPGEAIL,TCRen,3.41791521666348
5isz.pdb,KITFMKEPL,TCRen,3.42957820088742
5isz.pdb,VIFLWFCIL,TCRen,3.4369242550451
5isz.pdb,GIWPLDREL,TCRen,3.43923692730892
5isz.pdb,CIWVWMTEL,TCRen,3.46466679874205
5isz.pdb,MILLQGAHL,TCRen,3.47364351318519
5isz.pdb,MICFVCVPL,TCRen,3.47551494534349
5isz.pdb,DITVIENVL,TCRen,3.47577327331676
5isz.pdb,SISFALPLL,TCRen,3.47611838563343
5isz.pdb,EIKHHEPYL,TCRen,3.481936383771
5isz.pdb,DIMQQSSIL,TCRen,3.49176731479581
5isz.pdb,FIYMDQHPL,TCRen,3.49347466725003
5isz.pdb,GIVGCLLRL,TCRen,3.49962750522701
5isz.pdb,YIDVCWFLL,TCRen,3.50209712160053
5isz.pdb,AIFTCECPL,TCRen,3.51179019584647
5isz.pdb,YIFAAGKLL,TCRen,3.52027523572938
5isz.pdb,LIQMWFVHL,TCRen,3.54647648197388
5isz.pdb,CICTYGRWL,TCRen,3.55410399072151
5isz.pdb,DIPYPIEKL,TCRen,3.55517484419598
5isz.pdb,HIISTTDPL,TCRen,3.57044847608677
5isz.pdb,CIMSPGNVL,TCRen,3.57169887630913
5isz.pdb,YISPYAGIL,TCRen,3.57226197381575
5isz.pdb,FIGLSDYVL,TCRen,3.57744017455449
5isz.pdb,YIPDRIECL,TCRen,3.58118778488136
5isz.pdb,VIQICHKLL,TCRen,3.5961766613393
5isz.pdb,MIHFTDRWL,TCRen,3.61573578002178
5isz.pdb,GICKTKYQL,TCRen,3.62014011507773
5isz.pdb,PIKIDQWRL,TCRen,3.63290952033853
5isz.pdb,DIIDCWQEL,TCRen,3.6741261172074
5isz.pdb,FICANRFNL,TCRen,3.67646525507245
5isz.pdb,CISEVEFKL,TCRen,3.68196578410587
5isz.pdb,WICSVWSPL,TCRen,3.68853539339163
5isz.pdb,LIRFTCTIL,TCRen,3.68914621552028
5isz.pdb,WIFHDAWPL,TCRen,3.69010296055578
5isz.pdb,NIPPWPPIL,TCRen,3.69802029915037
5isz.pdb,SICSDVSSL,TCRen,3.70097265583895
5isz.pdb,GIRVAITRL,TCRen,3.70145890572172
5isz.pdb,CIAEPEWDL,TCRen,3.71465884735552
5isz.pdb,CIDFWVGYL,TCRen,3.715772982449
5isz.pdb,DININSHHL,TCRen,3.71653866179351
5isz.pdb,DIINTEMFL,TCRen,3.71742697284751
5isz.pdb,PIGSQKKLL,TCRen,3.72228730889443
5isz.pdb,GIYKRDEYL,TCRen,3.72706385922828
5isz.pdb,HIPWQSPIL,TCRen,3.73631022653577
5isz.pdb,FIWDQSYLL,TCRen,3.7370378560622
5isz.pdb,LIRDLYHIL,TCRen,3.73938029230868
5isz.pdb,YIFKNVVYL,TCRen,3.74880997634404
5isz.pdb,CIKWRQIML,TCRen,3.75086035703771
5isz.pdb,WIKMGDLWL,TCRen,3.76360592580681
5isz.pdb,HIPNEPGLL,TCRen,3.76538371243837
5isz.pdb,QIRWNPQHL,TCRen,3.77536652921246
5isz.pdb,VIGQRVVYL,TCRen,3.77990461192274
5isz.pdb,CIWHPGSFL,TCRen,3.78437508177482
5isz.pdb,IINWHIRYL,TCRen,3.78520411381126
5isz.pdb,DISVTDKYL,TCRen,3.78613045373364
5isz.pdb,FIGTVMHHL,TCRen,3.7935166938004
5isz.pdb,WIGHVGTWL,TCRen,3.81505810279559
5isz.pdb,WIWQPQVAL,TCRen,3.82249623649218
5isz.pdb,MIMIKGQLL,TCRen,3.82250445833055
5isz.pdb,VIELWDNEL,TCRen,3.83582913784576
5isz.pdb,AITCKWRHL,TCRen,3.84719057604364
5isz.pdb,AIKIHFKHL,TCRen,3.86134494088361
5isz.pdb,CISDENTIL,TCRen,3.87974961653938
5isz.pdb,MISHILDHL,TCRen,3.88615112962487
5isz.pdb,PIGDCDHCL,TCRen,3.90614737705905
5isz.pdb,LIFWRIESL,TCRen,3.90898613687631
5isz.pdb,CIETNADWL,TCRen,3.90928882724132
5isz.pdb,CIGFHWSEL,TCRen,3.93760794027351
5isz.pdb,RIEAPKEWL,TCRen,3.94018240394696
5isz.pdb,WIFQTQVQL,TCRen,3.94158016255812
5isz.pdb,FIKARPQVL,TCRen,3.94230787317825
5isz.pdb,RIEWNHECL,TCRen,3.94910309221872
5isz.pdb,IIIAVTVKL,TCRen,3.95518328662299
5isz.pdb,SITCCKDHL,TCRen,3.9795638245871
5isz.pdb,GIEVAMEFL,TCRen,3.98156953711796
5isz.pdb,PIYWKCHIL,TCRen,3.99334688865671
5isz.pdb,GIKAAEWPL,TCRen,3.99393456572792
5isz.pdb,DIMDTDQRL,TCRen,4.00563808467966
5isz.pdb,FICQQWAQL,TCRen,4.01514420008185
5isz.pdb,GIIEKDMVL,TCRen,4.01737670790731
5isz.pdb,KICVFRFFL,TCRen,4.03053251112784
5isz.pdb,GIIPVGDPL,TCRen,4.03890281280768
5isz.pdb,KIVNPPTGL,TCRen,4.04789879521986
5isz.pdb,LINHARPGL,TCRen,4.08185477417287
5isz.pdb,MIQFTDTHL,TCRen,4.08806113779516
5isz.pdb,IILCVQRGL,TCRen,4.10112129492214
5isz.pdb,IIFQKHVRL,TCRen,4.10379869861251
5isz.pdb,VIYSCHHLL,TCRen,4.11380756224641
5isz.pdb,LINDWLPFL,TCRen,4.11765583888832
5isz.pdb,TIEHSNVIL,TCRen,4.12862740721337
5isz.pdb,FIHRQEPDL,TCRen,4.13760712846591
5isz.pdb,DIERHSGIL,TCRen,4.15279344897171
5isz.pdb,FIEAVRWIL,TCRen,4.15926577025078
5isz.pdb,EIIPTLFYL,TCRen,4.16710976230153
5isz.pdb,RICCLKHHL,TCRen,4.18209496543986
5isz.pdb,IICEKTWDL,TCRen,4.18619610499668
5isz.pdb,FINVNDKPL,TCRen,4.18743584597693
5isz.pdb,VISQENEHL,TCRen,4.19126161941592
5isz.pdb,WITTEKGDL,TCRen,4.19606533244791
5isz.pdb,TIDLPILFL,TCRen,4.20760338736222
5isz.pdb,TICSMNETL,TCRen,4.20815582121943
5isz.pdb,IIAQQKVNL,TCRen,4.21054506099888
5isz.pdb,QIPPWDYIL,TCRen,4.21589764936912
5isz.pdb,KIEFIIWVL,TCRen,4.22368316753587
5isz.pdb,MIGKAPYIL,TCRen,4.23412675057704
5isz.pdb,RIEVQQSVL,TCRen,4.23648711827521
5isz.pdb,IIVQPQKGL,TCRen,4.24890295784154
5isz.pdb,HINVEIMLL,TCRen,4.2554952282582
5isz.pdb,WIWCYICVL,TCRen,4.28497033328113
5isz.pdb,AISETHYEL,TCRen,4.28503572046466
5isz.pdb,QIITVIPFL,TCRen,4.2914094860554
5isz.pdb,DIWLSLYGL,TCRen,4.3063288666313
5isz.pdb,KIANTNDFL,TCRen,4.32539564641532
5isz.pdb,PIMHEREIL,TCRen,4.34653344295035
5isz.pdb,LIMMKWLHL,TCRen,4.39046347583785
5isz.pdb,DIKKEIRLL,TCRen,4.40737816935511
5isz.pdb,RIAGNVGRL,TCRen,4.40771193661613
5isz.pdb,GIQMDTINL,TCRen,4.41284147511529
5isz.pdb,EICCIYRGL,TCRen,4.41508314334531
5isz.pdb,QIKCVVERL,TCRen,4.43131805623902
5isz.pdb,EIFWKHGPL,TCRen,4.44145737269338
5isz.pdb,VISTTMGKL,TCRen,4.45117376069073
5isz.pdb,CIWKQGSRL,TCRen,4.45687591197274
5isz.pdb,IIMMKDYLL,TCRen,4.45828285079849
5isz.pdb,QICRWPPEL,TCRen,4.4843637300205
5isz.pdb,NIAHNVDPL,TCRen,4.50148478984183
5isz.pdb,LISKFVHHL,TCRen,4.50151047628211
5isz.pdb,YIGWKFHFL,TCRen,4.50185071984825
5isz.pdb,GICVDYCPL,TCRen,4.50571573687475
5isz.pdb,NIGVTRRIL,TCRen,4.50601617285774
5isz.pdb,WIYAWPWLL,TCRen,4.52056599371057
5isz.pdb,IIMHEDGWL,TCRen,4.52238701750502
5isz.pdb,DIKGVKEEL,TCRen,4.53827138663989
5isz.pdb,TIKQHTGDL,TCRen,4.5435188305488
5isz.pdb,AIEWGDIRL,TCRen,4.55010453247695
5isz.pdb,AIKSVKWVL,TCRen,4.58995226422695
5isz.pdb,RISMSYIIL,TCRen,4.60211454942537
5isz.pdb,CIPIKGWHL,TCRen,4.60321370944806
5isz.pdb,MIILFDERL,TCRen,4.60486448377194
5isz.pdb,IITDCLYHL,TCRen,4.6075088430905
5isz.pdb,VICPKSDWL,TCRen,4.61954458054069
5isz.pdb,QIWAEWEFL,TCRen,4.62494789171146
5isz.pdb,CIRWEDTEL,TCRen,4.62697644004059
5isz.pdb,YINEDEPFL,TCRen,4.63282171524566
5isz.pdb,LIIKQVCLL,TCRen,4.64319980336901
5isz.pdb,PINDCEESL,TCRen,4.65284036657193
5isz.pdb,VIMMAEWVL,TCRen,4.6606883631974
5isz.pdb,HIMGAGFGL,TCRen,4.67747258007262
5isz.pdb,IIGMDAPLL,TCRen,4.69726666479301
5isz.pdb,YIWTDVMEL,TCRen,4.70633715520255
5isz.pdb,VIEIRFEHL,TCRen,4.70950087973709
5isz.pdb,NIFRVLAGL,TCRen,4.73126495938867
5isz.pdb,TIHGQQGEL,TCRen,4.74762572926404
5isz.pdb,AICTWTKFL,TCRen,4.75104166557189
5isz.pdb,DINRWHLVL,TCRen,4.76419060116033
5isz.pdb,MIQDAFPGL,TCRen,4.77401729727045
5isz.pdb,QIRWPDITL,TCRen,4.77473062683589
5isz.pdb,IIQSNVETL,TCRen,4.77993558577699
5isz.pdb,GIWATLFYL,TCRen,4.78012252805095
5isz.pdb,EITNTVHKL,TCRen,4.78044869357276
5isz.pdb,EICAEHICL,TCRen,4.78581389201672
5isz.pdb,KILWLTEIL,TCRen,4.79947704774039
5isz.pdb,WIECNQQIL,TCRen,4.80087791227187
5isz.pdb,SIGRVKEHL,TCRen,4.81031930328862
5isz.pdb,GISLMIAVL,TCRen,4.81049922583588
5isz.pdb,CINDFLQHL,TCRen,4.82451055313332
5isz.pdb,DILLYIILL,TCRen,4.82689137989776
5isz.pdb,AIETPGDHL,TCRen,4.83069654034526
5isz.pdb,HIIGWFILL,TCRen,4.83971811590441
5isz.pdb,GINNYFLGL,TCRen,4.84290306188956
5isz.pdb,YIQQRIITL,TCRen,4.85497237066927
5isz.pdb,HITWPDHFL,TCRen,4.87287401105085
5isz.pdb,DIPKDKLFL,TCRen,4.88204207289045
5isz.pdb,WIWDWGGML,TCRen,4.89339257733957
5isz.pdb,KIWCPVQGL,TCRen,4.89343345701589
5isz.pdb,QIPKNPGHL,TCRen,4.9065733093314
5isz.pdb,MIEAHYDIL,TCRen,4.91243449055334
5isz.pdb,VITRNDEQL,TCRen,4.91289889857033
5isz.pdb,TIEILHHGL,TCRen,4.92041830353803
5isz.pdb,YICWANIRL,TCRen,4.92180749146348
5isz.pdb,IICFMIMFL,TCRen,4.92452446771236
5isz.pdb,PIAHVFDVL,TCRen,4.92474831893559
5isz.pdb,EIDPNDIQL,TCRen,4.93549917995558
5isz.pdb,CIIVFIFTL,TCRen,4.94425020753346
5isz.pdb,GIWTCINFL,TCRen,4.95376504498433
5isz.pdb,YIFCKKHIL,TCRen,4.975806032904
5isz.pdb,GIKCAVGFL,TCRen,4.97631883297746
5isz.pdb,RIEAFFRGL,TCRen,4.97699459155185
5isz.pdb,RICYYQIVL,TCRen,4.98714934788793
5isz.pdb,FIHCFVSGL,TCRen,5.03062132536194
5isz.pdb,MIIVPDAIL,TCRen,5.03527679603459
5isz.pdb,TIGRCGGDL,TCRen,5.03538764630833
5isz.pdb,QIGYTFVLL,TCRen,5.05493920413946
5isz.pdb,RICSWIDML,TCRen,5.09889194112383
5isz.pdb,AIEVLDIKL,TCRen,5.10485447928851
5isz.pdb,QINPVELDL,TCRen,5.10996999259185
5isz.pdb,PIWDSWGVL,TCRen,5.13888917776636
5isz.pdb,QIHNNPNGL,TCRen,5.15065699628516
5isz.pdb,WIGDRNSGL,TCRen,5.1532025269892
5isz.pdb,YIDWDNKGL,TCRen,5.16478054031554
5isz.pdb,KITAAGWVL,TCRen,5.16682977066868
5isz.pdb,KIIWFHVEL,TCRen,5.17285216138988
5isz.pdb,HIEFWHDIL,TCRen,5.17742828184982
5isz.pdb,FIWKHAFGL,TCRen,5.20659657397309
5isz.pdb,LICRKVNLL,TCRen,5.21499809534463
5isz.pdb,HICHAHHWL,TCRen,5.24106216306066
5isz.pdb,DIWATIQKL,TCRen,5.25166089208985
5isz.pdb,WICFRQTIL,TCRen,5.26168327117877
5isz.pdb,IIAKVFIDL,TCRen,5.26849664316802
5isz.pdb,HIFTQREEL,TCRen,5.31327190858163
5isz.pdb,SIEWMDLHL,TCRen,5.33238516657975
5isz.pdb,HIVLWKIVL,TCRen,5.3765539726719
5isz.pdb,CIKQNREAL,TCRen,5.41562729450895
5isz.pdb,EIQQTCIHL,TCRen,5.42333936842841
5isz.pdb,FIGARLITL,TCRen,5.42920623422179
5isz.pdb,TIMMQVHEL,TCRen,5.46615565020874
5isz.pdb,NIWQNNGLL,TCRen,5.47030188164801
5isz.pdb,WIEICMWGL,TCRen,5.49251724398335
5isz.pdb,WIWIAFRGL,TCRen,5.49601717112072
5isz.pdb,NIQCAPVGL,TCRen,5.50141387187887
5isz.pdb,QIMFDWSGL,TCRen,5.51689841368875
5isz.pdb,TIVVTYEHL,TCRen,5.51707719669372
5isz.pdb,HIRAFDEYL,TCRen,5.51780174775305
5isz.pdb,CIPDWKLLL,TCRen,5.53148797672243
5isz.pdb,WIEIWSGIL,TCRen,5.55289834399451
5isz.pdb,KIANCAIVL,TCRen,5.58965494594076
5isz.pdb,DIIITQNGL,TCRen,5.66101540593601
5isz.pdb,CIMDLIRIL,TCRen,5.6625369870742
5isz.pdb,FIQGTPHIL,TCRen,5.66975109626659
5isz.pdb,LIIATLQVL,TCRen,5.72125488148423
5isz.pdb,TINRFDPGL,TCRen,5.73684903782186
5isz.pdb,WIVFWLCGL,TCRen,5.76415927075061
5isz.pdb,RIGWNDDKL,TCRen,5.77644233767064
5isz.pdb,KICAENHVL,TCRen,5.79693711862219
5isz.pdb,MIKSEIAGL,TCRen,5.8382442716712
5isz.pdb,AIIQSPWGL,TCRen,5.85120094286552
5isz.pdb,WIFWERGGL,TCRen,5.87493833528827
5isz.pdb,TIRYKIVHL,TCRen,5.87886437395326
5isz.pdb,PIRDNWEDL,TCRen,5.90791536925714
5isz.pdb,AITGDVGKL,TCRen,5.93460387181787
5isz.pdb,DIWSAILEL,TCRen,5.96327091309713
5isz.pdb,IICLVCEEL,TCRen,6.01466600458433
5isz.pdb,KIQDVELHL,TCRen,6.02859762877222
5isz.pdb,RICPTSHHL,TCRen,6.03346591883441
5isz.pdb,EIRWDKQIL,TCRen,6.07728539136151
5isz.pdb,HITPRQVGL,TCRen,6.13705122110065
5isz.pdb,PIMQKPILL,TCRen,6.14622322439058
5isz.pdb,SISPDEQVL,TCRen,6.15319868253208
5isz.pdb,YITNPWEGL,TCRen,6.17994953461787
5isz.pdb,LIAHTGYIL,TCRen,6.19881023282695
5isz.pdb,HIRKYEHGL,TCRen,6.21194836186988
5isz.pdb,LICDQPWDL,TCRen,6.22026308149096
5isz.pdb,FIQANTWGL,TCRen,6.22841844264323
5isz.pdb,AIQDTRPGL,TCRen,6.25324367176091
5isz.pdb,FIVSQEVEL,TCRen,6.32347131533387
5isz.pdb,HICKAKTGL,TCRen,6.38352184801755
5isz.pdb,TIVQDIHRL,TCRen,6.49516504871368
5isz.pdb,RIGTDHGDL,TCRen,6.49687289733373
5isz.pdb,WIISHDHVL,TCRen,6.50363736990791
5isz.pdb,PIFGCLGGL,TCRen,6.53804765717255
5isz.pdb,VIVITNIVL,TCRen,6.54767999238348
5isz.pdb,AISFSVEIL,TCRen,6.56568464091889
5isz.pdb,VIQILVIGL,TCRen,6.59366462403862
5isz.pdb,PINKWWIIL,TCRen,6.64077655407414
5isz.pdb,AIVDWWWGL,TCRen,6.67742882008442
5isz.pdb,RIFVDFPGL,TCRen,6.75883470306509
5isz.pdb,LIWLDDAIL,TCRen,6.78299624721259
5isz.pdb,AIPARHLGL,TCRen,6.78496559524569
5isz.pdb,FIAATNEEL,TCRen,6.87848620156463
5isz.pdb,RIIDRIGEL,TCRen,6.94976583326398
5isz.pdb,HIADDHIPL,TCRen,6.95167189937297
5isz.pdb,AITANWVEL,TCRen,6.95845132758855
5isz.pdb,HINGCDGIL,TCRen,6.96202494111222
5isz.pdb,SIWADAEEL,TCRen,6.97071789935962
5isz.pdb,KIHFAWIGL,TCRen,6.98053442760424
5isz.pdb,EICWCKDLL,TCRen,7.01152282207467
5isz.pdb,CIYIDWEHL,TCRen,7.03769224236801
5isz.pdb,RIRIKHDGL,TCRen,7.0562298730322
5isz.pdb,GIWLWDEVL,TCRen,7.11467345777952
5isz.pdb,GIFTCHGGL,TCRen,7.39317589115112
5isz.pdb,GICWFVYGL,TCRen,7.39485289428691
5isz.pdb,WICQWHDLL,TCRen,7.4704685054683
5isz.pdb,TIIADGYGL,TCRen,7.62537637163494
5isz.pdb,MIWHNDEHL,TCRen,7.64693087738979
5isz.pdb,VIVWQLGVL,TCRen,7.70159024381401
5isz.pdb,CIVDNTIVL,TCRen,7.71757872781092
5isz.pdb,QICKTPYGL,TCRen,7.75736907098293
5isz.pdb,CIWGDILFL,TCRen,7.79925100795533
5isz.pdb,VICCWIDEL,TCRen,8.0292774258603
5isz.pdb,MICFDEETL,TCRen,8.07777053891164
5isz.pdb,CITYWDGGL,TCRen,8.22920092456873
5isz.pdb,CISDQKIVL,TCRen,8.3590377030115
5isz.pdb,TIGRDQIGL,TCRen,8.66399107036849
5isz.pdb,AITKLIIGL,TCRen,8.85262874026956
5isz.pdb,FIAKQPEGL,TCRen,9.14630087571464
5isz.pdb,AIYIDDVGL,TCRen,9.43806587967426
5isz.pdb,DIWWDDHGL,TCRen,9.58001749162615
