KLGGALQAK,CASSPNLSTDTQYF,1
KLGGALQAK,CASSQGFGANVLTF,1
KLGGALQAK,CASSPVGWGNTIYF,1
KLGGALQAK,CASSEALSGGSETQYF,1
KLGGALQAK,CASKGLAGYNEQFF,1
KLGGALQAK,CASSWYTTGQETQYF,1
KLGGALQAK,CASSVGADEYYEQYF,1
KLGGALQAK,CSARSLAVSTDTQYF,1
KLGGALQAK,CAWSWTDYEQYF,1
KLGGALQAK,CASSVTEMGGTEAFF,1
KLGGALQAK,CASSSETGWGTEAFF,1
KLGGALQAK,CASSLGGHGQPQHF,1
KLGGALQAK,CASSQNYEQYF,1
KLGGALQAK,CSVEAEGTATNEKLFF,1
KLGGALQAK,CASGGGQGGNNEQFF,1
KLGGALQAK,CASSTMGDYYEQYF,1
KLGGALQAK,CASSLWAGNTIYF,1
KLGGALQAK,CASSGLAGGPHEQFF,1
KLGGALQAK,CASSQASNQPQHF,1
KLGGALQAK,CASSLGEARPQETQYF,1
KLGGALQAK,CASSLLGYEQYF,1
KLGGALQAK,CASSLPGQMIRWDTEAFF,1
KLGGALQAK,CASRTLRGHVSEAFF,1
KLGGALQAK,CAIRDNNEQFF,1
KLGGALQAK,CASSLYGSRPQHF,1
KLGGALQAK,CSARVGDTGELFF,1
KLGGALQAK,CASSPTRGLEIEKLFF,1
KLGGALQAK,CATSSMGYSNQPQHF,1
KLGGALQAK,CASSQGGDEQFF,1
KLGGALQAK,CASSQDSPRAGFSDTQYF,1
KLGGALQAK,CASSLTGDHTDTQYF,1
KLGGALQAK,CASSLNWREITDTQYF,1
KLGGALQAK,CASTFAHAGDSNEQFF,1
KLGGALQAK,CASSLGTSGSTDTQYF,1
KLGGALQAK,CASSLVGLGTEAFF,1
KLGGALQAK,CASRAVINTDTQYF,1
KLGGALQAK,CASSLAGDQEPQYEQYF,1
KLGGALQAK,CASSLALSTEYSSF,1
KLGGALQAK,CASSLGTTQETQYF,1
KLGGALQAK,CASSLSVSSYNEQFF,1
KLGGALQAK,CASSSGEGTEAYNEQFF,1
KLGGALQAK,CASSPPRLGAFF,1
KLGGALQAK,CASSPLTGESMSEKLFF,1
KLGGALQAK,CASSYRRTSGRAYHEQFF,1
KLGGALQAK,CASSADQLEQFF,1
KLGGALQAK,CARQTTGTTVGYTF,1
KLGGALQAK,CASSLSGYEQYF,1
KLGGALQAK,CASSGELRGAEKLFF,1
KLGGALQAK,CASSQDVTSEWVDTIYF,1
KLGGALQAK,CASSIYGTSGSNEQFF,1
KLGGALQAK,CASSQTTPLTYNYEQYF,1
KLGGALQAK,CASSLRGTDTQYF,1
KLGGALQAK,CASSQGGQGAPYEQYF,1
KLGGALQAK,CASSFGGGLQETQYF,1
KLGGALQAK,CASSQEAREVVYEQYF,1
KLGGALQAK,CASSLLGSNQETQYF,1
KLGGALQAK,CASSFAQRGHRETQYF,1
KLGGALQAK,CASSEDGMNTEAFF,1
KLGGALQAK,CASSQDSGPQYEQYF,1
KLGGALQAK,CASSQERGGPDTQYF,1
KLGGALQAK,CASSVTSSRGGTDTQYF,1
KLGGALQAK,CASRQTSGTYNEQFF,1
KLGGALQAK,CASSLGTSGRAGETQYF,1
KLGGALQAK,CASRPGTASYEQYF,1
KLGGALQAK,CSARDQSRATDTQYF,1
KLGGALQAK,CAISESNDGNEQFF,1
KLGGALQAK,CASSHFSGTFPYEQYF,1
KLGGALQAK,CSVEDGYEQYF,1
KLGGALQAK,CASSLESGFLSGYTF,1
KLGGALQAK,CASSEVGVFEAFF,1
KLGGALQAK,CASSLLSGSSYEQYF,1
KLGGALQAK,CASSLEGDPSYEQYF,1
KLGGALQAK,CASSLGPADTQYF,1
KLGGALQAK,CASSAHTSGGKNIQYF,1
KLGGALQAK,CATRERQGWVEAFF,1
KLGGALQAK,CASSDQLLEEWSSYNEQFF,1
KLGGALQAK,CASSQGGGVNEQFF,1
KLGGALQAK,CASNWFRDNTGELFF,1
KLGGALQAK,CASSPDGLTENTEAFF,1
KLGGALQAK,CASSPHAGGVDEKLFF,1
KLGGALQAK,CASSWVPPGQGRTGELFF,1
KLGGALQAK,CASSPGVGTEAFF,1
KLGGALQAK,CASSIDRWTQGNQPQHF,1
KLGGALQAK,CATSRVKTSGGYEQYF,1
KLGGALQAK,CASITKDRAYEQYF,1
KLGGALQAK,CASSAGSFRHPYSNQPQHF,1
KLGGALQAK,CASSLYSPAHTEAFF,1
KLGGALQAK,CASSLTRTALNTEAFF,1
KLGGALQAK,CASRGLALYNEQFF,1
KLGGALQAK,CASSPGTVKETQYF,1
KLGGALQAK,CASSPGASYEQYF,1
KLGGALQAK,CATGTGGGYGYTF,1
KLGGALQAK,CASSHQAGALYNEQFF,1
KLGGALQAK,CSARGKGAISHHTEAFF,1
KLGGALQAK,CASTFIFVRGADSSYEQYF,1
KLGGALQAK,CASSLMVNEQYF,1
KLGGALQAK,CAISEGAPNTEAFF,1
KLGGALQAK,CASSANRGPDTEAFF,1
KLGGALQAK,CASSLGTGYEQYF,1
KLGGALQAK,CASSERLDLAGGRNEQFF,1
KLGGALQAK,CASSLENTGELFF,1
KLGGALQAK,CASSENEQFF,1
KLGGALQAK,CASSQVGDEQFF,1
KLGGALQAK,CASSLELAGVDTQYF,1
KLGGALQAK,CASSATGTGRTSAWYNEQFF,1
KLGGALQAK,CASSLDRNTEAFF,1
KLGGALQAK,CASSSLSEAFF,1
KLGGALQAK,CASSQDMGWGTDTQYF,1
KLGGALQAK,CASSLDGPSGSPHEQYF,1
KLGGALQAK,CASSLELGQGRETQYF,1
KLGGALQAK,CASRTRLGRNEQFF,1
KLGGALQAK,CASSFLAGQRTDTEAFF,1
KLGGALQAK,CASSQDPGPDTQYF,1
KLGGALQAK,CASSHVTGYEQYF,1
KLGGALQAK,CASSLGGEGYEQYF,1
KLGGALQAK,CASSQVVTDNEQFF,1
KLGGALQAK,CASSPEGRRMGPTNEKLFF,1
KLGGALQAK,CASTVFQGSTNEQFF,1
KLGGALQAK,CASSQYAVRVGDTEAFF,1
KLGGALQAK,CATSPTRSTTDTQYF,1
KLGGALQAK,CSVEIGWGQGDNGDYGYTF,1
KLGGALQAK,CASILRAESSYNEQFF,1
KLGGALQAK,CASSLRGTGAYGYTF,1
KLGGALQAK,CASLGTPGLAGSSYEQYF,1
KLGGALQAK,CASSLGGTSTAETQYF,1
KLGGALQAK,CASSLDRVSYNEQFF,1
KLGGALQAK,CASSIGGGLYEQYF,1
KLGGALQAK,CASSYRVGRSSYEQYF,1
KLGGALQAK,CSVEGSGGTQYF,1
KLGGALQAK,CASTIGGDTGELFF,1
KLGGALQAK,CASSTMGQGISPLHF,1
KLGGALQAK,CASSVEEPGTVYEQYF,1
KLGGALQAK,CASSQDLMEETQYF,1
KLGGALQAK,CASSLQGGNYGYTF,1
KLGGALQAK,CASSSGTSGSADTQYF,1
KLGGALQAK,CASTRGQGRDGELFF,1
KLGGALQAK,CASRMGHTDTQYF,1
KLGGALQAK,CASSESRSGNQPQHF,1
KLGGALQAK,CASSLGRGAYEQYF,1
KLGGALQAK,CASSPIELVTYNEQFF,1
KLGGALQAK,CASSLGQGATNTGELFF,1
KLGGALQAK,CASSVLANTGELFF,1
KLGGALQAK,CASSIETGTEITGELFF,1
KLGGALQAK,CASSWTANTEAFF,1
KLGGALQAK,CASSVGGGGSTDTQYF,1
KLGGALQAK,CASSHHSGGIYNEQFF,1
KLGGALQAK,CASSLDLGVDYGYTF,1
KLGGALQAK,CASSEAFSGNTIYF,1
KLGGALQAK,CASSLTSGSISTQYF,1
KLGGALQAK,CASSYPLGTQYF,1
KLGGALQAK,CASKPGAIEAFF,1
KLGGALQAK,CASSMRHFSYEQYF,1
KLGGALQAK,CASSEYGGYTF,1
KLGGALQAK,CASSLVGYEQYF,1
KLGGALQAK,CSARTGGDGYTF,1
KLGGALQAK,CASSLGPAGAHNEQFF,1
KLGGALQAK,CSARHLANNEQFF,1
KLGGALQAK,CASSLGEDSSLKREPLHF,1
KLGGALQAK,CASSPPLAGGYEQYF,1
KLGGALQAK,CSAPGGRPQHF,1
KLGGALQAK,CASSLHLMNTEAFF,1
KLGGALQAK,CSARDFTYEQYF,1
KLGGALQAK,CASIGSGYNEQFF,1
KLGGALQAK,CAWSVGVSGANVLTF,1
KLGGALQAK,CAINKGTGNTGELFF,1
KLGGALQAK,CASSLSGGLLRTGELFF,1
KLGGALQAK,CAWKPTGLGYGYTF,1
KLGGALQAK,CASSPRTSGNTYEQYF,1
KLGGALQAK,CASSDPTGGYETQYF,1
KLGGALQAK,CASKVYGYTF,1
KLGGALQAK,CASSVDRGAYNEQFF,1
KLGGALQAK,CASSRSTGGSGNTIYF,1
KLGGALQAK,CASSIDLSEGDTNQPQHF,1
KLGGALQAK,CATSELSGETQYF,1
KLGGALQAK,CASSEQGVVDTQYF,1
KLGGALQAK,CASSVGMTDYNEQFF,1
KLGGALQAK,CASNSLDREDGNTIYF,1
KLGGALQAK,CASSMRVQSNTGELFF,1
KLGGALQAK,CASSPPHPTGPTDTQYF,1
KLGGALQAK,CASSGLRGTAEAFF,1
KLGGALQAK,CASSYDRGFYNEQFF,1
KLGGALQAK,CASSLGTGGQFF,1
KLGGALQAK,CASSQDLGVDGYTF,1
KLGGALQAK,CASSFPVTAITGNTEAFF,1
KLGGALQAK,CASSLAQYYQPQHF,1
KLGGALQAK,CASSPTLYNEQFF,1
KLGGALQAK,CASTLGTEAFF,1
KLGGALQAK,CASSLLAGSSYNEQFF,1
KLGGALQAK,CSVELSHSYEQYF,1
KLGGALQAK,CASSSLLQGVDYGYTF,1
KLGGALQAK,CASSQDMRAGGPNEQFF,1
KLGGALQAK,CSAWAQGSGYEQYF,1
KLGGALQAK,CASSLMTNQPQHF,1
KLGGALQAK,CASSPGREQYF,1
KLGGALQAK,CATSSEDSSNQPQHF,1
KLGGALQAK,CASSLTNPRQGAYNEQFF,1
KLGGALQAK,CASSRSFAGGDTDTQYF,1
KLGGALQAK,CSASAGLVGYEQYF,1
KLGGALQAK,CASSLGRAGYGETQYF,1
KLGGALQAK,CASYWTGPPHGYTF,1
KLGGALQAK,CASSEAGGGYEQYF,1
KLGGALQAK,CASIDRSYEQYF,1
KLGGALQAK,CASSYSSRLQYF,1
KLGGALQAK,CASWGPGTEGAYEQYF,1
KLGGALQAK,CSVEQRDTGELFF,1
KLGGALQAK,CAASQNTEAFF,1
KLGGALQAK,CSVEDPDRDGYTF,1
KLGGALQAK,CASSSQSTGTAGVYEQYF,1
KLGGALQAK,CASSLFPGQGSDDEQFF,1
KLGGALQAK,CASSQEDSWGDTQYF,1
KLGGALQAK,CASLTRFGLYSNQPQHF,1
KLGGALQAK,CASSYSGTENGYTF,1
KLGGALQAK,CAVPGGSPYEQYF,1
KLGGALQAK,CASSYRLGNEQFF,1
KLGGALQAK,CASSMGPTGYGYTF,1
KLGGALQAK,CASSGRARLARTDTQYF,1
KLGGALQAK,CASRLTRGAGETQYF,1
KLGGALQAK,CASSFLGQGDSPLHF,1
KLGGALQAK,CASSAGTSGGASYNEQFF,1
KLGGALQAK,CASSALTGPNTEAFF,1
KLGGALQAK,CASSLPGWEQYF,1
KLGGALQAK,CASSPRTDQETQYF,1
KLGGALQAK,CASSLADLLAEKLFF,1
KLGGALQAK,CASIAYSNQPQHF,1
KLGGALQAK,CAISEFRDDQETQYF,1
KLGGALQAK,CSASGTLDTEAFF,1
KLGGALQAK,CASSWLGQGALEAFF,1
KLGGALQAK,CSARGQGTSGVDYGYTF,1
KLGGALQAK,CASRDTSGGPDTQYF,1
KLGGALQAK,CASSYDSRETQYF,1
KLGGALQAK,CATSTGDSNQPQHF,1
KLGGALQAK,CASSQDSHSTSTDTQYF,1
KLGGALQAK,CASSLSGGGHTDTQYF,1
KLGGALQAK,CASATWGDPNQPQHF,1
KLGGALQAK,CASSPTANEKLFF,1
KLGGALQAK,CASSQVAAGDNSYEQYF,1
KLGGALQAK,CASSEGVNEQFF,1
KLGGALQAK,CASSLGGHGNEQFF,1
KLGGALQAK,CASSFPGYGYTF,1
KLGGALQAK,CASSVGVSNQPQHF,1
KLGGALQAK,CASFDRTQGFSGANVLTF,1
KLGGALQAK,CAISESSRGVDGYTF,1
KLGGALQAK,CASTPGGYEQYF,1
KLGGALQAK,CASSLTSGGQGEQFF,1
KLGGALQAK,CASSEGWHSYEQYF,1
KLGGALQAK,CATSREGAGTEAFF,1
KLGGALQAK,CASSIGATEAFF,1
KLGGALQAK,CASRLPPSSGNTDTQYF,1
KLGGALQAK,CASSEVRGPSYNEQFF,1
KLGGALQAK,CAISERDFQETQYF,1
KLGGALQAK,CSASGTGSYEQYF,1
KLGGALQAK,CASSLGETGGIQFF,1
KLGGALQAK,CASSPDGTGSGNTIYF,1
KLGGALQAK,CASSYSVRDYEQYF,1
KLGGALQAK,CASRESLLAGGPDTQYF,1
KLGGALQAK,CASSFRGPNLYTEAFF,1
KLGGALQAK,CASSLSRSQPPNQPQHF,1
KLGGALQAK,CASSPQGDSASSGNTIYF,1
KLGGALQAK,CASSLPDPYEQYF,1
KLGGALQAK,CASSSTRGWADTQYF,1
KLGGALQAK,CATSGDTQYF,1
KLGGALQAK,CASSPHRTVLAGDTQYF,1
KLGGALQAK,CASSQEASGGKETQYF,1
KLGGALQAK,CASTPGQGASTEAFF,1
KLGGALQAK,CASRPSRGTNYGYTF,1
KLGGALQAK,CASSLSGGRTKNIQYF,1
KLGGALQAK,CASSFWTSGYEQYF,1
KLGGALQAK,CASSERTSGGYTDTQYF,1
KLGGALQAK,CSARIAGAKNIQYF,1
KLGGALQAK,CASHISTGELFF,1
KLGGALQAK,CASSHEWGSNTGELFF,1
KLGGALQAK,CASSPGSLGHRASTDTQYF,1
KLGGALQAK,CASTRGQRNGAFF,1
KLGGALQAK,CATSEVGSETQYF,1
KLGGALQAK,CSASSTHSNQPQHF,1
KLGGALQAK,CASSEFGTFQETQYF,1
KLGGALQAK,CASSIQNTGELFF,1
KLGGALQAK,CASSRGGGSYNEQFF,1
KLGGALQAK,CASSYGTGDLSYNEQFF,1
KLGGALQAK,CASSGTGVTGELFF,1
KLGGALQAK,CASSRTGSSYNEQFF,1
KLGGALQAK,CASSRAGTGYNEQFF,1
KLGGALQAK,CASSLGGGVLFF,1
KLGGALQAK,CASSPLRGGVTYNEQFF,1
KLGGALQAK,CASSEKEGTTNTGELFF,1
KLGGALQAK,CASSSQGGYGYTF,1
KLGGALQAK,CASSLEPTANQPQHF,1
KLGGALQAK,CASPGDLNTEAFF,1
KLGGALQAK,CASSPRGSYWDEQYF,1
KLGGALQAK,CASSRNPGTGTYNEQFF,1
KLGGALQAK,CSATPNPGGHSTDTQYF,1
KLGGALQAK,CASSLPLGYEQYF,1
KLGGALQAK,CASSLAGGSLSYEQYF,1
KLGGALQAK,CASSFAGLNYGYTF,1
KLGGALQAK,CASSIGTGRTHNEQFF,1
KLGGALQAK,CASSEALSGGAPAETQYF,1
KLGGALQAK,CASSLAGVIETQYF,1
KLGGALQAK,CASSLLYSDSPLHF,1
KLGGALQAK,CASSFGLDHGTGELFF,1
KLGGALQAK,CAWDSYNQPQHF,1
KLGGALQAK,CASSLTGESYEQYF,1
KLGGALQAK,CASSWTQETQYF,1
KLGGALQAK,CASSLSVVSGELFF,1
KLGGALQAK,CASSVAGLAGATSTDTQYF,1
KLGGALQAK,CATSRGPLASFLVDSYNEQFF,1
KLGGALQAK,CASSLTGGGYEQYF,1
KLGGALQAK,CASEGVHEQFF,1
KLGGALQAK,CASSAYNEQFF,1
KLGGALQAK,CASSDRAGVVTDTQYF,1
KLGGALQAK,CASGFPIYRDKSTDTQYF,1
KLGGALQAK,CSARAYTGELFF,1
KLGGALQAK,CASSPYPRTGGTDTQYF,1
KLGGALQAK,CASSLRDSSSYEQYF,1
KLGGALQAK,CASSLLPGNTGELFF,1
KLGGALQAK,CASSQGTISYEQYF,1
KLGGALQAK,CASSITDRVHAGANVLTF,1
KLGGALQAK,CASLDRVGGYTF,1
KLGGALQAK,CASSRDTVNTEAFF,1
KLGGALQAK,CSVVRGSYNEQFF,1
KLGGALQAK,CASTHRGPLKRRPLHF,1
KLGGALQAK,CASSLALTFSGEGSPLHF,1
KLGGALQAK,CASITRLAGELFF,1
KLGGALQAK,CASSQWTGSNYGYTF,1
KLGGALQAK,CASSPLPGGVNEQFF,1
KLGGALQAK,CASSPGDPSTDTQYF,1
KLGGALQAK,CASSFRPPDTDRTNTGELFF,1
KLGGALQAK,CASSLSAGTEAFF,1
KLGGALQAK,CASRIQGRQPQHF,1
KLGGALQAK,CASSPRQRSGNTIYF,1
KLGGALQAK,CASSFGLALGDEQFF,1
KLGGALQAK,CASSPRSSGGRYNEQFF,1
KLGGALQAK,CASSKKGLSNEQFF,1
KLGGALQAK,CSARGTDFANTGELFF,1
KLGGALQAK,CASSPTSAPGLFSGNTIYF,1
KLGGALQAK,CAIDETGHGYTF,1
KLGGALQAK,CASSLARIYTYNEQFF,1
KLGGALQAK,CASSGDPKAYEQYF,1
KLGGALQAK,CASSLGRTGANTGELFF,1
KLGGALQAK,CASSLVNTGELFF,1
KLGGALQAK,CATTFRGYEQYF,1
KLGGALQAK,CASSIGDGILLTDTQYF,1
KLGGALQAK,CASSFGASGSVGELFF,1
KLGGALQAK,CAWSVRGVNPYNEQFF,1
KLGGALQAK,CASSLAGYEQYF,1
KLGGALQAK,CASSLVDSARSYEQYF,1
KLGGALQAK,CSARLRDKDYEQYF,1
KLGGALQAK,CASSVVSGGHQPQHF,1
KLGGALQAK,CASSPWTGARGYTF,1
KLGGALQAK,CASSPGTDTQYF,1
KLGGALQAK,CSAIPLGEPYEQYF,1
KLGGALQAK,CSARDLVGLAGDTDTQYF,1
KLGGALQAK,CASGFGHSNSPLHF,1
KLGGALQAK,CASSQDHGLHPEAFF,1
KLGGALQAK,CASSLGQGPYEQYF,1
KLGGALQAK,CASSLINTGELFF,1
KLGGALQAK,CATSFAPGQGEHGYTF,1
KLGGALQAK,CASKRQGLHAEQYF,1
KLGGALQAK,CASSERQLPYEQYF,1
KLGGALQAK,CASSPPDDEQYF,1
KLGGALQAK,CSANPRTTLYEQYF,1
KLGGALQAK,CASTTYNEQFF,1
KLGGALQAK,CASSLLGGRGNTGELFF,1
KLGGALQAK,CASSQKPGQDHYEQYF,1
KLGGALQAK,CSARDPQRTTSTDTQYF,1
KLGGALQAK,CASSSAHYGYTF,1
KLGGALQAK,CASSTPRGGYTF,1
KLGGALQAK,CASSTYRGQPQHF,1
KLGGALQAK,CAWSAASGGAQDTQYF,1
KLGGALQAK,CASSIGIHGYTF,1
KLGGALQAK,CASSTSTGQGWHYGYTF,1
KLGGALQAK,CATSDQHGSSEQFF,1
KLGGALQAK,CASALGAVDTQYF,1
KLGGALQAK,CASSLRGGQSYEQYF,1
KLGGALQAK,CASSQEIGVYGYTF,1
KLGGALQAK,CASSLGSGGGETQYF,1
KLGGALQAK,CASSEALAGSTDTQYF,1
KLGGALQAK,CASSPKAGGPGEQFF,1
KLGGALQAK,CASSPGTGGFLSSYEQYF,1
KLGGALQAK,CASSLSRANSPLHF,1
KLGGALQAK,CASRPWTGANEKLFF,1
KLGGALQAK,CASSIALSTFQPQHF,1
KLGGALQAK,CASINSPGGEDTGELFF,1
KLGGALQAK,CSGLLAGTDTQYF,1
KLGGALQAK,CASSYSTSQGANYEQYF,1
KLGGALQAK,CASSLILDSPLHF,1
KLGGALQAK,CASSVGGGVTDTQYF,1
KLGGALQAK,CASSLLAVDNEQFF,1
KLGGALQAK,CASRGLGSGGYEQYF,1
KLGGALQAK,CASSPPRTSGAYEQYF,1
KLGGALQAK,CASSQELAGGGNEQFF,1
KLGGALQAK,CAISEEVSGGVGANEQFF,1
KLGGALQAK,CASSPSGLAGYNEQFF,1
KLGGALQAK,CASSYGGEQPQHF,1
KLGGALQAK,CASSLAGTGSDTQYF,1
KLGGALQAK,CASSSRLYNEQFF,1
KLGGALQAK,CASSQTAGTGELFF,1
KLGGALQAK,CASSAFVETQYF,1
KLGGALQAK,CASSLWTGYNEQFF,1
KLGGALQAK,CASSLRQGEYNEQFF,1
KLGGALQAK,CASSLGDVQNTEAFF,1
KLGGALQAK,CASSARDYTGELFF,1
KLGGALQAK,CASSLSLGQGAPNYGYTF,1
KLGGALQAK,CSAPLGEGGYTF,1
KLGGALQAK,CSAPPPYNEQFF,1
KLGGALQAK,CASSIARTGEAVNEQFF,1
KLGGALQAK,CASSQAGTGFYGYTF,1
KLGGALQAK,CASSFGGRSTDTQYF,1
KLGGALQAK,CSARYRDTGELFF,1
KLGGALQAK,CASSIATGLNQPQHF,1
KLGGALQAK,CASSPSGLAGSNLGNEQFF,1
KLGGALQAK,CASSVDDTGLSYEQYF,1
KLGGALQAK,CASSTSGETGELFF,1
KLGGALQAK,CASSLLGTEAFF,1
KLGGALQAK,CASKKTPVGTEAFF,1
KLGGALQAK,CASSVSQGYEQFF,1
KLGGALQAK,CSALGAVGAGIHYEQYF,1
KLGGALQAK,CASSPYPSRGSNEQFF,1
KLGGALQAK,CAINKESDSYEQYF,1
KLGGALQAK,CASSFSGRVGEKLFF,1
KLGGALQAK,CASSVGQGNQPQHF,1
KLGGALQAK,CASSMNPQGGSSPLHF,1
KLGGALQAK,CASSVGGAHEQYF,1
KLGGALQAK,CASSKGLAVDYTQYF,1
KLGGALQAK,CASSQGETQYF,1
KLGGALQAK,CASSPGESTDTQYF,1
KLGGALQAK,CASSLFTGTNEQFF,1
KLGGALQAK,CATSAQTGQGENTEAFF,1
KLGGALQAK,CASSETGTSGDEQYF,1
KLGGALQAK,CASSTSSSWTQYF,1
KLGGALQAK,CASSLGDRGRGYGYTF,1
KLGGALQAK,CASSPRPGPNQPQHF,1
KLGGALQAK,CAISESVNTEAFF,1
KLGGALQAK,CASSLNSGHTQYF,1
KLGGALQAK,CASSLFPGQDRGRDQPQHF,1
KLGGALQAK,CASTGSAGGSYGYTF,1
KLGGALQAK,CASSQERDRVYEQYF,1
KLGGALQAK,CASTPRRLGLFPSSGNTIYF,1
KLGGALQAK,CSANDRGRGYNSPLHF,1
KLGGALQAK,CASSLLWAEYNEQFF,1
KLGGALQAK,CASSLDNQPQHF,1
KLGGALQAK,CASSFPGQGNTQYF,1
KLGGALQAK,CSAPDRYLRTEAFF,1
KLGGALQAK,CATFTGNTEAFF,1
KLGGALQAK,CASQAGVFTDTQYF,1
KLGGALQAK,CASSPGGGASYEQYF,1
KLGGALQAK,CASSSGRAGITDTQYF,1
KLGGALQAK,CASSPEGLDNFF,1
KLGGALQAK,CASSPTSGSRETQYF,1
KLGGALQAK,CASSLVPTADVLTF,1
KLGGALQAK,CASSELPAGGTNEQFF,1
KLGGALQAK,CASSQGAGGLVFYEQYF,1
KLGGALQAK,CAWGIPRQDNNEKLFF,1
KLGGALQAK,CGWPGQTNTGELFF,1
KLGGALQAK,CASSPRDEQFF,1
KLGGALQAK,CASSVASGQLYGYTF,1
KLGGALQAK,CASSPSYNEQFF,1
KLGGALQAK,CASSLDGATNEKLFF,1
KLGGALQAK,CASSYFPYDLYEQYF,1
KLGGALQAK,CASVYLAGTMDTQYF,1
KLGGALQAK,CASSISSTGELFF,1
KLGGALQAK,CASGGKVFPPYEQYF,1
KLGGALQAK,CASSDATSGTYLYNEQFF,1
KLGGALQAK,CAWSVQQGDQPQHF,1
KLGGALQAK,CASSPRDSLYEQYF,1
KLGGALQAK,CASSPSGLAGSNLGNEQFF,1
KLGGALQAK,CASSQVVDWISNTGELFF,1
KLGGALQAK,CASSRQNTGELFF,1
KLGGALQAK,CASSLAGTGGRFSYEQYF,1
KLGGALQAK,CATSEAASSWTGELFF,1
KLGGALQAK,CASSQGWGTQPQHF,1
KLGGALQAK,CASSFLGQGAAGELFF,1
KLGGALQAK,CASSPNPQGANMDTQYF,1
KLGGALQAK,CASSYSRGQPEAFF,1
KLGGALQAK,CASSRDRGLGYTF,1
KLGGALQAK,CASSYSERDTEKLFF,1
KLGGALQAK,CASSQGWDEQFF,1
KLGGALQAK,CASSQRRTGPSSTDTQYF,1
KLGGALQAK,CAWSVTPGYNEQFF,1
KLGGALQAK,CASSLASGSNQPQHF,1
KLGGALQAK,CASSLSWGSSYNEQFF,1
KLGGALQAK,CASTPGSEPLHF,1
KLGGALQAK,CASSLMGGGNTIYF,1
KLGGALQAK,CAWSAIADTDTQYF,1
KLGGALQAK,CASSSYRKEKLFF,1
KLGGALQAK,CASSLGQGDGGYTF,1
KLGGALQAK,CASSQDYNEQFF,1
KLGGALQAK,CASSATSNQPQHF,1
KLGGALQAK,CATSREWPGELFF,1
KLGGALQAK,CASSEWTGNTEAFF,1
KLGGALQAK,CASSQGGGGTDTQYF,1
KLGGALQAK,CASSIVQGSNQPQHF,1
KLGGALQAK,CASSYRGGYEQYF,1
KLGGALQAK,CASSLSRRRSRDDNEQFF,1
KLGGALQAK,CASSSPVETQYF,1
KLGGALQAK,CASSYVGNTGELFF,1
KLGGALQAK,CASTGGPEGNQPQHF,1
KLGGALQAK,CAAHGGTRTLAKNIQYF,1
KLGGALQAK,CASSYSQGGSYGYTF,1
KLGGALQAK,CASSLLRVSGANVLTF,1
KLGGALQAK,CASSRVGSPLHF,1
KLGGALQAK,CASSDSLGDRGSYEQYF,1
KLGGALQAK,CASSLVNGLGYTF,1
KLGGALQAK,CASKVAGFNEQFF,1
KLGGALQAK,CASSLTQGARNTIYF,1
KLGGALQAK,CASTWDSLYEQYF,1
KLGGALQAK,CASSPQNSYNEQFF,1
KLGGALQAK,CASSPSSGESTDTQYF,1
KLGGALQAK,CASSQDRIRQARTGELFF,1
KLGGALQAK,CASRSGGGSYEQYF,1
KLGGALQAK,CASSLTGTVDGYTF,1
KLGGALQAK,CASSLDAETQYF,1
KLGGALQAK,CASRQLAGFYEQYF,1
KLGGALQAK,CASSYLTGADGYTF,1
KLGGALQAK,CASSAGVGTGELFF,1
KLGGALQAK,CASNLGGGSTDTQYF,1
KLGGALQAK,CASSDGGSSGNTIYF,1
KLGGALQAK,CASSQDLGARMGETQYF,1
KLGGALQAK,CSARTSAGVYEQFF,1
KLGGALQAK,CASSTPDTPSSYNEQFF,1
KLGGALQAK,CASSLGANTGELFF,1
KLGGALQAK,CASSQVGRGRGAFF,1
KLGGALQAK,CASSQDRAGWIDEQFF,1
KLGGALQAK,CSASVPAGQQNSSPLHF,1
KLGGALQAK,CASSLGFNEQYF,1
KLGGALQAK,CATSDVAGGGGEQFF,1
KLGGALQAK,CASSLMTGGAYNEQFF,1
KLGGALQAK,CASRDHRVIYGYTF,1
KLGGALQAK,CASRRSLQGARGGYTF,1
KLGGALQAK,CSARVEGAGPAQYF,1
KLGGALQAK,CASRSLSGEQFF,1
KLGGALQAK,CASSNRGYDEQYF,1
KLGGALQAK,CASRRTGVVEKLFF,1
KLGGALQAK,CASSYLGQMDEKLFF,1
KLGGALQAK,CASSLAGQENQPQHF,1
KLGGALQAK,CASSPSDPGELFF,1
KLGGALQAK,CASSDGTSGRAGGELFF,1
KLGGALQAK,CASSIAGNNEQFF,1
KLGGALQAK,CASSLKVRDEQFF,1
KLGGALQAK,CASSPPADEALYGYTF,1
KLGGALQAK,CASSTYRQGYNEQFF,1
KLGGALQAK,CASSYSRGISPYGYTF,1
KLGGALQAK,CASSSSDPPGNQPQHF,1
KLGGALQAK,CASSQVGTGVHEQFF,1
KLGGALQAK,CASSLSNTPGEQFF,1
KLGGALQAK,CASRSTGYLEQYF,1
KLGGALQAK,CASSLSYNSPLHF,1
KLGGALQAK,CASSQEFVGAVLDTQYF,1
KLGGALQAK,CASTLSTDRGFTGELFF,1
KLGGALQAK,CASSFISQGAYGYTF,1
KLGGALQAK,CASSLGPVYEQYF,1
KLGGALQAK,CATGTGGNDYEQYF,1
KLGGALQAK,CASSLGGEQYF,1
KLGGALQAK,CASSIGFGQGVSTEAFF,1
KLGGALQAK,CASSRDFVSNEQYF,1
KLGGALQAK,CATSDFGVNTGELFF,1
KLGGALQAK,CSAYRVMSHEQYF,1
KLGGALQAK,CASSLGGPPTYEQYF,1
KLGGALQAK,CASKKLAGDSYEQYF,1
KLGGALQAK,CASSSYSRYEQYF,1
KLGGALQAK,CASTTGDSSNQPQHF,1
KLGGALQAK,CASSLGRSTGELFF,1
KLGGALQAK,CASRGGTGLYGYTF,1
KLGGALQAK,CASSLFGSGGAGETQYF,1
KLGGALQAK,CASSLGVGRGFTEAFF,1
KLGGALQAK,CASRELGQETQYF,1
KLGGALQAK,CASSLAAGGSYGYTF,1
KLGGALQAK,CASRHSQGAPSWYQETQYF,1
KLGGALQAK,CATSEIQGFSTDTQYF,1
KLGGALQAK,CSATGLRTSYEQYF,1
KLGGALQAK,CASRTTTGTGSSGNTIYF,1
KLGGALQAK,CASSLSPLDNPSYEQYF,1
KLGGALQAK,CATSDYGYTF,1
KLGGALQAK,CASSVEGDGSEAFF,1
KLGGALQAK,CATFAASKEQFF,1
KLGGALQAK,CSAEVPGANTGELFF,1
KLGGALQAK,CASSFWGLAGGYNEQFF,1
KLGGALQAK,CAIRWTLNNEQFF,1
KLGGALQAK,CASKHSGTGVLARELFF,1
KLGGALQAK,CASSEDNRGRYEQYF,1
KLGGALQAK,CASSSSGYNEQFF,1
KLGGALQAK,CASSGQVESSGNTIYF,1
KLGGALQAK,CASSSDPSTDTQYF,1
KLGGALQAK,CASSLGTGGTEAFF,1
KLGGALQAK,CASSLRGSAGNTIYF,1
KLGGALQAK,CASRGEGSYEQYF,1
KLGGALQAK,CASSLASTGLTQETQYF,1
KLGGALQAK,CASRDATGGFEQYF,1
KLGGALQAK,CASSSPRSSRDTDTQYF,1
KLGGALQAK,CASSLYSGSFYEQYF,1
KLGGALQAK,CASSSGVGQEAHEQYF,1
KLGGALQAK,CASSESQGDYYGYTF,1
KLGGALQAK,CASSPPGTPPNYGYTF,1
KLGGALQAK,CASSQGGRSTDTQYF,1
KLGGALQAK,CASSQDPPDTQYF,1
KLGGALQAK,CSARDREGSIYNEQFF,1
KLGGALQAK,CASSVSQKLFF,1
KLGGALQAK,CASSEWALPNEQFF,1
KLGGALQAK,CASSPVGPNTQYF,1
KLGGALQAK,CACSIDPRGQPQHF,1
KLGGALQAK,CASSGQGMGNSPLHF,1
KLGGALQAK,CASTSVNTGELFF,1
KLGGALQAK,CASSPGTGSHPYNEQFF,1
KLGGALQAK,CACCRLFSREYGYTF,1
KLGGALQAK,CASSPERGEETQYF,1
KLGGALQAK,CASSSVAFDSGNTIYF,1
KLGGALQAK,CASSPLQGANHDEQYF,1
KLGGALQAK,CASSDPSGPGGGSPLHF,1
KLGGALQAK,CASSLDLTETQYF,1
KLGGALQAK,CASSRYRDPPDHEQYF,1
KLGGALQAK,CASSGRVTGGFYNEQFF,1
KLGGALQAK,CASSLNNEQFF,1
KLGGALQAK,CASSLLGGSYEQYF,1
KLGGALQAK,CSARDLEVLSYEQYF,1
KLGGALQAK,CASAGERSEQFF,1
KLGGALQAK,CASSEGGGYEQYF,1
KLGGALQAK,CASSQVRQGLNQPQHF,1
KLGGALQAK,CSASPGYNEQFF,1
KLGGALQAK,CASSVAGGGQETQYF,1
KLGGALQAK,CATSDDSEKLFF,1
KLGGALQAK,CASSLLPEGTGRVSGYTF,1
KLGGALQAK,CASSWREGTDTQYF,1
KLGGALQAK,CASSLIRDITYEQYF,1
KLGGALQAK,CASSQDRASYNEQFF,1
KLGGALQAK,CASSIGRSPQHF,1
KLGGALQAK,CASSPSGLAGSNLGNEQFF,1
KLGGALQAK,CASSLDFSRQETQYF,1
KLGGALQAK,CSARTATGGQSGYTF,1
KLGGALQAK,CASSFGAGAKAGELFF,1
KLGGALQAK,CASSQDSSETQYF,1
KLGGALQAK,CSLSGGQHNEQFF,1
KLGGALQAK,CATSRDWTGSAETQYF,1
KLGGALQAK,CASSFEVRVDTEAFF,1
KLGGALQAK,CASGFFNQPQHF,1
KLGGALQAK,CASSQWDNQPQHF,1
KLGGALQAK,CASSLPTRQNLASYEYGYTF,1
KLGGALQAK,CASSPGLTPAEQYF,1
KLGGALQAK,CASSFDHRGRDEQFF,1
KLGGALQAK,CASSPGTGDLETQYF,1
KLGGALQAK,CASSQDAGITYEQYF,1
KLGGALQAK,CASSVERENTGELFF,1
KLGGALQAK,CASRVKETQYF,1
KLGGALQAK,CASSTSLLAQHF,1
KLGGALQAK,CASSFLSAGGGTDTQYF,1
KLGGALQAK,CASSWTGMNTEAFF,1
KLGGALQAK,CASSLEAVSIHGYTF,1
KLGGALQAK,CASSPSGYQPQHF,1
KLGGALQAK,CASSVQEEYGYTF,1
KLGGALQAK,CASRIGTTNEQYF,1
KLGGALQAK,CASSPGPNQPQHF,1
KLGGALQAK,CSARAGSTYEQYF,1
KLGGALQAK,CATSETVAGGTGELFF,1
KLGGALQAK,CASSGPGTLNLDTF,1
KLGGALQAK,CASSSNIRDSGNTIYF,1
KLGGALQAK,CASSQGSRPEQYF,1
KLGGALQAK,CASARGWGPAGGELFF,1
KLGGALQAK,CASSLGRYNEQFF,1
KLGGALQAK,CASSLIANQETQYF,1
KLGGALQAK,CATSDSSGSNEQFF,1
KLGGALQAK,CASSWGDYNEQFF,1
KLGGALQAK,CAISSDSGDEQFF,1
KLGGALQAK,CASSPSAGRGLGYTF,1
KLGGALQAK,CASGPLVGGGLGAYTF,1
KLGGALQAK,CASSLVSPSEQFF,1
KLGGALQAK,CASSFGGVEGMNTEAFF,1
KLGGALQAK,CASSLDQGAQDNEQFF,1
KLGGALQAK,CASSVGRTLDYGYTF,1
KLGGALQAK,CASSQDHPGGYEQYF,1
KLGGALQAK,CASGLVPGGGSDGYTF,1
KLGGALQAK,CASSPGRGDSPLHF,1
KLGGALQAK,CASSLGEPQHF,1
KLGGALQAK,CASSLLAGGKETQYF,1
KLGGALQAK,CAISDPRDSYEQYF,1
KLGGALQAK,CASTQGYNEQFF,1
KLGGALQAK,CASSDRFWEQYF,1
KLGGALQAK,CASSVVGDEQYF,1
KLGGALQAK,CASSDRDRGLLRQFF,1
KLGGALQAK,CASRAGGWTLPSNYGYTF,1
KLGGALQAK,CASSFIGTRAGQYF,1
KLGGALQAK,CASSQSGGRYEQYF,1
KLGGALQAK,CASSPSGRGGNEQFF,1
KLGGALQAK,CASSQDPETGRTDTQYF,1
KLGGALQAK,CASSDRGTGELFF,1
KLGGALQAK,CASFGGTGELFF,1
KLGGALQAK,CASSLNEQEGQPQHF,1
KLGGALQAK,CASSQDSGWREKLFF,1
KLGGALQAK,CASSVSGANYNEQFF,1
KLGGALQAK,CASSEEGGLSNEKLFF,1
KLGGALQAK,CSVDQGSGELFF,1
KLGGALQAK,CASSLGSGQYQETQYF,1
KLGGALQAK,CASSTGSYEQYF,1
KLGGALQAK,CASSSGTGGQYEQYF,1
KLGGALQAK,CAWSVPLGRREKLFF,1
KLGGALQAK,CATSRNRGDGYTF,1
KLGGALQAK,CASSVSGPPTGELFF,1
KLGGALQAK,CASSYGTLPSEQFF,1
KLGGALQAK,CSARFSANGEQYF,1
KLGGALQAK,CASSLEMQGALYGYTF,1
KLGGALQAK,CASSGREAFF,1
KLGGALQAK,CASSADAGTSSEQFF,1
