YANRNRFLY	CASSRDTVNTEAFF	1	1	0.6799192428588867
YANRNRFLY	CASSLLPEGTGRVSGYTF	1	0	0.18331168591976166
YANRNRFLY	CASSSSDPPGNQPQHF	1	0	0.005230821203440428
YANRNRFLY	CASSLAGVIETQYF	1	1	0.9976825714111328
YANRNRFLY	CASRTLRGHVSEAFF	1	1	0.9643158912658691
YANRNRFLY	CASSLFPGQGSDDEQFF	1	1	0.9999998807907104
YANRNRFLY	CATSETVAGGTGELFF	1	0	0.4051953852176666
YANRNRFLY	CASSKKGLSNEQFF	1	0	0.3104853332042694
YANRNRFLY	CASSLGTGGTEAFF	1	1	0.6296029686927795
YANRNRFLY	CASRIGTTNEQYF	1	0	0.09570401161909103
YANRNRFLY	CASSGRARLARTDTQYF	1	0	1.0464274055266287e-05
YANRNRFLY	CASSLGRYNEQFF	1	0	0.19025163352489471
YANRNRFLY	CASSLSRSQPPNQPQHF	1	0	0.0014357201289385557
YANRNRFLY	CASSQDPGPDTQYF	1	1	0.9996711015701294
YANRNRFLY	CATFAASKEQFF	1	0	0.006919823121279478
YANRNRFLY	CASSLLPGNTGELFF	1	1	0.9992303848266602
YANRNRFLY	CASSLPTRQNLASYEYGYTF	1	0	0.00023449059517588466
YANRNRFLY	CASSQGAGGLVFYEQYF	1	0	0.04513448104262352
YANRNRFLY	CASTGSAGGSYGYTF	1	0	3.3938501928787446e-06
YANRNRFLY	CASSENEQFF	1	1	0.8963972926139832
YANRNRFLY	CASSQDRASYNEQFF	1	1	0.9988125562667847
YANRNRFLY	CAWGIPRQDNNEKLFF	1	0	0.40209487080574036
YANRNRFLY	CASSEAFSGNTIYF	1	1	0.9978384375572205
YANRNRFLY	CASSITDRVHAGANVLTF	1	1	0.9996862411499023
YANRNRFLY	CASSLSYNSPLHF	1	0	0.034637775272130966
YANRNRFLY	CASSVVSGGHQPQHF	1	1	0.9756105542182922
YANRNRFLY	CSVEDPDRDGYTF	1	1	0.9467808604240417
YANRNRFLY	CASSERLDLAGGRNEQFF	1	0	0.012346819043159485
YANRNRFLY	CASSPPADEALYGYTF	1	0	0.1131284311413765
YANRNRFLY	CASSNRGYDEQYF	1	1	0.5240131616592407
YANRNRFLY	CASSLPGQMIRWDTEAFF	1	0	5.182295694794448e-07
YANRNRFLY	CASSQAGTGFYGYTF	1	0	0.0009872735245153308
YANRNRFLY	CSARDLEVLSYEQYF	1	1	0.9999680519104004
YANRNRFLY	CASSFGLALGDEQFF	1	1	0.9992795586585999
YANRNRFLY	CASSFGGVEGMNTEAFF	1	0	0.22696474194526672
YANRNRFLY	CASQAGVFTDTQYF	1	0	0.0010501396609470248
YANRNRFLY	CASSQDHPGGYEQYF	1	1	0.9995212554931641
YANRNRFLY	CSAPDRYLRTEAFF	1	0	0.00017674581613391638
YANRNRFLY	CASSLTSGGQGEQFF	1	1	0.9897570610046387
YANRNRFLY	CAWSAASGGAQDTQYF	1	1	0.9817138910293579
YANRNRFLY	CASIGSGYNEQFF	1	0	0.38830438256263733
YANRNRFLY	CASSEQGVVDTQYF	1	1	0.9983320832252502
YANRNRFLY	CASSPGVGTEAFF	1	0	0.0008628555806353688
YANRNRFLY	CASSFGAGAKAGELFF	1	0	0.0040294877253472805
YANRNRFLY	CASSLVGYEQYF	1	1	0.9995560050010681
YANRNRFLY	CASSKGLAVDYTQYF	1	0	0.24846382439136505
YANRNRFLY	CASSLSAGTEAFF	1	0	0.11708265542984009
YANRNRFLY	CASSSSGYNEQFF	1	0	0.0058146589435637
YANRNRFLY	CASSLARIYTYNEQFF	1	1	0.991104245185852
YANRNRFLY	CSVEGSGGTQYF	1	1	0.9947734475135803
YANRNRFLY	CASSQVVTDNEQFF	1	0	0.03224056214094162
YANRNRFLY	CASSTYRGQPQHF	1	0	0.005311403889209032
YANRNRFLY	CASSIYGTSGSNEQFF	1	0	0.0030845426954329014
YANRNRFLY	CASGLVPGGGSDGYTF	1	1	0.9998637437820435
YANRNRFLY	CASSLGRTGANTGELFF	1	0	0.005757095757871866
YANRNRFLY	CASNWFRDNTGELFF	1	1	0.5038354396820068
YANRNRFLY	CASSLTGGGYEQYF	1	1	0.9997501969337463
YANRNRFLY	CASSQVGRGRGAFF	1	1	0.9599215984344482
YANRNRFLY	CATSRNRGDGYTF	1	0	0.0011648018844425678
YANRNRFLY	CASSLTNPRQGAYNEQFF	1	0	0.001689808676019311
YANRNRFLY	CASSLRDSSSYEQYF	1	0	0.10492564737796783
YANRNRFLY	CASSEWTGNTEAFF	1	0	0.04559000954031944
YANRNRFLY	CASNSLDREDGNTIYF	1	1	0.9998937845230103
YANRNRFLY	CASSLGSGGGETQYF	1	1	0.9998741149902344
YANRNRFLY	CASTRGQRNGAFF	1	0	0.005060771480202675
YANRNRFLY	CASSYFPYDLYEQYF	1	0	0.033853501081466675
YANRNRFLY	CAISEEVSGGVGANEQFF	1	1	0.8353091478347778
YANRNRFLY	CASSLGGGVLFF	1	1	0.9831947684288025
YANRNRFLY	CASATWGDPNQPQHF	1	0	0.00046468342770822346
YANRNRFLY	CASSPGDPSTDTQYF	1	0	0.0014390539145097136
YANRNRFLY	CASSLVSPSEQFF	1	0	0.4070724844932556
YANRNRFLY	CASSYLTGADGYTF	1	1	0.9999998807907104
YANRNRFLY	CASITKDRAYEQYF	1	0	0.22132807970046997
YANRNRFLY	CASRRTGVVEKLFF	1	1	0.9998273253440857
YANRNRFLY	CASRHSQGAPSWYQETQYF	1	1	0.9660053849220276
YANRNRFLY	CASSLGVGRGFTEAFF	1	0	6.048696377547458e-05
YANRNRFLY	CASSPTSAPGLFSGNTIYF	1	1	0.9379404187202454
YANRNRFLY	CASSLRQGEYNEQFF	1	1	0.7159761190414429
YANRNRFLY	CASSQDLGVDGYTF	1	1	0.9890045523643494
YANRNRFLY	CASSSLSEAFF	1	1	0.9737685322761536
YANRNRFLY	CASSIETGTEITGELFF	1	1	0.9995039701461792
YANRNRFLY	CASSLSNTPGEQFF	1	0	0.10233142226934433
YANRNRFLY	CASRQTSGTYNEQFF	1	0	0.155476912856102
YANRNRFLY	CASSFLAGQRTDTEAFF	1	0	0.0769740417599678
YANRNRFLY	CASSDATSGTYLYNEQFF	1	1	0.9963286519050598
YANRNRFLY	CASSGTGVTGELFF	1	1	0.5763666033744812
YANRNRFLY	CSARIAGAKNIQYF	1	1	0.9932006001472473
YANRNRFLY	CASSLAGTGSDTQYF	1	1	0.9998588562011719
YANRNRFLY	CASSLTSGSISTQYF	1	0	0.008356813341379166
YANRNRFLY	CASSLDLGVDYGYTF	1	1	0.9976840019226074
YANRNRFLY	CSLSGGQHNEQFF	1	1	0.9402137994766235
YANRNRFLY	CASRAGGWTLPSNYGYTF	1	0	0.03990742191672325
YANRNRFLY	CATSDSSGSNEQFF	1	0	0.004983735736459494
YANRNRFLY	CSVVRGSYNEQFF	1	1	0.9324833154678345
YANRNRFLY	CASSFLGQGDSPLHF	1	1	0.9938817024230957
YANRNRFLY	CSALGAVGAGIHYEQYF	1	1	0.9998082518577576
YANRNRFLY	CASSPYPRTGGTDTQYF	1	1	0.7350009679794312
YANRNRFLY	CASSPEGLDNFF	1	1	0.9999892711639404
YANRNRFLY	CASSQGWDEQFF	1	1	0.9999406337738037
YANRNRFLY	CSASAGLVGYEQYF	1	1	0.9710785746574402
YANRNRFLY	CASSLLGGSYEQYF	1	1	0.9975292086601257
YANRNRFLY	CASRPWTGANEKLFF	1	1	0.98478764295578
YANRNRFLY	CASRDHRVIYGYTF	1	0	0.0038600305560976267
YANRNRFLY	CASSQTAGTGELFF	1	0	0.345320463180542
YANRNRFLY	CASSLGSGQYQETQYF	1	1	0.9914330244064331
YANRNRFLY	CASSPPGTPPNYGYTF	1	0	8.524491022399161e-06
YANRNRFLY	CASSSQGGYGYTF	1	0	0.0031204712577164173
YANRNRFLY	CASSESQGDYYGYTF	1	0	0.07996806502342224
YANRNRFLY	CSARGQGTSGVDYGYTF	1	0	0.002115883631631732
YANRNRFLY	CASSFPVTAITGNTEAFF	1	0	0.0006808676989749074
YANRNRFLY	CASSLMVNEQYF	1	1	0.998505711555481
YANRNRFLY	CASSVERENTGELFF	1	1	0.9933324456214905
YANRNRFLY	CASRPSRGTNYGYTF	1	0	2.2046158846933395e-05
YANRNRFLY	CASSQWTGSNYGYTF	1	0	0.007924123667180538
YANRNRFLY	CASGGGQGGNNEQFF	1	1	0.990964412689209
YANRNRFLY	CASWGPGTEGAYEQYF	1	0	0.4805968105792999
YANRNRFLY	CASSQWDNQPQHF	1	0	0.4504120945930481
YANRNRFLY	CASSADQLEQFF	1	1	0.9999890327453613
YANRNRFLY	CASSPLPGGVNEQFF	1	1	0.9851375818252563
YANRNRFLY	CASSLAAGGSYGYTF	1	0	2.0032646261824993e-06
YANRNRFLY	CASTPRRLGLFPSSGNTIYF	1	1	0.9770472049713135
YANRNRFLY	CASSWGDYNEQFF	1	0	0.00851491279900074
YANRNRFLY	CASSIGTGRTHNEQFF	1	1	0.8838904500007629
YANRNRFLY	CASSLGRSTGELFF	1	1	0.8247923254966736
YANRNRFLY	CASSFGGGLQETQYF	1	1	0.9825350046157837
YANRNRFLY	CASSYSRGISPYGYTF	1	1	0.6291724443435669
YANRNRFLY	CASRLPPSSGNTDTQYF	1	1	0.9503569602966309
YANRNRFLY	CASGGKVFPPYEQYF	1	0	0.00011119397822767496
YANRNRFLY	CASSLDNQPQHF	1	0	0.2325633317232132
YANRNRFLY	CSARFSANGEQYF	1	1	0.981349766254425
YANRNRFLY	CASRGLGSGGYEQYF	1	1	0.9881522059440613
YANRNRFLY	CSAWAQGSGYEQYF	1	1	0.9996684789657593
YANRNRFLY	CASSVGGAHEQYF	1	1	0.7987812161445618
YANRNRFLY	CASSFDHRGRDEQFF	1	1	0.9999998807907104
YANRNRFLY	CASSPTANEKLFF	1	1	0.9999369382858276
YANRNRFLY	CASSYRRTSGRAYHEQFF	1	0	0.42731261253356934
YANRNRFLY	CASSLVNTGELFF	1	1	0.779732346534729
YANRNRFLY	CASSLFPGQDRGRDQPQHF	1	0	0.48749181628227234
YANRNRFLY	CASSLGFNEQYF	1	1	0.5194118618965149
YANRNRFLY	CASSEGVNEQFF	1	0	0.35561880469322205
YANRNRFLY	CASSEVGVFEAFF	1	1	0.7324895262718201
YANRNRFLY	CASSTSTGQGWHYGYTF	1	1	0.972307562828064
YANRNRFLY	CSATPNPGGHSTDTQYF	1	1	0.998171329498291
YANRNRFLY	CASSVSGPPTGELFF	1	0	0.4886171221733093
YANRNRFLY	CASSLAGGSLSYEQYF	1	1	0.5668800473213196
YANRNRFLY	CASSQDYNEQFF	1	1	0.8170796036720276
YANRNRFLY	CASRTTTGTGSSGNTIYF	1	1	0.9576570987701416
YANRNRFLY	CAIRDNNEQFF	1	0	1.1591844668146223e-05
YANRNRFLY	CASKKTPVGTEAFF	1	0	0.11536943912506104
YANRNRFLY	CASSVAGGGQETQYF	1	1	0.9995457530021667
YANRNRFLY	CASRVKETQYF	1	1	0.6287378668785095
YANRNRFLY	CASSRYRDPPDHEQYF	1	0	0.0002312351280124858
YANRNRFLY	CASSYSERDTEKLFF	1	1	0.9999980926513672
YANRNRFLY	CASRAVINTDTQYF	1	1	0.9188717603683472
YANRNRFLY	CASSLGEARPQETQYF	1	0	3.508784357109107e-05
YANRNRFLY	CASSSLLQGVDYGYTF	1	1	0.9982366561889648
YANRNRFLY	CASSQELAGGGNEQFF	1	1	0.9998526573181152
YANRNRFLY	CASRGEGSYEQYF	1	1	0.9350073337554932
YANRNRFLY	CASTPGGYEQYF	1	0	0.1767956167459488
YANRNRFLY	CATSDQHGSSEQFF	1	1	0.9988076686859131
YANRNRFLY	CASSERTSGGYTDTQYF	1	1	0.9799521565437317
YANRNRFLY	CASSPSDPGELFF	1	1	0.9999898672103882
YANRNRFLY	CASSPDGTGSGNTIYF	1	1	0.999549925327301
YANRNRFLY	CASSQGGRSTDTQYF	1	1	0.9870955944061279
YANRNRFLY	CASSPPLAGGYEQYF	1	1	0.9985947012901306
YANRNRFLY	CASSEEGGLSNEKLFF	1	0	0.19219475984573364
YANRNRFLY	CASSLSVVSGELFF	1	0	0.3272654116153717
YANRNRFLY	CASSRNPGTGTYNEQFF	1	1	0.9430331587791443
YANRNRFLY	CASITRLAGELFF	1	1	0.9131596684455872
YANRNRFLY	CASSQTTPLTYNYEQYF	1	0	0.007257073186337948
YANRNRFLY	CASSPPRTSGAYEQYF	1	0	0.3660036027431488
YANRNRFLY	CASSVSGANYNEQFF	1	0	0.27774420380592346
YANRNRFLY	CASSLGGEGYEQYF	1	1	0.999135434627533
YANRNRFLY	CASSLEAVSIHGYTF	1	1	0.937325656414032
YANRNRFLY	CASRLTRGAGETQYF	1	1	0.9999998807907104
YANRNRFLY	CASSLGQGATNTGELFF	1	0	0.0956387147307396
YANRNRFLY	CASSYGTLPSEQFF	1	1	0.9538463950157166
YANRNRFLY	CASGFFNQPQHF	1	0	0.0005966878379695117
YANRNRFLY	CATSRDWTGSAETQYF	1	0	0.02781333215534687
YANRNRFLY	CASSFSGRVGEKLFF	1	1	0.9998664855957031
YANRNRFLY	CASSLSGGLLRTGELFF	1	0	0.10506251454353333
YANRNRFLY	CASSLYSGSFYEQYF	1	1	0.9850569367408752
YANRNRFLY	CASSLAGQENQPQHF	1	0	0.0655631422996521
YANRNRFLY	CASRSTGYLEQYF	1	1	0.9087566137313843
YANRNRFLY	CASSQDSGWREKLFF	1	1	0.9999868869781494
YANRNRFLY	CASKVYGYTF	1	0	0.002369325142353773
YANRNRFLY	CAIRWTLNNEQFF	1	1	0.9344168901443481
YANRNRFLY	CASARGWGPAGGELFF	1	0	0.0002636017161421478
YANRNRFLY	CASSWREGTDTQYF	1	1	0.5587651133537292
YANRNRFLY	CASSLYSPAHTEAFF	1	1	0.9947722554206848
YANRNRFLY	CATSAQTGQGENTEAFF	1	0	0.003818409750238061
YANRNRFLY	CASSPSGRGGNEQFF	1	1	0.9865216612815857
YANRNRFLY	CASSLLSGSSYEQYF	1	1	0.9968491196632385
YANRNRFLY	CASSLVPTADVLTF	1	1	0.9999903440475464
YANRNRFLY	CASSIAGNNEQFF	1	0	0.24503189325332642
YANRNRFLY	CASSLSGGGHTDTQYF	1	1	0.9952712655067444
YANRNRFLY	CASSVGRTLDYGYTF	1	1	0.7452225685119629
YANRNRFLY	CASSQDHGLHPEAFF	1	1	0.9999558925628662
YANRNRFLY	CASSEALSGGAPAETQYF	1	1	0.9901976585388184
YANRNRFLY	CASSLGTSGRAGETQYF	1	1	0.9761966466903687
YANRNRFLY	CAVPGGSPYEQYF	1	0	0.12018436193466187
YANRNRFLY	CASRIQGRQPQHF	1	1	0.8827201724052429
YANRNRFLY	CSARSLAVSTDTQYF	1	1	0.99989914894104
YANRNRFLY	CASSGQVESSGNTIYF	1	1	0.5400382280349731
YANRNRFLY	CASSPGTGSHPYNEQFF	1	0	0.21738339960575104
YANRNRFLY	CASSGLAGGPHEQFF	1	1	0.999903678894043
YANRNRFLY	CASSLSRANSPLHF	1	1	0.8292369842529297
YANRNRFLY	CASSRDFVSNEQYF	1	1	0.7932519912719727
YANRNRFLY	CAWDSYNQPQHF	1	0	0.06265854835510254
YANRNRFLY	CASSSAHYGYTF	1	0	0.0006768748280592263
YANRNRFLY	CASSEALAGSTDTQYF	1	1	0.9999932050704956
YANRNRFLY	CSVELSHSYEQYF	1	1	0.9999661445617676
YANRNRFLY	CAWSVPLGRREKLFF	1	1	0.9993599057197571
YANRNRFLY	CASSAHTSGGKNIQYF	1	0	0.00015294119657482952
YANRNRFLY	CASSRTGSSYNEQFF	1	1	0.984679639339447
YANRNRFLY	CASTWDSLYEQYF	1	1	0.709669828414917
YANRNRFLY	CASTPGSEPLHF	1	1	0.8294559121131897
YANRNRFLY	CASSIGRSPQHF	1	1	0.6416786313056946
YANRNRFLY	CASSYDSRETQYF	1	1	0.9800758957862854
YANRNRFLY	CAWSVTPGYNEQFF	1	0	0.2658758759498596
YANRNRFLY	CASSLGPADTQYF	1	1	0.8392038941383362
YANRNRFLY	CASKKLAGDSYEQYF	1	1	0.9999927282333374
YANRNRFLY	CASINSPGGEDTGELFF	1	0	0.0011121268616989255
YANRNRFLY	CASSGRVTGGFYNEQFF	1	0	0.01018949132412672
YANRNRFLY	CASSPEGRRMGPTNEKLFF	1	1	0.9993833303451538
YANRNRFLY	CASSYRVGRSSYEQYF	1	0	9.267114364774898e-05
YANRNRFLY	CATSFAPGQGEHGYTF	1	1	0.9629238247871399
YANRNRFLY	CASSQERGGPDTQYF	1	1	0.9999978542327881
YANRNRFLY	CSARLRDKDYEQYF	1	1	0.6715178489685059
YANRNRFLY	CASSPWTGARGYTF	1	0	0.06505349278450012
YANRNRFLY	CASSPHAGGVDEKLFF	1	1	0.7741587162017822
YANRNRFLY	CASSTSLLAQHF	1	0	0.1650777906179428
YANRNRFLY	CASSQEAREVVYEQYF	1	1	0.9931566119194031
YANRNRFLY	CSASGTGSYEQYF	1	1	0.9967867136001587
YANRNRFLY	CASSEKEGTTNTGELFF	1	0	0.005627500358968973
YANRNRFLY	CASSPPHPTGPTDTQYF	1	0	0.0001150245952885598
YANRNRFLY	CATSDYGYTF	1	0	0.21807512640953064
YANRNRFLY	CASSDRDRGLLRQFF	1	0	0.3381887376308441
YANRNRFLY	CASSLMTGGAYNEQFF	1	0	0.3762846887111664
YANRNRFLY	CASSPRGSYWDEQYF	1	0	0.005082855001091957
YANRNRFLY	CASSALTGPNTEAFF	1	0	0.2063562124967575
YANRNRFLY	CASSLDRVSYNEQFF	1	1	0.9977290034294128
YANRNRFLY	CASSLLRVSGANVLTF	1	1	0.9924699664115906
YANRNRFLY	CASSIDRWTQGNQPQHF	1	1	0.9999969005584717
YANRNRFLY	CASSEDNRGRYEQYF	1	1	0.9965266585350037
YANRNRFLY	CASSLADLLAEKLFF	1	1	1.0
YANRNRFLY	CASSPRDSLYEQYF	1	1	0.806138813495636
YANRNRFLY	CASSPRTSGNTYEQYF	1	0	0.10807893425226212
YANRNRFLY	CASSPHRTVLAGDTQYF	1	1	0.5164836645126343
YANRNRFLY	CASRELGQETQYF	1	1	0.980408787727356
YANRNRFLY	CASSPVGPNTQYF	1	1	0.9998711347579956
YANRNRFLY	CASSPSAGRGLGYTF	1	0	0.23977036774158478
YANRNRFLY	CASSEVRGPSYNEQFF	1	1	0.8746010065078735
YANRNRFLY	CASSLPGWEQYF	1	1	0.999322772026062
YANRNRFLY	CASSLTGTVDGYTF	1	1	0.980837881565094
YANRNRFLY	CASSFLGQGAAGELFF	1	1	0.9299935698509216
YANRNRFLY	CASSLMGGGNTIYF	1	1	0.9427613019943237
YANRNRFLY	CASSLAGTGGRFSYEQYF	1	0	8.772047294769436e-05
YANRNRFLY	CASKPGAIEAFF	1	0	1.5764757108627236e-06
YANRNRFLY	CASSWTQETQYF	1	1	0.9978411197662354
YANRNRFLY	CASSLGPVYEQYF	1	1	0.6922335624694824
YANRNRFLY	CSARTSAGVYEQFF	1	0	0.06128789857029915
YANRNRFLY	CASSDQLLEEWSSYNEQFF	1	0	0.002615608973428607
YANRNRFLY	CASTHRGPLKRRPLHF	1	0	0.00017072344780899584
YANRNRFLY	CASSRSFAGGDTDTQYF	1	1	0.9932592511177063
YANRNRFLY	CASSPIELVTYNEQFF	1	1	0.7815398573875427
YANRNRFLY	CATSREGAGTEAFF	1	1	0.7930477261543274
YANRNRFLY	CASSLPDPYEQYF	1	1	0.9997476935386658
YANRNRFLY	CASILRAESSYNEQFF	1	0	0.0008984447340480983
YANRNRFLY	CSAIPLGEPYEQYF	1	1	0.9998255372047424
YANRNRFLY	CASSSGTGGQYEQYF	1	1	0.9946709275245667
YANRNRFLY	CASSLTGDHTDTQYF	1	0	0.08740221709012985
YANRNRFLY	CAISEFRDDQETQYF	1	0	0.3284267485141754
YANRNRFLY	CASSTPRGGYTF	1	1	0.8433210253715515
YANRNRFLY	CASSQDSSETQYF	1	1	0.719874918460846
YANRNRFLY	CSARDQSRATDTQYF	1	1	0.8542929291725159
YANRNRFLY	CSVEAEGTATNEKLFF	1	0	0.00455724261701107
YANRNRFLY	CASSLEGDPSYEQYF	1	0	0.010815704241394997
YANRNRFLY	CASSQNYEQYF	1	1	0.9971033930778503
YANRNRFLY	CASSLASTGLTQETQYF	1	1	0.9999761581420898
YANRNRFLY	CASSQGGQGAPYEQYF	1	0	0.05331151559948921
YANRNRFLY	CASSLGPAGAHNEQFF	1	1	0.9074603319168091
YANRNRFLY	CATFTGNTEAFF	1	0	0.031237823888659477
YANRNRFLY	CASSANRGPDTEAFF	1	1	0.85467529296875
YANRNRFLY	CSARDREGSIYNEQFF	1	0	0.08126894384622574
YANRNRFLY	CASSVTSSRGGTDTQYF	1	0	0.3802204132080078
YANRNRFLY	CATGTGGGYGYTF	1	0	0.009466494433581829
YANRNRFLY	CASSYLGQMDEKLFF	1	1	0.9999854564666748
YANRNRFLY	CASSATGTGRTSAWYNEQFF	1	0	0.0006740966928191483
YANRNRFLY	CASSFAQRGHRETQYF	1	1	0.9993909597396851
YANRNRFLY	CASSRVGSPLHF	1	1	0.9915487766265869
YANRNRFLY	CASSTPDTPSSYNEQFF	1	1	0.9504579901695251
YANRNRFLY	CASSPERGEETQYF	1	1	0.9999774694442749
YANRNRFLY	CASSLLWAEYNEQFF	1	1	0.9599183201789856
YANRNRFLY	CASSARDYTGELFF	1	0	0.041501566767692566
YANRNRFLY	CASSYRLGNEQFF	1	1	0.9221946597099304
YANRNRFLY	CASSPPDDEQYF	1	1	0.9963686466217041
YANRNRFLY	CASSLGRAGYGETQYF	1	1	0.9999979734420776
YANRNRFLY	CASSFISQGAYGYTF	1	0	0.23695042729377747
YANRNRFLY	CASSISSTGELFF	1	0	0.0007086850237101316
YANRNRFLY	CASSPGGGASYEQYF	1	0	0.06327474117279053
YANRNRFLY	CASSVLANTGELFF	1	1	0.6800370812416077
YANRNRFLY	CASTLSTDRGFTGELFF	1	1	0.9824123978614807
YANRNRFLY	CASSFGLDHGTGELFF	1	0	0.001500544836744666
YANRNRFLY	CASSWYTTGQETQYF	1	1	0.9994620680809021
YANRNRFLY	CASKHSGTGVLARELFF	1	1	0.7289672493934631
YANRNRFLY	CASLDRVGGYTF	1	0	0.13101844489574432
YANRNRFLY	CASSPSSGESTDTQYF	1	1	0.9989926218986511
YANRNRFLY	CSAPLGEGGYTF	1	0	0.03985980153083801
YANRNRFLY	CASLGTPGLAGSSYEQYF	1	1	0.9999855756759644
YANRNRFLY	CASSLDGATNEKLFF	1	1	0.9999979734420776
YANRNRFLY	CASSPTRGLEIEKLFF	1	1	0.9944689273834229
YANRNRFLY	CASSQGTISYEQYF	1	1	0.7832028865814209
YANRNRFLY	CASSGLRGTAEAFF	1	1	0.900261640548706
YANRNRFLY	CASSRSTGGSGNTIYF	1	1	0.7528365850448608
YANRNRFLY	CASSEDGMNTEAFF	1	0	0.3237912356853485
YANRNRFLY	CASSAGTSGGASYNEQFF	1	1	0.8281518816947937
YANRNRFLY	CASSFRGPNLYTEAFF	1	0	0.005184378009289503
YANRNRFLY	CASSLNWREITDTQYF	1	1	0.9933526515960693
YANRNRFLY	CASSELPAGGTNEQFF	1	0	0.05135556682944298
YANRNRFLY	CASSVSQGYEQFF	1	1	0.8022789359092712
YANRNRFLY	CASTIGGDTGELFF	1	1	0.9918730854988098
YANRNRFLY	CASSEGWHSYEQYF	1	0	0.017868125811219215
YANRNRFLY	CASSQDMGWGTDTQYF	1	1	0.9999872446060181
YANRNRFLY	CASALGAVDTQYF	1	1	0.8152801990509033
YANRNRFLY	CASSIDLSEGDTNQPQHF	1	1	0.9999998807907104
YANRNRFLY	CASSLIRDITYEQYF	1	1	0.8734760284423828
YANRNRFLY	CASTTGDSSNQPQHF	1	1	0.6951659917831421
YANRNRFLY	CSAPPPYNEQFF	1	0	0.0002490387123543769
YANRNRFLY	CASSLNEQEGQPQHF	1	0	0.08857902139425278
YANRNRFLY	CASSERQLPYEQYF	1	0	0.003270219312980771
YANRNRFLY	CASSPSGLAGSNLGNEQFF	1	0	8.631852688267827e-05
YANRNRFLY	CSARAGSTYEQYF	1	0	0.3591058552265167
YANRNRFLY	CASSSNIRDSGNTIYF	1	1	0.9998202919960022
YANRNRFLY	CASRRSLQGARGGYTF	1	0	0.4819928705692291
YANRNRFLY	CASSSGRAGITDTQYF	1	1	0.9427516460418701
YANRNRFLY	CASSSTRGWADTQYF	1	1	0.9999997615814209
YANRNRFLY	CASSLGGPPTYEQYF	1	0	0.045213472098112106
YANRNRFLY	CASSQVAAGDNSYEQYF	1	1	0.8033313155174255
YANRNRFLY	CASSVDDTGLSYEQYF	1	1	0.9998600482940674
YANRNRFLY	CASSIGATEAFF	1	0	0.018067961558699608
YANRNRFLY	CASSPGTGGFLSSYEQYF	1	1	0.6373659372329712
YANRNRFLY	CASIAYSNQPQHF	1	0	1.3702403521165252e-05
YANRNRFLY	CASSFPGYGYTF	1	0	0.0364953838288784
YANRNRFLY	CASSQRRTGPSSTDTQYF	1	1	0.8780561685562134
YANRNRFLY	CASGPLVGGGLGAYTF	1	1	0.7921154499053955
YANRNRFLY	CASSHVTGYEQYF	1	1	0.9917826652526855
YANRNRFLY	CASSMNPQGGSSPLHF	1	1	0.6671960353851318
YANRNRFLY	CAWSVRGVNPYNEQFF	1	0	0.16488921642303467
YANRNRFLY	CASSLDRNTEAFF	1	1	0.9997488856315613
YANRNRFLY	CASRGLALYNEQFF	1	0	0.0008817737689241767
YANRNRFLY	CASSDPTGGYETQYF	1	1	0.9995967745780945
YANRNRFLY	CASSQVRQGLNQPQHF	1	0	0.15876901149749756
YANRNRFLY	CASSGPGTLNLDTF	1	0	0.0730103850364685
YANRNRFLY	CASSVGQGNQPQHF	1	0	0.04282086342573166
YANRNRFLY	CASSGDPKAYEQYF	1	0	0.000644458457827568
YANRNRFLY	CASSVGGGGSTDTQYF	1	1	0.7463926076889038
YANRNRFLY	CASSWTGMNTEAFF	1	0	0.0176581721752882
YANRNRFLY	CASSPQNSYNEQFF	1	1	0.8417994379997253
YANRNRFLY	CASSLVGLGTEAFF	1	1	0.9997201561927795
YANRNRFLY	CASTLGTEAFF	1	0	0.03284154459834099
YANRNRFLY	CASYWTGPPHGYTF	1	0	0.18414652347564697
YANRNRFLY	CATSSEDSSNQPQHF	1	1	0.999990701675415
YANRNRFLY	CASSPSGLAGSNLGNEQFF	1	0	8.631852688267827e-05
YANRNRFLY	CASRESLLAGGPDTQYF	1	0	0.10156738758087158
YANRNRFLY	CASSSGEGTEAYNEQFF	1	0	0.4292125403881073
YANRNRFLY	CATSTGDSNQPQHF	1	0	0.10276088863611221
YANRNRFLY	CASSQDLGARMGETQYF	1	1	0.9839922785758972
YANRNRFLY	CSAPGGRPQHF	1	0	0.06150183454155922
YANRNRFLY	CASSETGTSGDEQYF	1	1	0.9940862655639648
YANRNRFLY	CASSVTEMGGTEAFF	1	1	0.9972571730613708
YANRNRFLY	CASSLALTFSGEGSPLHF	1	0	0.34551775455474854
YANRNRFLY	CASSQDRAGWIDEQFF	1	0	0.29153138399124146
YANRNRFLY	CASSQDPPDTQYF	1	1	0.9963985681533813
YANRNRFLY	CAWSVQQGDQPQHF	1	0	0.4580865502357483
YANRNRFLY	CASSLYGSRPQHF	1	0	0.1798703819513321
YANRNRFLY	CASRMGHTDTQYF	1	1	0.9235082864761353
YANRNRFLY	CASSIGGGLYEQYF	1	1	0.5605462193489075
YANRNRFLY	CASSSETGWGTEAFF	1	1	0.5781604647636414
YANRNRFLY	CASSYPLGTQYF	1	1	0.6057685613632202
YANRNRFLY	CASSPGTDTQYF	1	0	0.020565040409564972
YANRNRFLY	CASSIALSTFQPQHF	1	1	0.9982648491859436
YANRNRFLY	CASSLELAGVDTQYF	1	1	0.9851067066192627
YANRNRFLY	CASSDRFWEQYF	1	0	0.1524854302406311
YANRNRFLY	CSARHLANNEQFF	1	0	0.3823907971382141
YANRNRFLY	CAISEGAPNTEAFF	1	0	1.6141888409038074e-05
YANRNRFLY	CASGFPIYRDKSTDTQYF	1	0	0.04264744371175766
YANRNRFLY	CASSDGTSGRAGGELFF	1	1	0.9603545665740967
YANRNRFLY	CASSPTLYNEQFF	1	1	0.9282498955726624
YANRNRFLY	CASSPLTGESMSEKLFF	1	1	0.9989842772483826
YANRNRFLY	CASSPLQGANHDEQYF	1	1	0.9872384071350098
YANRNRFLY	CASSPSGYQPQHF	1	0	0.13292314112186432
YANRNRFLY	CASSLRGTDTQYF	1	0	0.3782685101032257
YANRNRFLY	CASRQLAGFYEQYF	1	0	0.07627725601196289
YANRNRFLY	CASSYSTSQGANYEQYF	1	1	0.9999934434890747
YANRNRFLY	CACCRLFSREYGYTF	1	1	0.5474719405174255
YANRNRFLY	CASSYGTGDLSYNEQFF	1	1	0.997177004814148
YANRNRFLY	CASSVEEPGTVYEQYF	1	0	0.0028569549322128296
YANRNRFLY	CASSLLAVDNEQFF	1	1	0.9996242523193359
YANRNRFLY	CASTVFQGSTNEQFF	1	1	0.729157030582428
YANRNRFLY	CASSFWTSGYEQYF	1	1	0.9992523789405823
YANRNRFLY	CASSYSGTENGYTF	1	1	0.9990561604499817
YANRNRFLY	CASSRDRGLGYTF	1	1	0.999295711517334
YANRNRFLY	CASSMRVQSNTGELFF	1	0	0.005170492455363274
YANRNRFLY	CASSLDLTETQYF	1	1	0.9983484745025635
YANRNRFLY	CASSLGANTGELFF	1	0	0.1151987761259079
YANRNRFLY	CASSESRSGNQPQHF	1	0	0.012319373898208141
YANRNRFLY	CASHISTGELFF	1	1	0.8704660534858704
YANRNRFLY	CASSLLYSDSPLHF	1	1	0.9989405274391174
YANRNRFLY	CASSLGEDSSLKREPLHF	1	0	0.12949879467487335
YANRNRFLY	CASTSVNTGELFF	1	0	0.0006321293185465038
YANRNRFLY	CASSWTANTEAFF	1	0	0.014863871969282627
YANRNRFLY	CASSLVDSARSYEQYF	1	0	0.00032037493656389415
YANRNRFLY	CASSQDVTSEWVDTIYF	1	1	0.9910528063774109
YANRNRFLY	CATSSMGYSNQPQHF	1	0	0.001008038641884923
YANRNRFLY	CASSTMGDYYEQYF	1	1	0.9066818952560425
YANRNRFLY	CASSLSLGQGAPNYGYTF	1	0	5.458094528876245e-05
YANRNRFLY	CAASQNTEAFF	1	1	0.8688411116600037
YANRNRFLY	CASSLGETGGIQFF	1	1	0.7568191885948181
YANRNRFLY	CASSDRAGVVTDTQYF	1	0	0.14701063930988312
YANRNRFLY	CASSQVGDEQFF	1	1	0.9995372295379639
YANRNRFLY	CASRGGTGLYGYTF	1	0	0.0002684708160813898
YANRNRFLY	CASSLHLMNTEAFF	1	0	0.33057257533073425
YANRNRFLY	CASSYDRGFYNEQFF	1	1	0.9996861219406128
YANRNRFLY	CATTFRGYEQYF	1	1	0.6993589401245117
YANRNRFLY	CASSLSGGRTKNIQYF	1	0	0.007379819639027119
YANRNRFLY	CASSLGGTSTAETQYF	1	1	0.999760091304779
YANRNRFLY	CASSLSWGSSYNEQFF	1	0	0.2523649334907532
YANRNRFLY	CASSDRGTGELFF	1	1	0.7263057231903076
YANRNRFLY	CASSYGGEQPQHF	1	0	0.008222955279052258
YANRNRFLY	CASSHEWGSNTGELFF	1	0	0.042773474007844925
YANRNRFLY	CASSEGGGYEQYF	1	0	0.08129874616861343
YANRNRFLY	CASTFIFVRGADSSYEQYF	1	1	0.9949026107788086
YANRNRFLY	CASSFAGLNYGYTF	1	1	0.9915819764137268
YANRNRFLY	CASSLNSGHTQYF	1	1	0.999240517616272
YANRNRFLY	CASSLIANQETQYF	1	1	0.9999998807907104
YANRNRFLY	CASSSPRSSRDTDTQYF	1	0	0.001970648765563965
YANRNRFLY	CASTFAHAGDSNEQFF	1	0	0.4836302399635315
YANRNRFLY	CASSRQNTGELFF	1	0	0.0026340531185269356
YANRNRFLY	CSASPGYNEQFF	1	0	0.026406725868582726
YANRNRFLY	CASSIQNTGELFF	1	1	0.802141547203064
YANRNRFLY	CASSQYAVRVGDTEAFF	1	1	0.5829034447669983
YANRNRFLY	CATSDDSEKLFF	1	1	0.997364342212677
YANRNRFLY	CASSQEDSWGDTQYF	1	0	0.07562923431396484
YANRNRFLY	CASSQEFVGAVLDTQYF	1	1	0.9907518625259399
YANRNRFLY	CASSYVGNTGELFF	1	0	0.2660491168498993
YANRNRFLY	CASSQGWGTQPQHF	1	0	0.38089025020599365
YANRNRFLY	CASSFGASGSVGELFF	1	1	0.9980326294898987
YANRNRFLY	CASSQGGDEQFF	1	1	0.9778744578361511
YANRNRFLY	CASSSDPSTDTQYF	1	0	0.0008264638599939644
YANRNRFLY	CARQTTGTTVGYTF	1	0	0.001430727425031364
YANRNRFLY	CASSLSRRRSRDDNEQFF	1	0	0.35749778151512146
YANRNRFLY	CASGFGHSNSPLHF	1	0	0.0009353978093713522
YANRNRFLY	CASSPQGDSASSGNTIYF	1	1	0.9996922016143799
YANRNRFLY	CAIDETGHGYTF	1	1	0.8662014007568359
YANRNRFLY	CASSLRGSAGNTIYF	1	0	0.494543194770813
YANRNRFLY	CASSYRGGYEQYF	1	0	0.1570201963186264
YANRNRFLY	CASSLELGQGRETQYF	1	1	0.9999645948410034
YANRNRFLY	CASSPGLTPAEQYF	1	1	0.9813637733459473
YANRNRFLY	CASSLILDSPLHF	1	1	0.9989225268363953
YANRNRFLY	CASSPPRLGAFF	1	1	0.9782595634460449
YANRNRFLY	CASSVGGGVTDTQYF	1	0	0.09697065502405167
YANRNRFLY	CASSSYSRYEQYF	1	0	0.03018527291715145
YANRNRFLY	CASRTRLGRNEQFF	1	0	7.765168265905231e-05
YANRNRFLY	CASSLWAGNTIYF	1	0	0.014859480783343315
YANRNRFLY	CSARYRDTGELFF	1	1	0.9666261672973633
YANRNRFLY	CASSHHSGGIYNEQFF	1	0	0.0012619789922609925
YANRNRFLY	CASNLGGGSTDTQYF	1	1	0.9999871253967285
YANRNRFLY	CASSGELRGAEKLFF	1	1	0.9999991655349731
YANRNRFLY	CASSVGVSNQPQHF	1	0	0.0017236309358850121
YANRNRFLY	CAWKPTGLGYGYTF	1	0	0.3876362442970276
YANRNRFLY	CASSLGQGPYEQYF	1	1	0.9705778360366821
YANRNRFLY	CASSLGGHGQPQHF	1	0	0.08361201733350754
YANRNRFLY	CASSLGDVQNTEAFF	1	1	0.9994454979896545
YANRNRFLY	CASSLLAGSSYNEQFF	1	1	0.7059999704360962
YANRNRFLY	CASSLGRGAYEQYF	1	1	0.9987972974777222
YANRNRFLY	CAISSDSGDEQFF	1	0	0.011210581287741661
YANRNRFLY	CASSAGVGTGELFF	1	0	0.0013954364694654942
YANRNRFLY	CASSPGTVKETQYF	1	1	0.997258186340332
YANRNRFLY	CASSRGGGSYNEQFF	1	1	0.9995138645172119
YANRNRFLY	CASSLRGTGAYGYTF	1	0	2.6412101306050317e-06
YANRNRFLY	CASSWVPPGQGRTGELFF	1	0	2.0249992303433828e-05
YANRNRFLY	CASSQGFGANVLTF	1	0	0.24783751368522644
YANRNRFLY	CASSPGPNQPQHF	1	0	1.8850778360501863e-06
YANRNRFLY	CASSVQEEYGYTF	1	0	0.04057971388101578
YANRNRFLY	CASSADAGTSSEQFF	1	1	0.8805029392242432
YANRNRFLY	CASSYSVRDYEQYF	1	1	0.6644049286842346
YANRNRFLY	CASSQDAGITYEQYF	1	1	0.7511995434761047
YANRNRFLY	CSARDPQRTTSTDTQYF	1	1	0.9714264273643494
YANRNRFLY	CASSGREAFF	1	1	0.884431004524231
YANRNRFLY	CASSLGTTQETQYF	1	1	0.9999983310699463
YANRNRFLY	CASSVDRGAYNEQFF	1	1	0.9998446702957153
YANRNRFLY	CASSLFGSGGAGETQYF	1	1	0.96562260389328
YANRNRFLY	CASFDRTQGFSGANVLTF	1	1	0.8783057928085327
YANRNRFLY	CASSLALSTEYSSF	1	1	0.9999661445617676
YANRNRFLY	CASSIVQGSNQPQHF	1	1	0.9699862599372864
YANRNRFLY	CATSREWPGELFF	1	1	0.9790753722190857
YANRNRFLY	CASSLTRTALNTEAFF	1	1	0.8554559350013733
YANRNRFLY	CATSEIQGFSTDTQYF	1	1	0.9692520499229431
YANRNRFLY	CASSVSQKLFF	1	1	0.6801546812057495
YANRNRFLY	CASSQASNQPQHF	1	0	0.07035444676876068
YANRNRFLY	CSASGTLDTEAFF	1	1	0.9985431432723999
YANRNRFLY	CASSLWTGYNEQFF	1	0	0.0008745593368075788
YANRNRFLY	CASSVAGLAGATSTDTQYF	1	1	0.7814836502075195
YANRNRFLY	CASSSYRKEKLFF	1	0	0.07489917427301407
YANRNRFLY	CASSLKVRDEQFF	1	0	0.18884149193763733
YANRNRFLY	CSANPRTTLYEQYF	1	1	0.9998910427093506
YANRNRFLY	CASSLRGGQSYEQYF	1	1	0.8410345315933228
YANRNRFLY	CASSLLGYEQYF	1	1	0.9999881982803345
YANRNRFLY	CASSPDGLTENTEAFF	1	0	0.01359490118920803
YANRNRFLY	CASSSPVETQYF	1	0	0.023096902295947075
YANRNRFLY	CASSLGEPQHF	1	1	0.7959004044532776
YANRNRFLY	CASSPLRENTEAFF	1	1	0.844620943069458
YANRNRFLY	CASFGGTGELFF	1	0	0.001567299128510058
YANRNRFLY	CSARDLVGLAGDTDTQYF	1	1	0.9949571490287781
YANRNRFLY	CASSLAGYEQYF	1	1	0.9999465942382812
YANRNRFLY	CASSPTSGSRETQYF	1	1	0.9998205304145813
YANRNRFLY	CAISESVNTEAFF	1	0	5.14225939696189e-05
YANRNRFLY	CASSLQGGNYGYTF	1	0	0.4135299026966095
YANRNRFLY	CSAEVPGANTGELFF	1	0	0.025616127997636795
YANRNRFLY	CASSAGSFRHPYSNQPQHF	1	0	1.983724828846789e-08
YANRNRFLY	CASSQGSRPEQYF	1	1	0.9884843230247498
YANRNRFLY	CSARAYTGELFF	1	0	0.0039779203943908215
YANRNRFLY	CACSIDPRGQPQHF	1	1	0.9997217059135437
YANRNRFLY	CASSLDGPSGSPHEQYF	1	1	0.7195138931274414
YANRNRFLY	CASSIGIHGYTF	1	0	1.1846631764456106e-07
YANRNRFLY	CASSLTGESYEQYF	1	1	0.9727621078491211
YANRNRFLY	CSVEDGYEQYF	1	1	0.9840922355651855
YANRNRFLY	CSANDRGRGYNSPLHF	1	0	0.1445056051015854
YANRNRFLY	CASSVASGQLYGYTF	1	0	0.012562813237309456
YANRNRFLY	CASSIGFGQGVSTEAFF	1	0	3.1285975410355604e-07
YANRNRFLY	CASSQVVDWISNTGELFF	1	1	0.9557880759239197
YANRNRFLY	CASSAFVETQYF	1	0	0.006644945591688156
YANRNRFLY	CASSPGREQYF	1	1	0.9811884760856628
YANRNRFLY	CASSLGGHGNEQFF	1	1	0.9893693923950195
YANRNRFLY	CASSLDQGAQDNEQFF	1	1	0.7169498205184937
YANRNRFLY	CASSLMTNQPQHF	1	1	0.9994198083877563
YANRNRFLY	CASSFRPPDTDRTNTGELFF	1	0	2.2324593373923562e-06
YANRNRFLY	CASSPRDEQFF	1	0	0.024161534383893013
YANRNRFLY	CASSTYRQGYNEQFF	1	1	0.9589495658874512
YANRNRFLY	CASSQSGGRYEQYF	1	1	0.9900720119476318
YANRNRFLY	CASSPSGLAGSNLGNEQFF	1	0	8.631852688267827e-05
YANRNRFLY	CASRSLSGEQFF	1	1	0.7369062900543213
YANRNRFLY	CASSQDPETGRTDTQYF	1	0	0.02137259766459465
YANRNRFLY	CAWSVGVSGANVLTF	1	0	0.00587049825116992
YANRNRFLY	CASSIARTGEAVNEQFF	1	1	0.9995694756507874
YANRNRFLY	CASSLASGSNQPQHF	1	1	0.9271408319473267
YANRNRFLY	CASSQGETQYF	1	1	0.9237285256385803
YANRNRFLY	CASSQDSGPQYEQYF	1	1	0.9315745234489441
YANRNRFLY	CASSLAQYYQPQHF	1	1	0.6236767172813416
YANRNRFLY	CASSLEPTANQPQHF	1	1	0.6537508964538574
YANRNRFLY	CASSVGADEYYEQYF	1	0	0.002644357969984412
YANRNRFLY	CASSPGESTDTQYF	1	0	0.11275442689657211
YANRNRFLY	CAWSWTDYEQYF	1	1	0.997136116027832
YANRNRFLY	CASSQEASGGKETQYF	1	0	0.0592312216758728
YANRNRFLY	CSASSTHSNQPQHF	1	1	0.9214866161346436
YANRNRFLY	CSAYRVMSHEQYF	1	1	0.9999970197677612
YANRNRFLY	CSARGKGAISHHTEAFF	1	0	3.8131278415676206e-05
YANRNRFLY	CASSLLGTEAFF	1	1	0.9976955056190491
YANRNRFLY	CASSPKAGGPGEQFF	1	0	0.45076262950897217
YANRNRFLY	CSARVGDTGELFF	1	1	0.9030440449714661
YANRNRFLY	CAISESNDGNEQFF	1	0	0.25156956911087036
YANRNRFLY	CASSLGTGYEQYF	1	1	0.9999443292617798
YANRNRFLY	CASSYSQGGSYGYTF	1	0	0.15934839844703674
YANRNRFLY	CASSSRLYNEQFF	1	0	0.034406524151563644
YANRNRFLY	CASSLESGFLSGYTF	1	1	0.9620094299316406
YANRNRFLY	CASEGVHEQFF	1	0	0.2947876751422882
YANRNRFLY	CASSIGDGILLTDTQYF	1	0	0.12382107228040695
YANRNRFLY	CSARTGGDGYTF	1	0	0.008674558252096176
YANRNRFLY	CASSPNPQGANMDTQYF	1	0	0.0053681847639381886
YANRNRFLY	CASSMRHFSYEQYF	1	0	5.171018074179301e-06
YANRNRFLY	CASSFPGQGNTQYF	1	1	0.9964383840560913
YANRNRFLY	CASSLGQGDGGYTF	1	0	0.017547134310007095
YANRNRFLY	CASPGDLNTEAFF	1	0	0.31907325983047485
YANRNRFLY	CASSLSVSSYNEQFF	1	1	0.9342172741889954
YANRNRFLY	CASSQDRIRQARTGELFF	1	0	2.8438640583772212e-05
YANRNRFLY	CSARTATGGQSGYTF	1	1	0.8635108470916748
YANRNRFLY	CASSTSGETGELFF	1	1	0.9943909049034119
YANRNRFLY	CASSLGGEQYF	1	1	0.9568090438842773
YANRNRFLY	CASRDATGGFEQYF	1	1	0.9999399185180664
YANRNRFLY	CATSRGPLASLVDSYNEQFF	1	0	0.006349334493279457
YANRNRFLY	CASSDSLGDRGSYEQYF	1	1	0.9906675219535828
YANRNRFLY	CATSPTRSTTDTQYF	1	0	0.48042166233062744
YANRNRFLY	CASSGQGMGNSPLHF	1	1	0.9999924898147583
YANRNRFLY	CASTTYNEQFF	1	0	1.2914020771859214e-05
YANRNRFLY	CASSTMGQGISPLHF	1	1	0.5463677644729614
YANRNRFLY	CASSAYNEQFF	1	0	0.2138134092092514
YANRNRFLY	CASTPGQGASTEAFF	1	0	0.316037118434906
YANRNRFLY	CATSELSGETQYF	1	1	0.6409077048301697
YANRNRFLY	CSASVPAGQQNSSPLHF	1	1	0.7475021481513977
YANRNRFLY	CATSDVAGGGGEQFF	1	1	0.5907182693481445
YANRNRFLY	CAINKGTGNTGELFF	1	1	0.8222079873085022
YANRNRFLY	CASSATSNQPQHF	1	0	0.0011175068793818355
YANRNRFLY	CASAGERSEQFF	1	1	0.9992891550064087
YANRNRFLY	CASSTGSYEQYF	1	0	0.3762262463569641
YANRNRFLY	CASTGGPEGNQPQHF	1	0	0.027887089177966118
YANRNRFLY	CASVYLAGTMDTQYF	1	1	0.9885922074317932
YANRNRFLY	CATRERQGWVEAFF	1	0	0.002732169581577182
YANRNRFLY	CSGLLAGTDTQYF	1	1	0.9996488094329834
YANRNRFLY	CASSVVGDEQYF	1	1	0.9999619722366333
YANRNRFLY	CASSEYGGYTF	1	0	0.05482694134116173
YANRNRFLY	CAINKESDSYEQYF	1	1	0.8514627814292908
YANRNRFLY	CASSLGTGGQFF	1	0	0.041329704225063324
YANRNRFLY	CASSIATGLNQPQHF	1	1	0.9156094789505005
YANRNRFLY	CASSFWGLAGGYNEQFF	1	0	0.060060061514377594
YANRNRFLY	CASSPRTDQETQYF	1	0	0.19488708674907684
YANRNRFLY	CASSLGDRGRGYGYTF	1	0	0.3226296305656433
YANRNRFLY	CASSPLRGGVTYNEQFF	1	1	0.6608314514160156
YANRNRFLY	CASSPRQRSGNTIYF	1	1	0.9454582929611206
YANRNRFLY	CASSFGGRSTDTQYF	1	1	0.9998975992202759
YANRNRFLY	CASSEFGTFQETQYF	1	0	0.3880313038825989
YANRNRFLY	CASLTRFGLYSNQPQHF	1	1	0.9999136924743652
YANRNRFLY	CASKRQGLHAEQYF	1	0	0.24353303015232086
YANRNRFLY	CASSPGTGDLETQYF	1	1	0.9948546886444092
YANRNRFLY	CASSFLSAGGGTDTQYF	1	1	0.9999945163726807
YANRNRFLY	CASSLINTGELFF	1	0	0.12572017312049866
YANRNRFLY	CASKGLAGYNEQFF	1	1	0.9731855988502502
YANRNRFLY	CASSLDFSRQETQYF	1	1	0.9984025359153748
YANRNRFLY	CASSHFSGTFPYEQYF	1	0	0.0005053590284660459
YANRNRFLY	CASSPVGWGNTIYF	1	1	0.8565109372138977
YANRNRFLY	CASSYSSRLQYF	1	1	1.0
YANRNRFLY	CASSQDLMEETQYF	1	1	0.9998069405555725
YANRNRFLY	CASSWLGQGALEAFF	1	1	0.9988523721694946
YANRNRFLY	CASSLPLGYEQYF	1	1	0.9997777342796326
YANRNRFLY	CASSSGTSGSADTQYF	1	1	0.8825749158859253
YANRNRFLY	CASSLGTSGSTDTQYF	1	1	0.9999855756759644
YANRNRFLY	CASSLLAGGKETQYF	1	1	0.9990531802177429
YANRNRFLY	CASSLSPLDNPSYEQYF	1	0	0.0038011737633496523
YANRNRFLY	CASSTSSSWTQYF	1	0	0.00019568888819776475
YANRNRFLY	CASIDRSYEQYF	1	0	0.1398119479417801
YANRNRFLY	CASSLSGYEQYF	1	1	0.9992125034332275
YANRNRFLY	CATSDFGVNTGELFF	1	1	0.9988393187522888
YANRNRFLY	CASSQERDRVYEQYF	1	0	0.08164199441671371
YANRNRFLY	CSVEQRDTGELFF	1	1	0.9992419481277466
YANRNRFLY	CASSHQAGALYNEQFF	1	0	0.08548493683338165
YANRNRFLY	CAISDPRDSYEQYF	1	0	0.05410057678818703
YANRNRFLY	CASSQKPGQDHYEQYF	1	0	0.4221508204936981
YANRNRFLY	CASSEALSGGSETQYF	1	1	0.9354804158210754
YANRNRFLY	CATGTGGNDYEQYF	1	1	0.9466902613639832
YANRNRFLY	CASSPSGLAGYNEQFF	1	0	0.00042641040636226535
YANRNRFLY	CATSRVKTSGGYEQYF	1	1	0.8472257852554321
YANRNRFLY	CATSGDTQYF	1	1	0.9552852511405945
YANRNRFLY	CASSPGASYEQYF	1	0	0.03548537567257881
YANRNRFLY	CASSLVNGLGYTF	1	1	0.9999839067459106
YANRNRFLY	CSVEIGWGQGDNGDYGYTF	1	1	0.9998650550842285
YANRNRFLY	CAISESSRGVDGYTF	1	0	0.006942572072148323
YANRNRFLY	CASSDGGSSGNTIYF	1	1	0.9999735355377197
YANRNRFLY	CASSQDSPRAGFSDTQYF	1	1	0.9129312038421631
YANRNRFLY	CATSEVGSETQYF	1	0	0.46663495898246765
YANRNRFLY	CASSPGRGDSPLHF	1	1	0.999936580657959
YANRNRFLY	CASSYSRGQPEAFF	1	1	0.9999774694442749
YANRNRFLY	CASSVGMTDYNEQFF	1	0	0.16771458089351654
YANRNRFLY	CSVDQGSGELFF	1	1	0.9996953010559082
YANRNRFLY	CASSLAGDQEPQYEQYF	1	0	0.023900097236037254
YANRNRFLY	CASSQEIGVYGYTF	1	1	0.9983589053153992
YANRNRFLY	CATSEAASSWTGELFF	1	0	0.4397522211074829
YANRNRFLY	CAWSAIADTDTQYF	1	0	0.19003865122795105
YANRNRFLY	CASSVEGDGSEAFF	1	1	0.9847331643104553
YANRNRFLY	CASSFEVRVDTEAFF	1	1	0.9998794794082642
YANRNRFLY	CASSDPSGPGGGSPLHF	1	1	0.9999226331710815
YANRNRFLY	CASSLENTGELFF	1	1	0.8101882934570312
YANRNRFLY	CASSQVGTGVHEQFF	1	1	0.8755702972412109
YANRNRFLY	CASSPGSLGHRASTDTQYF	1	0	0.0017229829682037234
YANRNRFLY	CGWPGQTNTGELFF	1	1	0.8584535717964172
YANRNRFLY	CSATGLRTSYEQYF	1	1	0.9994435906410217
YANRNRFLY	CASSMGPTGYGYTF	1	0	2.068149171918776e-07
YANRNRFLY	CSARVEGAGPAQYF	1	1	0.9999697208404541
YANRNRFLY	CSARDFTYEQYF	1	0	0.1174362301826477
YANRNRFLY	CASSLNNEQFF	1	1	0.8117673397064209
YANRNRFLY	CASSQDSHSTSTDTQYF	1	0	0.22535701096057892
YANRNRFLY	CASTRGQGRDGELFF	1	0	0.002047043526545167
YANRNRFLY	CASSQGGGVNEQFF	1	1	0.9923993945121765
YANRNRFLY	CAAHGGTRTLAKNIQYF	1	0	0.25192004442214966
YANRNRFLY	CASSLLGGRGNTGELFF	1	1	0.9999046325683594
YANRNRFLY	CASSQDMRAGGPNEQFF	1	1	0.9990419745445251
YANRNRFLY	CASSRAGTGYNEQFF	1	0	0.20896025002002716
YANRNRFLY	CASSFIGTRAGQYF	1	1	0.9998840093612671
YANRNRFLY	CASSPRPGPNQPQHF	1	0	0.0010799330193549395
YANRNRFLY	CASSEWALPNEQFF	1	1	0.6483112573623657
YANRNRFLY	CASSPRSSGGRYNEQFF	1	0	0.020315444096922874
YANRNRFLY	CASRPGTASYEQYF	1	0	0.27735501527786255
YANRNRFLY	CASSPSYNEQFF	1	0	0.008261016570031643
YANRNRFLY	CASKVAGFNEQFF	1	0	0.053721632808446884
YANRNRFLY	CASSLTQGARNTIYF	1	1	0.9999997615814209
YANRNRFLY	CSARGTDFANTGELFF	1	0	6.918052531545982e-05
YANRNRFLY	CAISERDFQETQYF	1	0	3.2536099752178416e-06
YANRNRFLY	CASSLLGSNQETQYF	1	1	0.9999685287475586
YANRNRFLY	CASSSVAFDSGNTIYF	1	1	0.9997250437736511
YANRNRFLY	CASTQGYNEQFF	1	0	4.072055162396282e-05
YANRNRFLY	CASSLDAETQYF	1	1	0.8979235887527466
YANRNRFLY	CASRSGGGSYEQYF	1	1	0.996391236782074
YANRNRFLY	CASSLFTGTNEQFF	1	0	0.12735241651535034
YANRNRFLY	CASSLEMQGALYGYTF	1	0	0.12455199658870697
YANRNRFLY	CASSSQSTGTAGVYEQYF	1	0	0.43563312292099
YANRNRFLY	CASSSGVGQEAHEQYF	1	0	0.0016674614744260907
YANRNRFLY	CASRDTSGGPDTQYF	1	1	0.997319757938385
YANRNRFLY	CASSEAGGGYEQYF	1	1	0.9987505674362183
YANRNRFLY	CASSPYPSRGSNEQFF	1	0	0.004282266832888126
YANRNRFLY	CASSQGGGGTDTQYF	1	1	0.9999212026596069
