ALSPVIPHI	CSANDRGRGYNSPLHF	1	0	0.1757792830467224
ALSPVIPHI	CASSEQGVVDTQYF	1	1	0.9744857549667358
ALSPVIPHI	CSARVEGAGPAQYF	1	1	0.6790607571601868
ALSPVIPHI	CASSQEIGVYGYTF	1	1	0.9999010562896729
ALSPVIPHI	CASSFLAGQRTDTEAFF	1	0	0.01026680413633585
ALSPVIPHI	CASSLAGYEQYF	1	1	0.999321699142456
ALSPVIPHI	CASSLAGDQEPQYEQYF	1	0	0.4759955108165741
ALSPVIPHI	CASRTLRGHVSEAFF	1	1	0.9748563766479492
ALSPVIPHI	CASSFGGRSTDTQYF	1	0	0.0008604401373304427
ALSPVIPHI	CASSQDPETGRTDTQYF	1	1	0.6912122964859009
ALSPVIPHI	CASSRDFVSNEQYF	1	0	0.396444708108902
ALSPVIPHI	CASSLDNQPQHF	1	0	0.30709826946258545
ALSPVIPHI	CASSFPGYGYTF	1	1	0.9998313188552856
ALSPVIPHI	CSAYRVMSHEQYF	1	1	1.0
ALSPVIPHI	CASSYGTLPSEQFF	1	0	0.058310337364673615
ALSPVIPHI	CASSQWDNQPQHF	1	1	0.9999998807907104
ALSPVIPHI	CASSLDRNTEAFF	1	1	0.999559223651886
ALSPVIPHI	CASSLMGGGNTIYF	1	1	0.9993100166320801
ALSPVIPHI	CSASVPAGQQNSSPLHF	1	1	0.9185670614242554
ALSPVIPHI	CASTQGYNEQFF	1	0	0.33760225772857666
ALSPVIPHI	CASSEKEGTTNTGELFF	1	0	0.06836973875761032
ALSPVIPHI	CSASAGLVGYEQYF	1	1	0.987171471118927
ALSPVIPHI	CASSTMGQGISPLHF	1	1	0.9877912998199463
ALSPVIPHI	CASSQRRTGPSSTDTQYF	1	1	0.9889245629310608
ALSPVIPHI	CASSVAGLAGATSTDTQYF	1	1	0.9999548196792603
ALSPVIPHI	CASSIVQGSNQPQHF	1	1	0.6492658853530884
ALSPVIPHI	CAWSVQQGDQPQHF	1	1	0.9994125366210938
ALSPVIPHI	CGWPGQTNTGELFF	1	1	0.99997878074646
ALSPVIPHI	CASSTSLLAQHF	1	1	0.9999978542327881
ALSPVIPHI	CASSWLGQGALEAFF	1	1	0.9996854066848755
ALSPVIPHI	CASSLFTGTNEQFF	1	0	0.005737804342061281
ALSPVIPHI	CASSGRARLARTDTQYF	1	1	0.9073024392127991
ALSPVIPHI	CSARLRDKDYEQYF	1	1	0.9986186027526855
ALSPVIPHI	CASSFEVRVDTEAFF	1	1	0.6067377328872681
ALSPVIPHI	CASSLIRDITYEQYF	1	1	0.996228814125061
ALSPVIPHI	CASSDGTSGRAGGELFF	1	0	0.1048879474401474
ALSPVIPHI	CASSFLGQGDSPLHF	1	0	0.0332646407186985
ALSPVIPHI	CASSWREGTDTQYF	1	0	0.25579389929771423
ALSPVIPHI	CASSLGGEGYEQYF	1	1	0.9913161993026733
ALSPVIPHI	CSALGAVGAGIHYEQYF	1	1	0.9999938011169434
ALSPVIPHI	CASSTMGDYYEQYF	1	1	0.9999978542327881
ALSPVIPHI	CASSGELRGAEKLFF	1	1	0.9995400905609131
ALSPVIPHI	CSARDPQRTTSTDTQYF	1	1	0.9960954785346985
ALSPVIPHI	CASSLSYNSPLHF	1	1	0.999742329120636
ALSPVIPHI	CASSLKVRDEQFF	1	0	0.0002864485140889883
ALSPVIPHI	CASSLGQGATNTGELFF	1	0	0.09100107103586197
ALSPVIPHI	CASSHVTGYEQYF	1	1	0.9996780157089233
ALSPVIPHI	CASSLGEARPQETQYF	1	0	0.004355071112513542
ALSPVIPHI	CASSLGRTGANTGELFF	1	0	0.07809454202651978
ALSPVIPHI	CASSLIANQETQYF	1	1	0.9999996423721313
ALSPVIPHI	CASSLPGQMIRWDTEAFF	1	0	0.016406657174229622
ALSPVIPHI	CASSLLGSNQETQYF	1	1	0.5891305804252625
ALSPVIPHI	CASSRAGTGYNEQFF	1	1	0.9188207387924194
ALSPVIPHI	CASSLSPLDNPSYEQYF	1	1	0.9368878602981567
ALSPVIPHI	CASSPGASYEQYF	1	1	0.9795688986778259
ALSPVIPHI	CATSREGAGTEAFF	1	1	0.8820335865020752
ALSPVIPHI	CASSGLRGTAEAFF	1	1	0.908458411693573
ALSPVIPHI	CASSSLLQGVDYGYTF	1	1	0.9997072815895081
ALSPVIPHI	CASKKLAGDSYEQYF	1	1	1.0
ALSPVIPHI	CSVEAEGTATNEKLFF	1	0	0.00415444653481245
ALSPVIPHI	CASSPYPSRGSNEQFF	1	1	0.9780545830726624
ALSPVIPHI	CSAPPPYNEQFF	1	1	0.9983213543891907
ALSPVIPHI	CASSLFPGQGSDDEQFF	1	1	0.6050376296043396
ALSPVIPHI	CASNSLDREDGNTIYF	1	1	0.925239086151123
ALSPVIPHI	CASSLLGGSYEQYF	1	1	0.9985114932060242
ALSPVIPHI	CASSLGQGDGGYTF	1	0	0.0029802874196320772
ALSPVIPHI	CASRMGHTDTQYF	1	1	0.9989769458770752
ALSPVIPHI	CASFGGTGELFF	1	0	0.030682645738124847
ALSPVIPHI	CASSPSYNEQFF	1	1	0.9992207288742065
ALSPVIPHI	CASSLPLGYEQYF	1	1	0.999951958656311
ALSPVIPHI	CAINKESDSYEQYF	1	1	0.9999985694885254
ALSPVIPHI	CAWSVRGVNPYNEQFF	1	0	0.1792232096195221
ALSPVIPHI	CASSVGVSNQPQHF	1	1	0.5580223798751831
ALSPVIPHI	CATTFRGYEQYF	1	1	0.9992013573646545
ALSPVIPHI	CASSTSGETGELFF	1	1	0.9993768334388733
ALSPVIPHI	CASRSLSGEQFF	1	1	0.9029185175895691
ALSPVIPHI	CASRDTSGGPDTQYF	1	1	0.9317398071289062
ALSPVIPHI	CASSLDRVSYNEQFF	1	0	0.00014686687791254371
ALSPVIPHI	CASSVQEEYGYTF	1	1	0.9971416592597961
ALSPVIPHI	CSARDFTYEQYF	1	1	0.9916285276412964
ALSPVIPHI	CASSLVGYEQYF	1	1	0.999994158744812
ALSPVIPHI	CASTVFQGSTNEQFF	1	0	0.18908315896987915
ALSPVIPHI	CASSVSQGYEQFF	1	1	0.9998828172683716
ALSPVIPHI	CASSEALAGSTDTQYF	1	1	0.9778226017951965
ALSPVIPHI	CASSLGTSGRAGETQYF	1	1	0.5079825520515442
ALSPVIPHI	CASSEWALPNEQFF	1	1	0.9999014139175415
ALSPVIPHI	CASSIETGTEITGELFF	1	0	0.31928643584251404
ALSPVIPHI	CASSPSGLAGSNLGNEQFF	1	1	0.7858509421348572
ALSPVIPHI	CASSLALTFSGEGSPLHF	1	0	0.016474617645144463
ALSPVIPHI	CASSWYTTGQETQYF	1	1	0.9827374815940857
ALSPVIPHI	CASSSYRKEKLFF	1	1	0.6696112155914307
ALSPVIPHI	CASSEVGVFEAFF	1	1	0.9997052550315857
ALSPVIPHI	CASSPVGWGNTIYF	1	1	0.9999991655349731
ALSPVIPHI	CASSVASGQLYGYTF	1	1	0.9999995231628418
ALSPVIPHI	CASSQTTPLTYNYEQYF	1	1	0.9998557567596436
ALSPVIPHI	CASSIDLSEGDTNQPQHF	1	1	0.9999998807907104
ALSPVIPHI	CASSPIELVTYNEQFF	1	1	0.9999996423721313
ALSPVIPHI	CASSFGGVEGMNTEAFF	1	0	0.20907896757125854
ALSPVIPHI	CASFDRTQGFSGANVLTF	1	1	0.932796061038971
ALSPVIPHI	CASSMRVQSNTGELFF	1	0	0.3027155101299286
ALSPVIPHI	CASSGLAGGPHEQFF	1	1	0.9559599757194519
ALSPVIPHI	CASSVTEMGGTEAFF	1	1	0.9999926090240479
ALSPVIPHI	CASSERTSGGYTDTQYF	1	1	0.9149592518806458
ALSPVIPHI	CASSLGRGAYEQYF	1	0	0.056123681366443634
ALSPVIPHI	CSASSTHSNQPQHF	1	1	0.9947860240936279
ALSPVIPHI	CASSLSAGTEAFF	1	1	0.9993733763694763
ALSPVIPHI	CASRSTGYLEQYF	1	1	0.9999634027481079
ALSPVIPHI	CASSLVDSARSYEQYF	1	1	0.8375222682952881
ALSPVIPHI	CASSPRPGPNQPQHF	1	0	0.1782345473766327
ALSPVIPHI	CASSDRAGVVTDTQYF	1	1	0.8993496894836426
ALSPVIPHI	CASGFGHSNSPLHF	1	0	0.08499611914157867
ALSPVIPHI	CATSRGPLASLVDSYNEQFF	1	1	0.9976754784584045
ALSPVIPHI	CASSLLYSDSPLHF	1	1	0.9491264224052429
ALSPVIPHI	CASSIATGLNQPQHF	1	0	0.07487395405769348
ALSPVIPHI	CASSADAGTSSEQFF	1	0	0.10085444152355194
ALSPVIPHI	CASSPRGSYWDEQYF	1	0	0.0017423664685338736
ALSPVIPHI	CASSVGGGVTDTQYF	1	0	0.035206861793994904
ALSPVIPHI	CASSSNIRDSGNTIYF	1	0	0.4886700510978699
ALSPVIPHI	CASSTYRQGYNEQFF	1	1	0.9080522060394287
ALSPVIPHI	CASATWGDPNQPQHF	1	1	0.999963641166687
ALSPVIPHI	CASSLDLGVDYGYTF	1	1	0.9972238540649414
ALSPVIPHI	CASSATGTGRTSAWYNEQFF	1	1	0.9283888936042786
ALSPVIPHI	CASSPERGEETQYF	1	1	0.9937058091163635
ALSPVIPHI	CASSLPDPYEQYF	1	1	0.9999773502349854
ALSPVIPHI	CAWSVPLGRREKLFF	1	1	0.9999532699584961
ALSPVIPHI	CASKVYGYTF	1	1	0.9901604652404785
ALSPVIPHI	CASLGTPGLAGSSYEQYF	1	1	0.9999710321426392
ALSPVIPHI	CASSEDGMNTEAFF	1	1	0.8144512176513672
ALSPVIPHI	CASSRSFAGGDTDTQYF	1	1	0.9921784400939941
ALSPVIPHI	CASSPYPRTGGTDTQYF	1	0	0.045561302453279495
ALSPVIPHI	CASKPGAIEAFF	1	0	0.03808867186307907
ALSPVIPHI	CASSFLGQGAAGELFF	1	0	0.25740212202072144
ALSPVIPHI	CASSLRGGQSYEQYF	1	1	0.9829634428024292
ALSPVIPHI	CASSDRDRGLLRQFF	1	1	0.9915438890457153
ALSPVIPHI	CASSPRSSGGRYNEQFF	1	1	0.9993651509284973
ALSPVIPHI	CATFAASKEQFF	1	1	0.9957832098007202
ALSPVIPHI	CASSLFGSGGAGETQYF	1	0	0.0227687768638134
ALSPVIPHI	CASRPGTASYEQYF	1	1	0.5613124370574951
ALSPVIPHI	CASRGGTGLYGYTF	1	0	0.2629126012325287
ALSPVIPHI	CAISDPRDSYEQYF	1	1	0.9997133612632751
ALSPVIPHI	CASSQERDRVYEQYF	1	0	0.013279972597956657
ALSPVIPHI	CASSLGANTGELFF	1	1	0.9978005290031433
ALSPVIPHI	CASSLLAGSSYNEQFF	1	1	0.7022736072540283
ALSPVIPHI	CSATGLRTSYEQYF	1	1	0.9999226331710815
ALSPVIPHI	CASSMNPQGGSSPLHF	1	1	0.97393798828125
ALSPVIPHI	CASSPSAGRGLGYTF	1	1	0.9999526739120483
ALSPVIPHI	CASSQDMRAGGPNEQFF	1	0	0.2986396849155426
ALSPVIPHI	CASRQTSGTYNEQFF	1	1	0.9983516931533813
ALSPVIPHI	CASSPGTGSHPYNEQFF	1	0	0.08908884972333908
ALSPVIPHI	CASSMGPTGYGYTF	1	0	0.07772283256053925
ALSPVIPHI	CASSLTGTVDGYTF	1	1	0.7505287528038025
ALSPVIPHI	CASSLNEQEGQPQHF	1	1	0.6834226846694946
ALSPVIPHI	CASSVDDTGLSYEQYF	1	1	0.9999818801879883
ALSPVIPHI	CASSSGEGTEAYNEQFF	1	0	0.15587826073169708
ALSPVIPHI	CAIDETGHGYTF	1	1	0.9999774694442749
ALSPVIPHI	CASRHSQGAPSWYQETQYF	1	1	0.9956941604614258
ALSPVIPHI	CASSRDRGLGYTF	1	1	0.9999942779541016
ALSPVIPHI	CSARAYTGELFF	1	0	0.014041507616639137
ALSPVIPHI	CAISESSRGVDGYTF	1	0	0.03934285417199135
ALSPVIPHI	CASSDPSGPGGGSPLHF	1	0	0.15779569745063782
ALSPVIPHI	CASSLDQGAQDNEQFF	1	0	0.003274563467130065
ALSPVIPHI	CATSAQTGQGENTEAFF	1	0	0.09469065815210342
ALSPVIPHI	CASSENEQFF	1	1	0.9999879598617554
ALSPVIPHI	CSAWAQGSGYEQYF	1	1	0.9961147308349609
ALSPVIPHI	CASSQDSGWREKLFF	1	1	0.9999164342880249
ALSPVIPHI	CASSLGRSTGELFF	1	0	0.0323190912604332
ALSPVIPHI	CASSGPGTLNLDTF	1	1	0.9999819993972778
ALSPVIPHI	CASIAYSNQPQHF	1	1	0.9991838335990906
ALSPVIPHI	CASSRNPGTGTYNEQFF	1	1	0.6724435091018677
ALSPVIPHI	CASSYPLGTQYF	1	1	0.9999314546585083
ALSPVIPHI	CASSPDGTGSGNTIYF	1	1	0.9713176488876343
ALSPVIPHI	CASSLEAVSIHGYTF	1	1	0.9999257326126099
ALSPVIPHI	CASSWVPPGQGRTGELFF	1	0	0.047098033130168915
ALSPVIPHI	CASSLDGPSGSPHEQYF	1	1	0.7811305522918701
ALSPVIPHI	CASSLYGSRPQHF	1	1	0.9111571907997131
ALSPVIPHI	CASSYSRGQPEAFF	1	1	0.9731926321983337
ALSPVIPHI	CASSFLSAGGGTDTQYF	1	1	0.999760091304779
ALSPVIPHI	CASSQGSRPEQYF	1	1	0.9983850717544556
ALSPVIPHI	CASSDATSGTYLYNEQFF	1	1	0.8981185555458069
ALSPVIPHI	CASSYDSRETQYF	1	1	0.9998914003372192
ALSPVIPHI	CASSGRVTGGFYNEQFF	1	1	0.798623263835907
ALSPVIPHI	CATSRNRGDGYTF	1	0	0.04646399989724159
ALSPVIPHI	CASSQDHGLHPEAFF	1	1	0.6964367032051086
ALSPVIPHI	CASSELPAGGTNEQFF	1	0	0.0018076804699376225
ALSPVIPHI	CASSFISQGAYGYTF	1	1	0.9999933242797852
ALSPVIPHI	CATFTGNTEAFF	1	1	0.9956719875335693
ALSPVIPHI	CAISESNDGNEQFF	1	1	0.9972763657569885
ALSPVIPHI	CASSLGTGGTEAFF	1	0	0.12571091949939728
ALSPVIPHI	CASSIQNTGELFF	1	1	0.9969425797462463
ALSPVIPHI	CASSLALSTEYSSF	1	1	0.9969407320022583
ALSPVIPHI	CASSFSGRVGEKLFF	1	1	0.9997753500938416
ALSPVIPHI	CASSPLPGGVNEQFF	1	1	0.8710573315620422
ALSPVIPHI	CASSGQVESSGNTIYF	1	1	0.9999960660934448
ALSPVIPHI	CATGTGGGYGYTF	1	0	0.06909840553998947
ALSPVIPHI	CSASGTLDTEAFF	1	1	0.9994696974754333
ALSPVIPHI	CATSSEDSSNQPQHF	1	1	0.999427855014801
ALSPVIPHI	CASSFPGQGNTQYF	1	1	0.9995160102844238
ALSPVIPHI	CASSETGTSGDEQYF	1	0	0.14891387522220612
ALSPVIPHI	CASSSVAFDSGNTIYF	1	1	0.9997650980949402
ALSPVIPHI	CASSRTGSSYNEQFF	1	1	0.8940032124519348
ALSPVIPHI	CASTSVNTGELFF	1	1	0.6379602551460266
ALSPVIPHI	CASSQGGQGAPYEQYF	1	0	0.012698558159172535
ALSPVIPHI	CASSIDRWTQGNQPQHF	1	1	0.999884843826294
ALSPVIPHI	CASKKTPVGTEAFF	1	1	0.9997727274894714
ALSPVIPHI	CASSNRGYDEQYF	1	1	0.9633378386497498
ALSPVIPHI	CASSVGGGGSTDTQYF	1	0	0.4183168411254883
ALSPVIPHI	CASSLGPVYEQYF	1	1	0.9928182363510132
ALSPVIPHI	CASSTGSYEQYF	1	1	0.9988176226615906
ALSPVIPHI	CASRAVINTDTQYF	1	1	0.9993583559989929
ALSPVIPHI	CASSLGGPPTYEQYF	1	0	0.004294919781386852
ALSPVIPHI	CASRAGGWTLPSNYGYTF	1	0	0.0062470645643770695
ALSPVIPHI	CASSLGRYNEQFF	1	1	0.7544428110122681
ALSPVIPHI	CASSLNWREITDTQYF	1	0	0.00011199953587492928
ALSPVIPHI	CASSQGWGTQPQHF	1	1	0.9810856580734253
ALSPVIPHI	CASSLASTGLTQETQYF	1	1	0.9999806880950928
ALSPVIPHI	CASSRQNTGELFF	1	1	0.8803512454032898
ALSPVIPHI	CASSLAGVIETQYF	1	0	0.0927659422159195
ALSPVIPHI	CSARFSANGEQYF	1	1	0.9999973773956299
ALSPVIPHI	CSVEGSGGTQYF	1	1	0.9999277591705322
ALSPVIPHI	CASSLGQGPYEQYF	1	1	0.7510433793067932
ALSPVIPHI	CASSSGTGGQYEQYF	1	0	0.02550550177693367
ALSPVIPHI	CASSVSGANYNEQFF	1	1	0.9733983874320984
ALSPVIPHI	CASSQDRAGWIDEQFF	1	0	2.105704515997786e-05
ALSPVIPHI	CASSFGGGLQETQYF	1	1	0.5878129601478577
ALSPVIPHI	CASSLGTSGSTDTQYF	1	1	0.8030412793159485
ALSPVIPHI	CASTPGGYEQYF	1	1	0.7002537250518799
ALSPVIPHI	CASTHRGPLKRRPLHF	1	0	0.0071505336090922356
ALSPVIPHI	CASSQEFVGAVLDTQYF	1	1	0.9934757351875305
ALSPVIPHI	CASSYFPYDLYEQYF	1	1	0.9999966621398926
ALSPVIPHI	CSARAGSTYEQYF	1	1	0.8271782398223877
ALSPVIPHI	CASVYLAGTMDTQYF	1	1	0.9433436393737793
ALSPVIPHI	CASSQGGGVNEQFF	1	1	0.9950319528579712
ALSPVIPHI	CASSLSNTPGEQFF	1	0	0.00040959048783406615
ALSPVIPHI	CASSADQLEQFF	1	1	0.999297022819519
ALSPVIPHI	CASNWFRDNTGELFF	1	1	0.632821261882782
ALSPVIPHI	CASSGREAFF	1	1	0.999782383441925
ALSPVIPHI	CATSTGDSNQPQHF	1	0	0.08749351650476456
ALSPVIPHI	CASSLPTRQNLASYEYGYTF	1	0	0.06127888709306717
ALSPVIPHI	CASSLGGHGNEQFF	1	0	0.2651550769805908
ALSPVIPHI	CASSSETGWGTEAFF	1	1	0.9984923601150513
ALSPVIPHI	CASSQWTGSNYGYTF	1	1	0.9972885847091675
ALSPVIPHI	CASSSRLYNEQFF	1	1	0.9988934397697449
ALSPVIPHI	CASSPPRLGAFF	1	1	0.9999996423721313
ALSPVIPHI	CASSPPHPTGPTDTQYF	1	0	0.21133849024772644
ALSPVIPHI	CASSLTRTALNTEAFF	1	1	0.9994145631790161
ALSPVIPHI	CASSYSGTENGYTF	1	1	0.9995558857917786
ALSPVIPHI	CASSLSVSSYNEQFF	1	1	0.7031524181365967
ALSPVIPHI	CASSDQLLEEWSSYNEQFF	1	0	0.07994751632213593
ALSPVIPHI	CASSLLGTEAFF	1	1	0.9999958276748657
ALSPVIPHI	CASSLVSPSEQFF	1	1	0.9465382099151611
ALSPVIPHI	CASSVGGAHEQYF	1	1	0.9535506367683411
ALSPVIPHI	CASSPTRGLEIEKLFF	1	1	0.999184787273407
ALSPVIPHI	CSASGTGSYEQYF	1	1	1.0
ALSPVIPHI	CASSLSLGQGAPNYGYTF	1	1	0.9792256355285645
ALSPVIPHI	CASSLLAVDNEQFF	1	1	0.7468723058700562
ALSPVIPHI	CASSLLSGSSYEQYF	1	1	0.9345645308494568
ALSPVIPHI	CASSYGTGDLSYNEQFF	1	1	0.5447663068771362
ALSPVIPHI	CASSPQNSYNEQFF	1	1	0.9925979375839233
ALSPVIPHI	CASSVDRGAYNEQFF	1	1	0.9989294409751892
ALSPVIPHI	CASSVEEPGTVYEQYF	1	0	0.0015094502596184611
ALSPVIPHI	CASSQNYEQYF	1	1	0.9999982118606567
ALSPVIPHI	CASSAYNEQFF	1	1	0.9997289776802063
ALSPVIPHI	CASSLSRRRSRDDNEQFF	1	0	0.28347069025039673
ALSPVIPHI	CASRGLGSGGYEQYF	1	1	0.9941469430923462
ALSPVIPHI	CASSLAGTGGRFSYEQYF	1	1	0.947605311870575
ALSPVIPHI	CATSDDSEKLFF	1	1	0.9998866319656372
ALSPVIPHI	CASSLSGYEQYF	1	1	0.9998306035995483
ALSPVIPHI	CASSEAGGGYEQYF	1	1	0.9975511431694031
ALSPVIPHI	CASSLILDSPLHF	1	1	0.9999980926513672
ALSPVIPHI	CASSQDMGWGTDTQYF	1	1	0.9996857643127441
ALSPVIPHI	CASSVEGDGSEAFF	1	0	0.16540616750717163
ALSPVIPHI	CASSIALSTFQPQHF	1	1	0.9998353719711304
ALSPVIPHI	CASSITDRVHAGANVLTF	1	0	0.11267141997814178
ALSPVIPHI	CASSSPRSSRDTDTQYF	1	0	0.05718721076846123
ALSPVIPHI	CASSRSTGGSGNTIYF	1	0	0.0019849638920277357
ALSPVIPHI	CASSLWTGYNEQFF	1	1	0.6925386786460876
ALSPVIPHI	CASTPGSEPLHF	1	1	0.9986119270324707
ALSPVIPHI	CASSQGAGGLVFYEQYF	1	1	0.9049647450447083
ALSPVIPHI	CASSPRDEQFF	1	0	0.3463231027126312
ALSPVIPHI	CSARGTDFANTGELFF	1	0	0.0012909022625535727
ALSPVIPHI	CATRERQGWVEAFF	1	0	0.12512484192848206
ALSPVIPHI	CASSPLQGANHDEQYF	1	0	0.00246292632073164
ALSPVIPHI	CASSATSNQPQHF	1	1	0.9993976354598999
ALSPVIPHI	CAWKPTGLGYGYTF	1	1	0.9985440969467163
ALSPVIPHI	CAAHGGTRTLAKNIQYF	1	1	0.9235559701919556
ALSPVIPHI	CASSFWTSGYEQYF	1	1	0.9999878406524658
ALSPVIPHI	CASGFPIYRDKSTDTQYF	1	1	0.7204466462135315
ALSPVIPHI	CASSPNPQGANMDTQYF	1	0	0.45432451367378235
ALSPVIPHI	CASTFAHAGDSNEQFF	1	0	0.08961202949285507
ALSPVIPHI	CASTGSAGGSYGYTF	1	1	0.9902290105819702
ALSPVIPHI	CASSEWTGNTEAFF	1	1	0.98647540807724
ALSPVIPHI	CASSPRQRSGNTIYF	1	0	0.027215639129281044
ALSPVIPHI	CASSYSTSQGANYEQYF	1	1	0.999972939491272
ALSPVIPHI	CATSEIQGFSTDTQYF	1	1	0.981751024723053
ALSPVIPHI	CASSIGFGQGVSTEAFF	1	0	1.5346759028034285e-05
ALSPVIPHI	CASKHSGTGVLARELFF	1	1	0.696259617805481
ALSPVIPHI	CASSLEGDPSYEQYF	1	0	0.448203444480896
ALSPVIPHI	CASSPQGDSASSGNTIYF	1	1	0.9999203681945801
ALSPVIPHI	CASSANRGPDTEAFF	1	1	0.9973330497741699
ALSPVIPHI	CASSEGWHSYEQYF	1	0	0.4369470775127411
ALSPVIPHI	CASSAGVGTGELFF	1	0	0.006070245057344437
ALSPVIPHI	CASSYRLGNEQFF	1	1	0.9999963045120239
ALSPVIPHI	CASSLDFSRQETQYF	1	0	0.4300021827220917
ALSPVIPHI	CASSQVRQGLNQPQHF	1	1	0.9998986721038818
ALSPVIPHI	CASSFDHRGRDEQFF	1	0	0.02291290834546089
ALSPVIPHI	CASSQDRIRQARTGELFF	1	0	0.014137379825115204
ALSPVIPHI	CASSVVSGGHQPQHF	1	1	0.9999990463256836
ALSPVIPHI	CASSPSGLAGSNLGNEQFF	1	1	0.7858509421348572
ALSPVIPHI	CSARTGGDGYTF	1	0	0.49879929423332214
ALSPVIPHI	CASSYDRGFYNEQFF	1	1	0.9897225499153137
ALSPVIPHI	CASSQVVTDNEQFF	1	0	0.21418063342571259
ALSPVIPHI	CASILRAESSYNEQFF	1	0	0.4222411811351776
ALSPVIPHI	CASSLLAGGKETQYF	1	1	0.6204980611801147
ALSPVIPHI	CSARDLEVLSYEQYF	1	1	0.9999639987945557
ALSPVIPHI	CASSLRGTGAYGYTF	1	0	0.0018667608965188265
ALSPVIPHI	CASSLGEPQHF	1	1	0.9988490343093872
ALSPVIPHI	CSVEDPDRDGYTF	1	1	0.9791896343231201
ALSPVIPHI	CASSSGVGQEAHEQYF	1	0	0.09690196812152863
ALSPVIPHI	CASSEAFSGNTIYF	1	1	0.9783893823623657
ALSPVIPHI	CASEGVHEQFF	1	1	0.9255580902099609
ALSPVIPHI	CASSLTNPRQGAYNEQFF	1	0	4.286663170205429e-05
ALSPVIPHI	CASSSGRAGITDTQYF	1	0	0.22987286746501923
ALSPVIPHI	CASSESRSGNQPQHF	1	1	0.9809793829917908
ALSPVIPHI	CASSQSGGRYEQYF	1	1	0.950210452079773
ALSPVIPHI	CSATPNPGGHSTDTQYF	1	1	0.9999996423721313
ALSPVIPHI	CASTWDSLYEQYF	1	1	0.9999454021453857
ALSPVIPHI	CASSDSLGDRGSYEQYF	1	1	0.9999994039535522
ALSPVIPHI	CASALGAVDTQYF	1	1	0.9998626708984375
ALSPVIPHI	CASSPSGRGGNEQFF	1	0	0.24441100656986237
ALSPVIPHI	CASSLEMQGALYGYTF	1	1	0.9983620047569275
ALSPVIPHI	CATSRVKTSGGYEQYF	1	1	0.9544720649719238
ALSPVIPHI	CASSPPLAGGYEQYF	1	1	0.9966416358947754
ALSPVIPHI	CASSQELAGGGNEQFF	1	1	0.9980931878089905
ALSPVIPHI	CASSSSDPPGNQPQHF	1	1	0.9880516529083252
ALSPVIPHI	CASRSGGGSYEQYF	1	1	0.9183037877082825
ALSPVIPHI	CSARTATGGQSGYTF	1	1	0.9150184988975525
ALSPVIPHI	CASSVERENTGELFF	1	1	0.9992280006408691
ALSPVIPHI	CASSLGSGGGETQYF	1	1	0.7720139622688293
ALSPVIPHI	CASSYRVGRSSYEQYF	1	0	0.30726358294487
ALSPVIPHI	CASSRDTVNTEAFF	1	1	0.9259968400001526
ALSPVIPHI	CASSFGASGSVGELFF	1	1	0.9994271993637085
ALSPVIPHI	CASSLEPTANQPQHF	1	1	0.9129629731178284
ALSPVIPHI	CASSLAQYYQPQHF	1	1	0.9997805953025818
ALSPVIPHI	CASSQDLGARMGETQYF	1	1	0.9999806880950928
ALSPVIPHI	CASSTSSSWTQYF	1	1	0.8360055685043335
ALSPVIPHI	CASSPGLTPAEQYF	1	1	0.9421233534812927
ALSPVIPHI	CASSLTGESYEQYF	1	1	0.9995094537734985
ALSPVIPHI	CASSLDAETQYF	1	1	0.9370152950286865
ALSPVIPHI	CASSGDPKAYEQYF	1	1	0.9992263317108154
ALSPVIPHI	CASRIGTTNEQYF	1	0	0.22614650428295135
ALSPVIPHI	CASSQGETQYF	1	1	0.9952427744865417
ALSPVIPHI	CASSTPRGGYTF	1	1	0.9998235106468201
ALSPVIPHI	CASSGTGVTGELFF	1	1	0.993317723274231
ALSPVIPHI	CASRLPPSSGNTDTQYF	1	1	0.9859330058097839
ALSPVIPHI	CASSQYAVRVGDTEAFF	1	0	0.2817313075065613
ALSPVIPHI	CAWSVGVSGANVLTF	1	0	0.02654346451163292
ALSPVIPHI	CASSEALSGGSETQYF	1	1	0.9881379008293152
ALSPVIPHI	CASYWTGPPHGYTF	1	1	0.9952003955841064
ALSPVIPHI	CASTGGPEGNQPQHF	1	1	0.9973938465118408
ALSPVIPHI	CASSQDSHSTSTDTQYF	1	0	0.365129292011261
ALSPVIPHI	CASSPTANEKLFF	1	1	1.0
ALSPVIPHI	CASSLLGYEQYF	1	1	0.9999680519104004
ALSPVIPHI	CASSLGPAGAHNEQFF	1	1	0.9851250648498535
ALSPVIPHI	CASSSLSEAFF	1	1	0.9999741315841675
ALSPVIPHI	CAINKGTGNTGELFF	1	0	0.2877120077610016
ALSPVIPHI	CASSSPVETQYF	1	0	0.4872884452342987
ALSPVIPHI	CAVPGGSPYEQYF	1	0	0.13619451224803925
ALSPVIPHI	CASSLMVNEQYF	1	1	0.9999576807022095
ALSPVIPHI	CASSYSRGISPYGYTF	1	1	0.8890273571014404
ALSPVIPHI	CASSQVAAGDNSYEQYF	1	1	0.9999996423721313
ALSPVIPHI	CASTTGDSSNQPQHF	1	1	0.7777292728424072
ALSPVIPHI	CASSQERGGPDTQYF	1	1	0.8417065143585205
ALSPVIPHI	CASTFIFVRGADSSYEQYF	1	1	0.999584972858429
ALSPVIPHI	CATSDQHGSSEQFF	1	0	0.21164873242378235
ALSPVIPHI	CASSPVGPNTQYF	1	1	0.9999476671218872
ALSPVIPHI	CSARIAGAKNIQYF	1	1	0.9996815919876099
ALSPVIPHI	CASSLVNGLGYTF	1	1	0.9999971389770508
ALSPVIPHI	CASSLGGHGQPQHF	1	1	0.9957665205001831
ALSPVIPHI	CASSFGAGAKAGELFF	1	1	0.9880996346473694
ALSPVIPHI	CASSLESGFLSGYTF	1	1	0.9999958276748657
ALSPVIPHI	CATSDFGVNTGELFF	1	1	0.823887288570404
ALSPVIPHI	CASSLFPGQDRGRDQPQHF	1	1	0.6854183673858643
ALSPVIPHI	CAISESVNTEAFF	1	1	0.9997279047966003
ALSPVIPHI	CAISEEVSGGVGANEQFF	1	1	0.9935116171836853
ALSPVIPHI	CASTLGTEAFF	1	0	0.2391200065612793
ALSPVIPHI	CASGFFNQPQHF	1	1	0.9912059903144836
ALSPVIPHI	CASSQDPGPDTQYF	1	1	0.9976769089698792
ALSPVIPHI	CASSLGEDSSLKREPLHF	1	0	0.11487139761447906
ALSPVIPHI	CSARGQGTSGVDYGYTF	1	1	0.9717099666595459
ALSPVIPHI	CASSLRQGEYNEQFF	1	0	0.026837319135665894
ALSPVIPHI	CATSEVGSETQYF	1	1	0.999970555305481
ALSPVIPHI	CASSLSRSQPPNQPQHF	1	1	0.5196132063865662
ALSPVIPHI	CASSPGRGDSPLHF	1	1	0.5696831941604614
ALSPVIPHI	CASSLYSGSFYEQYF	1	1	0.6902148723602295
ALSPVIPHI	CASSSTRGWADTQYF	1	1	0.9995833039283752
ALSPVIPHI	CASSERLDLAGGRNEQFF	1	1	0.9970381259918213
ALSPVIPHI	CAWDSYNQPQHF	1	1	0.9986196756362915
ALSPVIPHI	CASSLGDVQNTEAFF	1	1	0.9990861415863037
ALSPVIPHI	CATSFAPGQGEHGYTF	1	1	0.9989951252937317
ALSPVIPHI	CASSQVGTGVHEQFF	1	1	0.9727842807769775
ALSPVIPHI	CASSLTGDHTDTQYF	1	1	0.8722065687179565
ALSPVIPHI	CASSPGDPSTDTQYF	1	0	0.00638296315446496
ALSPVIPHI	CASSLDLTETQYF	1	1	0.990044355392456
ALSPVIPHI	CASIDRSYEQYF	1	1	0.9996826648712158
ALSPVIPHI	CASRPSRGTNYGYTF	1	1	0.994297206401825
ALSPVIPHI	CASSEVRGPSYNEQFF	1	1	0.9888148903846741
ALSPVIPHI	CASSLAGGSLSYEQYF	1	1	0.7680481672286987
ALSPVIPHI	CASINSPGGEDTGELFF	1	1	0.9373857378959656
ALSPVIPHI	CASPGDLNTEAFF	1	1	0.988010585308075
ALSPVIPHI	CSVEDGYEQYF	1	1	0.8696873188018799
ALSPVIPHI	CASSLGGGVLFF	1	1	0.9888139367103577
ALSPVIPHI	CASSLGTTQETQYF	1	1	0.9937838315963745
ALSPVIPHI	CASTLSTDRGFTGELFF	1	1	0.9971972703933716
ALSPVIPHI	CASSLLWAEYNEQFF	1	1	0.9741960167884827
ALSPVIPHI	CASSVAGGGQETQYF	1	1	0.9850340485572815
ALSPVIPHI	CASSPGPNQPQHF	1	0	0.4469200372695923
ALSPVIPHI	CASSVSQKLFF	1	1	0.9977357387542725
ALSPVIPHI	CASSFGLALGDEQFF	1	0	0.008064242079854012
ALSPVIPHI	CASSARDYTGELFF	1	0	0.24783851206302643
ALSPVIPHI	CATSDSSGSNEQFF	1	1	0.6563935279846191
ALSPVIPHI	CASRDHRVIYGYTF	1	1	0.978367269039154
ALSPVIPHI	CATSELSGETQYF	1	1	0.98969966173172
ALSPVIPHI	CASSLGSGQYQETQYF	1	1	0.8633439540863037
ALSPVIPHI	CSASPGYNEQFF	1	1	0.9720759391784668
ALSPVIPHI	CASSQKPGQDHYEQYF	1	1	0.9998703002929688
ALSPVIPHI	CASTIGGDTGELFF	1	1	0.8143804669380188
ALSPVIPHI	CASSWTQETQYF	1	1	0.9974754452705383
ALSPVIPHI	CAWSAIADTDTQYF	1	1	0.9999903440475464
ALSPVIPHI	CASSPRDSLYEQYF	1	1	0.9998958110809326
ALSPVIPHI	CASSKGLAVDYTQYF	1	1	0.9962878227233887
ALSPVIPHI	CASSLGPADTQYF	1	1	0.9995512366294861
ALSPVIPHI	CASSLSGGGHTDTQYF	1	0	0.1455351561307907
ALSPVIPHI	CASSQDLMEETQYF	1	1	0.9997814297676086
ALSPVIPHI	CASSPPGTPPNYGYTF	1	1	0.7732523679733276
ALSPVIPHI	CAISERDFQETQYF	1	0	0.18904440104961395
ALSPVIPHI	CASWGPGTEGAYEQYF	1	1	0.8924301862716675
ALSPVIPHI	CACCRLFSREYGYTF	1	1	0.9999843835830688
ALSPVIPHI	CASSPHRTVLAGDTQYF	1	1	0.9478194713592529
ALSPVIPHI	CASSPWTGARGYTF	1	1	0.9987950325012207
ALSPVIPHI	CASSPEGLDNFF	1	1	0.9999693632125854
ALSPVIPHI	CATGTGGNDYEQYF	1	1	0.9839327335357666
ALSPVIPHI	CASSRYRDPPDHEQYF	1	1	0.9833815097808838
ALSPVIPHI	CASSLGRAGYGETQYF	1	0	0.019555315375328064
ALSPVIPHI	CASSLASGSNQPQHF	1	1	0.5497547388076782
ALSPVIPHI	CASTPRRLGLFPSSGNTIYF	1	1	0.9869487285614014
ALSPVIPHI	CAISEGAPNTEAFF	1	1	0.5919433236122131
ALSPVIPHI	CASSLGFNEQYF	1	1	0.8812223672866821
ALSPVIPHI	CASSLAGQENQPQHF	1	0	0.22854870557785034
ALSPVIPHI	CASSVLANTGELFF	1	1	0.9999945163726807
ALSPVIPHI	CASSDRFWEQYF	1	1	0.9941518902778625
ALSPVIPHI	CASSVGMTDYNEQFF	1	1	0.9998691082000732
ALSPVIPHI	CASSWTANTEAFF	1	1	0.9957689046859741
ALSPVIPHI	CASSQASNQPQHF	1	1	0.9998797178268433
ALSPVIPHI	CASSSQGGYGYTF	1	1	0.9985172152519226
ALSPVIPHI	CSAPGGRPQHF	1	1	0.9998854398727417
ALSPVIPHI	CASSLLPGNTGELFF	1	1	0.9998167157173157
ALSPVIPHI	CASSVTSSRGGTDTQYF	1	0	0.12302375584840775
ALSPVIPHI	CASSPGSLGHRASTDTQYF	1	1	0.9572550654411316
ALSPVIPHI	CASSIGRSPQHF	1	1	0.9907780885696411
ALSPVIPHI	CASSHFSGTFPYEQYF	1	0	0.2694779336452484
ALSPVIPHI	CASSLLRVSGANVLTF	1	1	0.999948263168335
ALSPVIPHI	CASSPSGYQPQHF	1	1	0.9999631643295288
ALSPVIPHI	CAISEFRDDQETQYF	1	1	0.9732730388641357
ALSPVIPHI	CASSLRGTDTQYF	1	1	0.6679615378379822
ALSPVIPHI	CASSLTSGGQGEQFF	1	1	0.5365066528320312
ALSPVIPHI	CASSESQGDYYGYTF	1	1	0.9873862862586975
ALSPVIPHI	CASSMRHFSYEQYF	1	1	0.817772388458252
ALSPVIPHI	CASRTTTGTGSSGNTIYF	1	1	0.8239091038703918
ALSPVIPHI	CASSIGGGLYEQYF	1	1	0.9335128664970398
ALSPVIPHI	CASSPLTGESMSEKLFF	1	1	0.9999369382858276
ALSPVIPHI	CASHISTGELFF	1	1	0.9775205254554749
ALSPVIPHI	CASSPSGLAGSNLGNEQFF	1	1	0.7858509421348572
ALSPVIPHI	CASTRGQGRDGELFF	1	0	4.938840447721304e-07
ALSPVIPHI	CASSYRRTSGRAYHEQFF	1	1	0.9929406642913818
ALSPVIPHI	CASSPGTGGFLSSYEQYF	1	1	0.884721577167511
ALSPVIPHI	CASLTRFGLYSNQPQHF	1	1	0.9994493126869202
ALSPVIPHI	CASSQGGGGTDTQYF	1	1	0.9949865341186523
ALSPVIPHI	CASSQGFGANVLTF	1	1	0.9828611612319946
ALSPVIPHI	CASSLGDRGRGYGYTF	1	0	0.0018679056083783507
ALSPVIPHI	CASSFRPPDTDRTNTGELFF	1	0	0.0027800523675978184
ALSPVIPHI	CASSLSRANSPLHF	1	1	0.9999333620071411
ALSPVIPHI	CAIRDNNEQFF	1	1	0.9971893429756165
ALSPVIPHI	CASSPRTDQETQYF	1	0	0.02843903750181198
ALSPVIPHI	CASSQDSPRAGFSDTQYF	1	1	0.5237228274345398
ALSPVIPHI	CASSLYSPAHTEAFF	1	1	0.6598049998283386
ALSPVIPHI	CASSAGSFRHPYSNQPQHF	1	0	4.6161667910382675e-07
ALSPVIPHI	CATSREWPGELFF	1	1	0.999923586845398
ALSPVIPHI	CASSAGTSGGASYNEQFF	1	1	0.7148202061653137
ALSPVIPHI	CASSIGIHGYTF	1	0	0.10249843448400497
ALSPVIPHI	CASSPGTDTQYF	1	1	0.994330883026123
ALSPVIPHI	CSVVRGSYNEQFF	1	1	0.9999892711639404
ALSPVIPHI	CASSLELGQGRETQYF	1	1	0.9974228143692017
ALSPVIPHI	CASSQGWDEQFF	1	1	0.9989594221115112
ALSPVIPHI	CASSLQGGNYGYTF	1	1	0.9740121960639954
ALSPVIPHI	CASSWGDYNEQFF	1	1	0.5368406176567078
ALSPVIPHI	CASRDATGGFEQYF	1	1	0.9974431991577148
ALSPVIPHI	CAIRWTLNNEQFF	1	1	0.9999980926513672
ALSPVIPHI	CSARDREGSIYNEQFF	1	1	0.9977388381958008
ALSPVIPHI	CASSVVGDEQYF	1	1	0.9999995231628418
ALSPVIPHI	CAWSWTDYEQYF	1	1	0.99997878074646
ALSPVIPHI	CASSQDPPDTQYF	1	1	0.9997197985649109
ALSPVIPHI	CASSIYGTSGSNEQFF	1	0	0.16830621659755707
ALSPVIPHI	CASSQVVDWISNTGELFF	1	1	0.9860174059867859
ALSPVIPHI	CASSLRGSAGNTIYF	1	0	0.19669683277606964
ALSPVIPHI	CASSLMTGGAYNEQFF	1	1	0.7950799465179443
ALSPVIPHI	CASRVKETQYF	1	1	0.9968365430831909
ALSPVIPHI	CASSLTGGGYEQYF	1	1	0.9996039271354675
ALSPVIPHI	CARQTTGTTVGYTF	1	1	0.5050073266029358
ALSPVIPHI	CASNLGGGSTDTQYF	1	1	0.8986700773239136
ALSPVIPHI	CACSIDPRGQPQHF	1	1	0.9999822378158569
ALSPVIPHI	CASSYDSTTGELFF	1	1	0.9952902793884277
ALSPVIPHI	CASRGEGSYEQYF	1	1	0.9830492734909058
ALSPVIPHI	CSARTSAGVYEQFF	1	0	0.06371186673641205
ALSPVIPHI	CASSLTQGARNTIYF	1	1	0.9919334053993225
ALSPVIPHI	CASSLRDSSSYEQYF	1	1	0.6462544798851013
ALSPVIPHI	CASSLADLLAEKLFF	1	1	0.9697298407554626
ALSPVIPHI	CASSYSQGGSYGYTF	1	1	0.9843522906303406
ALSPVIPHI	CASSEEGGLSNEKLFF	1	0	0.33349180221557617
ALSPVIPHI	CASRPWTGANEKLFF	1	1	0.9997313618659973
ALSPVIPHI	CASSISSTGELFF	1	1	0.765204906463623
ALSPVIPHI	CASSPGGGASYEQYF	1	0	0.021993106231093407
ALSPVIPHI	CASKVAGFNEQFF	1	1	0.9916404485702515
ALSPVIPHI	CASSLPGWEQYF	1	1	0.9903744459152222
ALSPVIPHI	CASSFIGTRAGQYF	1	1	0.9999387264251709
ALSPVIPHI	CASSLVNTGELFF	1	1	0.9987984895706177
ALSPVIPHI	CASSLELAGVDTQYF	1	1	0.5215357542037964
ALSPVIPHI	CASSLNNEQFF	1	1	0.9779961109161377
ALSPVIPHI	CASSSAHYGYTF	1	1	0.8706910014152527
ALSPVIPHI	CASSLNSGHTQYF	1	1	0.998879611492157
ALSPVIPHI	CASSLGTGGQFF	1	0	0.05468646064400673
ALSPVIPHI	CASSPSDPGELFF	1	1	0.9986984729766846
ALSPVIPHI	CASSSYSRYEQYF	1	1	0.9998960494995117
ALSPVIPHI	CSAPDRYLRTEAFF	1	0	0.21007227897644043
ALSPVIPHI	CASSTYRGQPQHF	1	1	0.9983727335929871
ALSPVIPHI	CSARDQSRATDTQYF	1	1	0.7007230520248413
ALSPVIPHI	CSARDLVGLAGDTDTQYF	1	1	0.9999997615814209
ALSPVIPHI	CASRGLALYNEQFF	1	1	0.9960407018661499
ALSPVIPHI	CASSEALSGGAPAETQYF	1	1	0.9999791383743286
ALSPVIPHI	CASSPLRGGVTYNEQFF	1	1	0.9960689544677734
ALSPVIPHI	CASSPGESTDTQYF	1	1	0.940089225769043
ALSPVIPHI	CASSLMTNQPQHF	1	1	0.9999997615814209
ALSPVIPHI	CASSYRGGYEQYF	1	1	0.9998550415039062
ALSPVIPHI	CASSPGREQYF	1	1	0.5408132076263428
ALSPVIPHI	CATSGDTQYF	1	1	0.5130952596664429
ALSPVIPHI	CASSYLGQMDEKLFF	1	1	0.9999594688415527
ALSPVIPHI	CASSQDHPGGYEQYF	1	1	0.9998792409896851
ALSPVIPHI	CASSGQGMGNSPLHF	1	1	0.9999998807907104
ALSPVIPHI	CASSFAQRGHRETQYF	1	1	0.7125794887542725
ALSPVIPHI	CASSLAGTGSDTQYF	1	1	0.8820558786392212
ALSPVIPHI	CASSIGDGILLTDTQYF	1	1	0.5214187502861023
ALSPVIPHI	CASSPHAGGVDEKLFF	1	0	0.003258601762354374
ALSPVIPHI	CASSPGVGTEAFF	1	1	0.9647008180618286
ALSPVIPHI	CSVEQRDTGELFF	1	1	0.9996732473373413
ALSPVIPHI	CASSPPRTSGAYEQYF	1	1	0.9661974906921387
ALSPVIPHI	CASSIAGNNEQFF	1	1	0.9825118780136108
ALSPVIPHI	CASLDRVGGYTF	1	1	0.9869657754898071
ALSPVIPHI	CASSLSWGSSYNEQFF	1	1	0.8468158841133118
ALSPVIPHI	CASSDRGTGELFF	1	1	0.998981773853302
ALSPVIPHI	CASGPLVGGGLGAYTF	1	1	0.9993168115615845
ALSPVIPHI	CASSQDLGVDGYTF	1	0	0.27784138917922974
ALSPVIPHI	CASSVGRTLDYGYTF	1	1	0.6370993852615356
ALSPVIPHI	CASSFPVTAITGNTEAFF	1	1	0.9200968146324158
ALSPVIPHI	CASSQEASGGKETQYF	1	0	0.2760200798511505
ALSPVIPHI	CASSQGGDEQFF	1	0	0.24827633798122406
ALSPVIPHI	CASSLINTGELFF	1	1	0.9995649456977844
ALSPVIPHI	CASSHQAGALYNEQFF	1	1	0.9994878768920898
ALSPVIPHI	CASAGERSEQFF	1	1	0.9704887866973877
ALSPVIPHI	CASSWTGMNTEAFF	1	1	0.9989318251609802
ALSPVIPHI	CASSYLTGADGYTF	1	1	0.9999369382858276
ALSPVIPHI	CSARYRDTGELFF	1	1	0.9929909706115723
ALSPVIPHI	CASSQTAGTGELFF	1	1	0.9873572587966919
ALSPVIPHI	CASSLLPEGTGRVSGYTF	1	1	0.9999915361404419
ALSPVIPHI	CASSLHLMNTEAFF	1	1	0.9977980852127075
ALSPVIPHI	CASSYGGEQPQHF	1	1	0.9991408586502075
ALSPVIPHI	CASSDPTGGYETQYF	1	1	0.9378811717033386
ALSPVIPHI	CASSLGGTSTAETQYF	1	1	0.9974204301834106
ALSPVIPHI	CASSHHSGGIYNEQFF	1	1	0.8932143449783325
ALSPVIPHI	CASSIGTGRTHNEQFF	1	0	0.03126008063554764
ALSPVIPHI	CASRESLLAGGPDTQYF	1	1	0.9094333052635193
ALSPVIPHI	CSARGKGAISHHTEAFF	1	0	0.0005635657580569386
ALSPVIPHI	CASSYSERDTEKLFF	1	1	0.9924994111061096
ALSPVIPHI	CASSQDRASYNEQFF	1	0	0.09074500948190689
ALSPVIPHI	CASRRSLQGARGGYTF	1	1	0.9962161183357239
ALSPVIPHI	CATSPTRSTTDTQYF	1	0	0.0566716305911541
ALSPVIPHI	CASSERQLPYEQYF	1	0	0.32900264859199524
ALSPVIPHI	CASTRGQRNGAFF	1	1	0.9999916553497314
ALSPVIPHI	CASTTYNEQFF	1	1	0.8396636247634888
ALSPVIPHI	CSLSGGQHNEQFF	1	1	0.9975679516792297
ALSPVIPHI	CASSEYGGYTF	1	1	0.9453742504119873
ALSPVIPHI	CASSSQSTGTAGVYEQYF	1	1	0.998173713684082
ALSPVIPHI	CASSRVGSPLHF	1	1	0.9999973773956299
ALSPVIPHI	CASSTPDTPSSYNEQFF	1	1	0.9401986002922058
ALSPVIPHI	CATSDYGYTF	1	0	0.41621050238609314
ALSPVIPHI	CASSFGLDHGTGELFF	1	0	0.003004120197147131
ALSPVIPHI	CAWSVTPGYNEQFF	1	1	0.9433404803276062
ALSPVIPHI	CSARVGDTGELFF	1	1	0.8012217879295349
ALSPVIPHI	CASGGKVFPPYEQYF	1	0	0.0012353761121630669
ALSPVIPHI	CASRELGQETQYF	1	1	0.9988498687744141
ALSPVIPHI	CASSQEDSWGDTQYF	1	1	0.985504686832428
ALSPVIPHI	CSANPRTTLYEQYF	1	1	0.9999747276306152
ALSPVIPHI	CASSLGVGRGFTEAFF	1	0	0.032119303941726685
ALSPVIPHI	CASSSGTSGSADTQYF	1	0	0.10601583123207092
ALSPVIPHI	CASSLGTGYEQYF	1	1	0.9970819354057312
ALSPVIPHI	CASSLVGLGTEAFF	1	1	0.9999997615814209
ALSPVIPHI	CSAPLGEGGYTF	1	0	0.38211897015571594
ALSPVIPHI	CASSYSVRDYEQYF	1	1	0.999822199344635
ALSPVIPHI	CASSPKAGGPGEQFF	1	0	0.0481567420065403
ALSPVIPHI	CASSFAGLNYGYTF	1	1	0.999599039554596
ALSPVIPHI	CASSLVPTADVLTF	1	1	0.9999979734420776
ALSPVIPHI	CASSQAGTGFYGYTF	1	0	0.20507323741912842
ALSPVIPHI	CASITRLAGELFF	1	1	0.9998447895050049
ALSPVIPHI	CASRLTRGAGETQYF	1	1	0.9942333102226257
ALSPVIPHI	CASSQEAREVVYEQYF	1	0	0.15848129987716675
ALSPVIPHI	CASSEFGTFQETQYF	1	1	0.9999876022338867
ALSPVIPHI	CASRTRLGRNEQFF	1	1	0.8957305550575256
ALSPVIPHI	CASSVGQGNQPQHF	1	1	0.9900650382041931
ALSPVIPHI	CASGLVPGGGSDGYTF	1	1	0.9973359704017639
ALSPVIPHI	CSARSLAVSTDTQYF	1	1	0.996552586555481
ALSPVIPHI	CASSLSVVSGELFF	1	1	0.9469071626663208
ALSPVIPHI	CASSPPADEALYGYTF	1	1	0.9998008608818054
ALSPVIPHI	CASSPTSGSRETQYF	1	1	0.9878016114234924
ALSPVIPHI	CASSLAAGGSYGYTF	1	0	0.017603350803256035
ALSPVIPHI	CSAIPLGEPYEQYF	1	1	0.9999958276748657
ALSPVIPHI	CASSVSGPPTGELFF	1	0	0.13089121878147125
ALSPVIPHI	CAISSDSGDEQFF	1	1	0.9669656753540039
ALSPVIPHI	CAASQNTEAFF	1	1	0.9996393918991089
ALSPVIPHI	CASSQDYNEQFF	1	1	0.998191773891449
ALSPVIPHI	CASSIARTGEAVNEQFF	1	1	0.999805748462677
ALSPVIPHI	CASSPGTGDLETQYF	1	1	0.9924351572990417
ALSPVIPHI	CASQAGVFTDTQYF	1	1	0.8761734366416931
ALSPVIPHI	CATSEAASSWTGELFF	1	1	0.9949536919593811
ALSPVIPHI	CASSPSGLAGYNEQFF	1	1	0.9872456789016724
ALSPVIPHI	CASSEGVNEQFF	1	1	0.9898753762245178
ALSPVIPHI	CSARHLANNEQFF	1	1	0.9999997615814209
ALSPVIPHI	CASSYVGNTGELFF	1	1	0.9981426000595093
ALSPVIPHI	CASSEDNRGRYEQYF	1	0	0.34728381037712097
ALSPVIPHI	CASSPDGLTENTEAFF	1	0	0.0985104963183403
ALSPVIPHI	CATSRDWTGSAETQYF	1	0	0.3739575147628784
ALSPVIPHI	CASSLWAGNTIYF	1	1	0.9998904466629028
ALSPVIPHI	CASSKKGLSNEQFF	1	1	0.9997842907905579
ALSPVIPHI	CASSSSGYNEQFF	1	1	0.9999903440475464
ALSPVIPHI	CASKGLAGYNEQFF	1	1	0.9999942779541016
ALSPVIPHI	CASSLARIYTYNEQFF	1	1	0.9999785423278809
ALSPVIPHI	CASSPSSGESTDTQYF	1	1	0.9626868963241577
ALSPVIPHI	CSAEVPGANTGELFF	1	1	0.9083163142204285
ALSPVIPHI	CATSDVAGGGGEQFF	1	0	0.006073560565710068
ALSPVIPHI	CASRRTGVVEKLFF	1	1	0.9999908208847046
ALSPVIPHI	CASITKDRAYEQYF	1	1	0.9778566956520081
ALSPVIPHI	CSVEIGWGQGDNGDYGYTF	1	1	0.9682394862174988
ALSPVIPHI	CASSLSGGRTKNIQYF	1	0	0.4914676547050476
ALSPVIPHI	CASSAFVETQYF	1	1	0.9116470813751221
ALSPVIPHI	CASRQLAGFYEQYF	1	1	0.7599396705627441
ALSPVIPHI	CASSRGGGSYNEQFF	1	1	0.7394819855690002
ALSPVIPHI	CASRIQGRQPQHF	1	1	0.9834445714950562
ALSPVIPHI	CASSFRGPNLYTEAFF	1	1	0.6216883063316345
ALSPVIPHI	CASSLENTGELFF	1	1	0.9163249731063843
ALSPVIPHI	CASSPTSAPGLFSGNTIYF	1	1	0.9999490976333618
ALSPVIPHI	CASSQVGDEQFF	1	1	0.9935833811759949
ALSPVIPHI	CASSQDAGITYEQYF	1	1	0.8657758831977844
ALSPVIPHI	CATSSMGYSNQPQHF	1	0	0.4126986265182495
ALSPVIPHI	CASSDGGSSGNTIYF	1	1	0.9999393224716187
ALSPVIPHI	CASSVGADEYYEQYF	1	1	0.9999960660934448
ALSPVIPHI	CASIGSGYNEQFF	1	1	0.9999998807907104
ALSPVIPHI	CASSPEGRRMGPTNEKLFF	1	1	0.9984475374221802
ALSPVIPHI	CASSHEWGSNTGELFF	1	0	0.38204309344291687
ALSPVIPHI	CASSPRTSGNTYEQYF	1	0	0.003911047242581844
ALSPVIPHI	CASTPGQGASTEAFF	1	0	0.050122540444135666
ALSPVIPHI	CASSQGTISYEQYF	1	1	0.8959940671920776
ALSPVIPHI	CSGLLAGTDTQYF	1	1	0.9999244213104248
ALSPVIPHI	CASSLLGGRGNTGELFF	1	1	0.9986687898635864
ALSPVIPHI	CASSLGETGGIQFF	1	0	0.0005090827471576631
ALSPVIPHI	CASSIGATEAFF	1	1	0.9977545142173767
ALSPVIPHI	CASSEGGGYEQYF	1	1	0.9366890788078308
ALSPVIPHI	CSVDQGSGELFF	1	1	0.9998205304145813
ALSPVIPHI	CASSALTGPNTEAFF	1	1	0.9968608617782593
ALSPVIPHI	CASGGGQGGNNEQFF	1	1	0.9953926801681519
ALSPVIPHI	CASSQVGRGRGAFF	1	1	0.9999945163726807
ALSPVIPHI	CASSLSGGLLRTGELFF	1	1	0.7945795059204102
ALSPVIPHI	CASSLDGATNEKLFF	1	1	0.9500585198402405
ALSPVIPHI	CASSPTLYNEQFF	1	1	0.9999970197677612
ALSPVIPHI	CASSFWGLAGGYNEQFF	1	1	0.9999915361404419
ALSPVIPHI	CAWGIPRQDNNEKLFF	1	1	0.8836624622344971
ALSPVIPHI	CASSQDSGPQYEQYF	1	0	0.1650310903787613
ALSPVIPHI	CATSETVAGGTGELFF	1	1	0.5776732563972473
ALSPVIPHI	CAWSAASGGAQDTQYF	1	1	0.9919406771659851
ALSPVIPHI	CASSLTSGSISTQYF	1	0	1.1989965059910901e-05
ALSPVIPHI	CASSYSSRLQYF	1	1	1.0
ALSPVIPHI	CASARGWGPAGGELFF	1	0	0.0025572802405804396
ALSPVIPHI	CASSPPDDEQYF	1	1	0.9995762705802917
ALSPVIPHI	CASSLGGEQYF	1	1	0.8541697263717651
ALSPVIPHI	CASSSDPSTDTQYF	1	0	0.0644727349281311
ALSPVIPHI	CASSQGGRSTDTQYF	1	0	0.01298126857727766
ALSPVIPHI	CSVELSHSYEQYF	1	1	0.9998775720596313
ALSPVIPHI	CASSQDSSETQYF	1	1	0.9985051155090332
ALSPVIPHI	CASSTSTGQGWHYGYTF	1	1	0.9999533891677856
ALSPVIPHI	CASKRQGLHAEQYF	1	1	0.9783276915550232
ALSPVIPHI	CASSQDVTSEWVDTIYF	1	1	0.9999837875366211
ALSPVIPHI	CASSAHTSGGKNIQYF	1	0	0.002490320708602667
ALSPVIPHI	CASSPGTVKETQYF	1	1	0.9988792538642883
