FLNKVVSTT	CASSPSSGESTDTQYF	1	1	0.999980092048645
FLNKVVSTT	CASSRGGGSYNEQFF	1	0	0.004939128644764423
FLNKVVSTT	CASSPGVGTEAFF	1	1	0.7996737360954285
FLNKVVSTT	CASSLGTSGSTDTQYF	1	1	0.9997459053993225
FLNKVVSTT	CASSHEWGSNTGELFF	1	1	0.690048098564148
FLNKVVSTT	CASSVERENTGELFF	1	1	0.9997544884681702
FLNKVVSTT	CASSLNEQEGQPQHF	1	1	0.9882932305335999
FLNKVVSTT	CSAEVPGANTGELFF	1	1	0.9811428189277649
FLNKVVSTT	CASSYRRTSGRAYHEQFF	1	1	0.9983776807785034
FLNKVVSTT	CASSLVSPSEQFF	1	1	0.9826446175575256
FLNKVVSTT	CASSGRVTGGFYNEQFF	1	1	0.9778226017951965
FLNKVVSTT	CASSQDLGARMGETQYF	1	1	0.999957799911499
FLNKVVSTT	CATSRDWTGSAETQYF	1	0	0.004815340973436832
FLNKVVSTT	CASSLINTGELFF	1	0	0.1310528963804245
FLNKVVSTT	CASSPPRLGAFF	1	1	0.999997615814209
FLNKVVSTT	CASRTRLGRNEQFF	1	1	0.5136502385139465
FLNKVVSTT	CASSGTGVTGELFF	1	1	0.8421826958656311
FLNKVVSTT	CASSLGDVQNTEAFF	1	1	0.9999996423721313
FLNKVVSTT	CASSLRGTGAYGYTF	1	0	1.21751536426018e-05
FLNKVVSTT	CASSYLGQMDEKLFF	1	1	0.9943361878395081
FLNKVVSTT	CASSEDNRGRYEQYF	1	1	0.999944806098938
FLNKVVSTT	CASRAGGWTLPSNYGYTF	1	0	0.08669870346784592
FLNKVVSTT	CASSLGPVYEQYF	1	1	0.7152221202850342
FLNKVVSTT	CASSLGDRGRGYGYTF	1	0	0.40355053544044495
FLNKVVSTT	CASSFGAGAKAGELFF	1	1	0.7585602402687073
FLNKVVSTT	CASSLLAVDNEQFF	1	1	0.9997220635414124
FLNKVVSTT	CASTRGQRNGAFF	1	1	0.6820435523986816
FLNKVVSTT	CASSIALSTFQPQHF	1	1	0.998110294342041
FLNKVVSTT	CASSLSYNSPLHF	1	1	0.9213066697120667
FLNKVVSTT	CASSLAGYEQYF	1	1	0.9998416900634766
FLNKVVSTT	CSARDLVGLAGDTDTQYF	1	1	1.0
FLNKVVSTT	CASSAGTSGGASYNEQFF	1	1	0.6865635514259338
FLNKVVSTT	CASSPPGTPPNYGYTF	1	1	0.8180050849914551
FLNKVVSTT	CASSVGRTLDYGYTF	1	1	0.6194136142730713
FLNKVVSTT	CASFDRTQGFSGANVLTF	1	1	0.9110751748085022
FLNKVVSTT	CASSFLGQGDSPLHF	1	1	0.9336820244789124
FLNKVVSTT	CASTIGGDTGELFF	1	0	0.12745685875415802
FLNKVVSTT	CASSPSGLAGSNLGNEQFF	1	0	0.3742809593677521
FLNKVVSTT	CASSLFTGTNEQFF	1	1	0.997305154800415
FLNKVVSTT	CASSPGTVKETQYF	1	1	0.9999828338623047
FLNKVVSTT	CSASSTHSNQPQHF	1	1	0.9991459846496582
FLNKVVSTT	CSARTSAGVYEQFF	1	1	0.9947991371154785
FLNKVVSTT	CATSRVKTSGGYEQYF	1	1	0.9967679977416992
FLNKVVSTT	CASSFGLDHGTGELFF	1	1	0.5086613297462463
FLNKVVSTT	CASSPRSSGGRYNEQFF	1	1	0.8438582420349121
FLNKVVSTT	CAWSVRGVNPYNEQFF	1	1	0.9999176263809204
FLNKVVSTT	CASIDRSYEQYF	1	1	0.9670334458351135
FLNKVVSTT	CASSLGTGGTEAFF	1	1	0.9461919069290161
FLNKVVSTT	CASSLDRNTEAFF	1	1	0.9999991655349731
FLNKVVSTT	CSARTGGDGYTF	1	1	0.9995496869087219
FLNKVVSTT	CASSQEIGVYGYTF	1	1	0.9998525381088257
FLNKVVSTT	CASSSTRGWADTQYF	1	1	0.9999819993972778
FLNKVVSTT	CASSSGVGQEAHEQYF	1	0	5.5328877351712435e-05
FLNKVVSTT	CASSWREGTDTQYF	1	1	0.9811120629310608
FLNKVVSTT	CASSPERGEETQYF	1	1	0.9999973773956299
FLNKVVSTT	CATSREWPGELFF	1	1	0.9999773502349854
FLNKVVSTT	CSAWAQGSGYEQYF	1	1	0.9991075396537781
FLNKVVSTT	CASGGKVFPPYEQYF	1	1	0.7414888143539429
FLNKVVSTT	CASSYGGEQPQHF	1	0	0.010540995746850967
FLNKVVSTT	CASSYDSRETQYF	1	1	0.992984414100647
FLNKVVSTT	CASSTSTGQGWHYGYTF	1	1	0.9999418258666992
FLNKVVSTT	CASSLVNTGELFF	1	1	0.9280366897583008
FLNKVVSTT	CASSLGGTSTAETQYF	1	1	0.9999892711639404
FLNKVVSTT	CASSLSGGRTKNIQYF	1	0	0.19356267154216766
FLNKVVSTT	CASSLMTGGAYNEQFF	1	1	0.9789628982543945
FLNKVVSTT	CASQAGVFTDTQYF	1	0	0.013802683912217617
FLNKVVSTT	CASSFPGQGNTQYF	1	1	0.9997188448905945
FLNKVVSTT	CAASQNTEAFF	1	1	0.9999996423721313
FLNKVVSTT	CAISEEVSGGVGANEQFF	1	1	0.9996347427368164
FLNKVVSTT	CASSFPGYGYTF	1	1	0.991290807723999
FLNKVVSTT	CASSQYAVRVGDTEAFF	1	1	0.9964722394943237
FLNKVVSTT	CASSYGTLPSEQFF	1	1	0.9691258668899536
FLNKVVSTT	CSVEQRDTGELFF	1	1	0.9999995231628418
FLNKVVSTT	CASSFIGTRAGQYF	1	1	0.9921595454216003
FLNKVVSTT	CATSETVAGGTGELFF	1	1	0.8814692497253418
FLNKVVSTT	CASFGGTGELFF	1	0	0.0004444057703949511
FLNKVVSTT	CASKPGAIEAFF	1	0	0.005567661952227354
FLNKVVSTT	CASSLTGESYEQYF	1	1	0.9915778636932373
FLNKVVSTT	CASSYWEAGGETQYF	1	1	0.9999467134475708
FLNKVVSTT	CAIRDNNEQFF	1	0	0.025134995579719543
FLNKVVSTT	CASSPRDEQFF	1	1	0.9528683423995972
FLNKVVSTT	CSVEDGYEQYF	1	1	0.9979832172393799
FLNKVVSTT	CASSYSSRLQYF	1	1	1.0
FLNKVVSTT	CASSDQLLEEWSSYNEQFF	1	0	0.0007163300178945065
FLNKVVSTT	CASSRVGSPLHF	1	1	0.9999974966049194
FLNKVVSTT	CASSFLAGQRTDTEAFF	1	1	0.8670551180839539
FLNKVVSTT	CASSMNPQGGSSPLHF	1	1	0.9999052286148071
FLNKVVSTT	CSARDLEVLSYEQYF	1	1	1.0
FLNKVVSTT	CASSLDAETQYF	1	1	0.9970589876174927
FLNKVVSTT	CASSLGTSGRAGETQYF	1	1	0.9497954845428467
FLNKVVSTT	CAISEFRDDQETQYF	1	1	0.9885071516036987
FLNKVVSTT	CSATGLRTSYEQYF	1	1	0.9999141693115234
FLNKVVSTT	CASSPRQRSGNTIYF	1	1	0.9827579855918884
FLNKVVSTT	CASSQVGDEQFF	1	1	0.9998472929000854
FLNKVVSTT	CASSRDRGLGYTF	1	1	0.9944137334823608
FLNKVVSTT	CASSGDPKAYEQYF	1	0	0.3311045169830322
FLNKVVSTT	CASSLMTNQPQHF	1	1	0.9999964237213135
FLNKVVSTT	CASSIGATEAFF	1	1	0.9718884229660034
FLNKVVSTT	CASSLPGQMIRWDTEAFF	1	1	0.8656740188598633
FLNKVVSTT	CASSVAGGGQETQYF	1	1	0.9996923208236694
FLNKVVSTT	CASSLVDSARSYEQYF	1	0	0.1354290097951889
FLNKVVSTT	CASSRDTVNTEAFF	1	1	0.7175435423851013
FLNKVVSTT	CASTRGQGRDGELFF	1	0	5.553439223149326e-06
FLNKVVSTT	CASSQEAREVVYEQYF	1	1	0.9977929592132568
FLNKVVSTT	CSARIAGAKNIQYF	1	1	1.0
FLNKVVSTT	CASSSGEGTEAYNEQFF	1	0	0.2768222689628601
FLNKVVSTT	CASSLSVVSGELFF	1	1	0.557439386844635
FLNKVVSTT	CASGPLVGGGLGAYTF	1	1	0.9217299222946167
FLNKVVSTT	CASSLSRSQPPNQPQHF	1	0	0.4004686176776886
FLNKVVSTT	CASRVKETQYF	1	1	0.9998093247413635
FLNKVVSTT	CASSEGWHSYEQYF	1	0	0.09986718744039536
FLNKVVSTT	CASSLGTGYEQYF	1	1	0.9942752718925476
FLNKVVSTT	CASSYPLGTQYF	1	1	0.7972827553749084
FLNKVVSTT	CASSVSGANYNEQFF	1	0	0.11894267052412033
FLNKVVSTT	CASSLSGGGHTDTQYF	1	1	0.9982301592826843
FLNKVVSTT	CASSLTNPRQGAYNEQFF	1	0	0.02411084622144699
FLNKVVSTT	CASSQASNQPQHF	1	0	0.3373290002346039
FLNKVVSTT	CASSGQGMGNSPLHF	1	1	0.9999977350234985
FLNKVVSTT	CASSLQGGNYGYTF	1	1	0.8613718152046204
FLNKVVSTT	CASVYLAGTMDTQYF	1	1	0.99972003698349
FLNKVVSTT	CASSLYGSRPQHF	1	1	0.9993187189102173
FLNKVVSTT	CASSWTANTEAFF	1	1	0.9962347149848938
FLNKVVSTT	CASTPGQGASTEAFF	1	0	0.1586013287305832
FLNKVVSTT	CASSPPHPTGPTDTQYF	1	0	0.3117964565753937
FLNKVVSTT	CASSLRGTDTQYF	1	1	0.9970102310180664
FLNKVVSTT	CASSQDMGWGTDTQYF	1	1	0.999988317489624
FLNKVVSTT	CASSANRGPDTEAFF	1	1	0.9983851909637451
FLNKVVSTT	CASSPTLYNEQFF	1	1	0.9998884201049805
FLNKVVSTT	CAWKPTGLGYGYTF	1	1	0.9897987842559814
FLNKVVSTT	CAWSVPLGRREKLFF	1	1	0.9999998807907104
FLNKVVSTT	CASSIETGTEITGELFF	1	1	0.9994196891784668
FLNKVVSTT	CASSPSGLAGYNEQFF	1	0	0.44298216700553894
FLNKVVSTT	CASSNRGYDEQYF	1	1	0.6935322880744934
FLNKVVSTT	CASSQERDRVYEQYF	1	0	0.0645313560962677
FLNKVVSTT	CASSLNSGHTQYF	1	1	0.9974119067192078
FLNKVVSTT	CASSLMVNEQYF	1	1	0.9992892742156982
FLNKVVSTT	CASSIGGGLYEQYF	1	0	0.34054040908813477
FLNKVVSTT	CASSLTGTVDGYTF	1	1	0.5481029152870178
FLNKVVSTT	CASSVGMTDYNEQFF	1	1	0.9995636343955994
FLNKVVSTT	CASNWFRDNTGELFF	1	0	0.34147924184799194
FLNKVVSTT	CGWPGQTNTGELFF	1	1	0.9974396228790283
FLNKVVSTT	CASSDRAGVVTDTQYF	1	1	0.807371199131012
FLNKVVSTT	CASSLADLLAEKLFF	1	1	0.9999971389770508
FLNKVVSTT	CASSLSWGSSYNEQFF	1	0	0.15067200362682343
FLNKVVSTT	CASATWGDPNQPQHF	1	1	0.9438968896865845
FLNKVVSTT	CATSTGDSNQPQHF	1	0	0.06972672790288925
FLNKVVSTT	CASSEWALPNEQFF	1	1	0.9999837875366211
FLNKVVSTT	CASSFWTSGYEQYF	1	1	0.9990173578262329
FLNKVVSTT	CASSSGRAGITDTQYF	1	1	0.7642031908035278
FLNKVVSTT	CASTPGGYEQYF	1	0	0.2150052785873413
FLNKVVSTT	CASSLLPEGTGRVSGYTF	1	1	0.9462572932243347
FLNKVVSTT	CASSLLPGNTGELFF	1	1	0.9996827840805054
FLNKVVSTT	CSVEGSGGTQYF	1	1	0.9999997615814209
FLNKVVSTT	CASSQDSHSTSTDTQYF	1	1	0.9251301288604736
FLNKVVSTT	CASSLFPGQGSDDEQFF	1	1	0.9999996423721313
FLNKVVSTT	CASSVSQKLFF	1	1	0.9656804203987122
FLNKVVSTT	CASSEGGGYEQYF	1	0	0.008980975486338139
FLNKVVSTT	CASSTSSSWTQYF	1	0	0.0009079203591682017
FLNKVVSTT	CASSVGGGGSTDTQYF	1	1	0.9831221699714661
FLNKVVSTT	CASSQKPGQDHYEQYF	1	1	0.9921097159385681
FLNKVVSTT	CASSPTSGSRETQYF	1	1	0.999893069267273
FLNKVVSTT	CASSSGTSGSADTQYF	1	1	0.5547857284545898
FLNKVVSTT	CASSISSTGELFF	1	0	0.0021207034587860107
FLNKVVSTT	CASSLRDSSSYEQYF	1	1	0.7463016510009766
FLNKVVSTT	CASSSAHYGYTF	1	0	0.0882270336151123
FLNKVVSTT	CASSQDPPDTQYF	1	1	0.9999971389770508
FLNKVVSTT	CASSLGQGPYEQYF	1	1	0.9349234104156494
FLNKVVSTT	CASSLGSGGGETQYF	1	1	0.9996823072433472
FLNKVVSTT	CASSLTSGGQGEQFF	1	1	0.9780884385108948
FLNKVVSTT	CASSHFSGTFPYEQYF	1	0	0.2927950322628021
FLNKVVSTT	CASSEWTGNTEAFF	1	1	0.9996824264526367
FLNKVVSTT	CASSYSVRDYEQYF	1	1	0.7939427495002747
FLNKVVSTT	CASTVFQGSTNEQFF	1	0	0.09629084169864655
FLNKVVSTT	CASRIGTTNEQYF	1	0	0.03747868537902832
FLNKVVSTT	CASSIDRWTQGNQPQHF	1	1	0.9998852014541626
FLNKVVSTT	CATSRNRGDGYTF	1	1	0.7058734893798828
FLNKVVSTT	CASSEFGTFQETQYF	1	1	0.9999312162399292
FLNKVVSTT	CASSVSQGYEQFF	1	1	0.9405820369720459
FLNKVVSTT	CASSLSGYEQYF	1	1	0.9997467398643494
FLNKVVSTT	CASTFIFVRGADSSYEQYF	1	1	0.9684595465660095
FLNKVVSTT	CASGFPIYRDKSTDTQYF	1	1	0.6969661712646484
FLNKVVSTT	CASSPLRGGVTYNEQFF	1	1	0.9999692440032959
FLNKVVSTT	CASSQGGGGTDTQYF	1	1	0.9994237422943115
FLNKVVSTT	CASSLYSPAHTEAFF	1	1	0.9998225569725037
FLNKVVSTT	CASLGTPGLAGSSYEQYF	1	1	0.9999977350234985
FLNKVVSTT	CASSSVAFDSGNTIYF	1	1	0.9999997615814209
FLNKVVSTT	CASSLGGPPTYEQYF	1	0	0.07901529967784882
FLNKVVSTT	CASSQWTGSNYGYTF	1	0	0.004838424734771252
FLNKVVSTT	CASSEALAGSTDTQYF	1	1	0.9990192651748657
FLNKVVSTT	CSASGTLDTEAFF	1	1	0.9999994039535522
FLNKVVSTT	CASSPYPRTGGTDTQYF	1	1	0.9999308586120605
FLNKVVSTT	CASSSQGGYGYTF	1	1	0.9017447829246521
FLNKVVSTT	CASSPHRTVLAGDTQYF	1	1	0.9887579083442688
FLNKVVSTT	CASSLTRTALNTEAFF	1	1	0.9999128580093384
FLNKVVSTT	CASSLVPTADVLTF	1	1	0.9999998807907104
FLNKVVSTT	CASSRNPGTGTYNEQFF	1	1	0.9994788765907288
FLNKVVSTT	CASSDATSGTYLYNEQFF	1	1	0.9994565844535828
FLNKVVSTT	CASSTSGETGELFF	1	1	0.9975255131721497
FLNKVVSTT	CASSLPGWEQYF	1	1	0.8551382422447205
FLNKVVSTT	CASRGLGSGGYEQYF	1	1	0.9878502488136292
FLNKVVSTT	CASRELGQETQYF	1	1	0.837409496307373
FLNKVVSTT	CASGFGHSNSPLHF	1	0	0.00023068128211889416
FLNKVVSTT	CASRMGHTDTQYF	1	1	0.9853834509849548
FLNKVVSTT	CASRQTSGTYNEQFF	1	1	0.846733570098877
FLNKVVSTT	CASSPQGDSASSGNTIYF	1	1	0.9999910593032837
FLNKVVSTT	CASSLEGDPSYEQYF	1	1	0.9033546447753906
FLNKVVSTT	CASRTLRGHVSEAFF	1	1	0.9997166991233826
FLNKVVSTT	CASSSQSTGTAGVYEQYF	1	1	0.7922915816307068
FLNKVVSTT	CASSPGTGDLETQYF	1	1	0.97746741771698
FLNKVVSTT	CASSLPTRQNLASYEYGYTF	1	1	0.6580517292022705
FLNKVVSTT	CATSEAASSWTGELFF	1	1	0.9997287392616272
FLNKVVSTT	CATTFRGYEQYF	1	1	0.9950952529907227
FLNKVVSTT	CASSLAGVIETQYF	1	1	0.9958272576332092
FLNKVVSTT	CASSPRGSYWDEQYF	1	1	0.6981233358383179
FLNKVVSTT	CAISESNDGNEQFF	1	1	0.9983596205711365
FLNKVVSTT	CASRHSQGAPSWYQETQYF	1	1	0.9999390840530396
FLNKVVSTT	CASSDGGSSGNTIYF	1	1	0.9999778270721436
FLNKVVSTT	CASSQDRAGWIDEQFF	1	1	0.9547619223594666
FLNKVVSTT	CASSPLPGGVNEQFF	1	1	0.9094909429550171
FLNKVVSTT	CASSQDSGPQYEQYF	1	0	0.17690150439739227
FLNKVVSTT	CASSADQLEQFF	1	1	0.9999961853027344
FLNKVVSTT	CASSLTGDHTDTQYF	1	1	0.9402468800544739
FLNKVVSTT	CASSLLGGSYEQYF	1	1	0.9936589598655701
FLNKVVSTT	CASSLSRANSPLHF	1	1	0.994506299495697
FLNKVVSTT	CASSLTQGARNTIYF	1	1	0.9999995231628418
FLNKVVSTT	CASSYVGNTGELFF	1	0	0.031665388494729996
FLNKVVSTT	CASSYLTGADGYTF	1	1	0.9765932559967041
FLNKVVSTT	CASSLAGQENQPQHF	1	1	0.7796375155448914
FLNKVVSTT	CASSYSQGGSYGYTF	1	0	0.03282475844025612
FLNKVVSTT	CASRPGTASYEQYF	1	1	0.6104653477668762
FLNKVVSTT	CSARGKGAISHHTEAFF	1	1	0.9996981620788574
FLNKVVSTT	CASSQVRQGLNQPQHF	1	1	0.9992759823799133
FLNKVVSTT	CASSYSERDTEKLFF	1	1	0.9992983341217041
FLNKVVSTT	CASSPGREQYF	1	1	0.8267223834991455
FLNKVVSTT	CASSPWTGARGYTF	1	1	0.9642829895019531
FLNKVVSTT	CASSLKVRDEQFF	1	0	0.40187618136405945
FLNKVVSTT	CASSLELAGVDTQYF	1	1	0.9964712858200073
FLNKVVSTT	CASSLLGTEAFF	1	1	0.9999943971633911
FLNKVVSTT	CASSLGFNEQYF	1	0	0.45700836181640625
FLNKVVSTT	CASSLIRDITYEQYF	1	1	0.9772520065307617
FLNKVVSTT	CASSIGIHGYTF	1	0	0.013879889622330666
FLNKVVSTT	CASSLASTGLTQETQYF	1	1	0.999983549118042
FLNKVVSTT	CASSVTSSRGGTDTQYF	1	1	0.9445143938064575
FLNKVVSTT	CASSPGPNQPQHF	1	0	0.000286943803075701
FLNKVVSTT	CASSLLGSNQETQYF	1	1	0.9993122816085815
FLNKVVSTT	CASSIGRSPQHF	1	1	0.9999502897262573
FLNKVVSTT	CASSQVGTGVHEQFF	1	1	0.9096449017524719
FLNKVVSTT	CASSQGFGANVLTF	1	0	0.022048812359571457
FLNKVVSTT	CASSFRPPDTDRTNTGELFF	1	0	0.009271867573261261
FLNKVVSTT	CASSLSGGLLRTGELFF	1	1	0.999396562576294
FLNKVVSTT	CASTFAHAGDSNEQFF	1	0	0.23068928718566895
FLNKVVSTT	CASSFGLALGDEQFF	1	1	0.9848347902297974
FLNKVVSTT	CASSIAGNNEQFF	1	0	0.2798973023891449
FLNKVVSTT	CASSQGAGGLVFYEQYF	1	0	0.034133996814489365
FLNKVVSTT	CASSPSGYQPQHF	1	1	0.904937207698822
FLNKVVSTT	CASSPIELVTYNEQFF	1	1	0.9999849796295166
FLNKVVSTT	CASSATSNQPQHF	1	1	0.7872926592826843
FLNKVVSTT	CASSLAGTGSDTQYF	1	1	0.9999958276748657
FLNKVVSTT	CASSLSVSSYNEQFF	1	1	0.9288662672042847
FLNKVVSTT	CSGLLAGTDTQYF	1	1	1.0
FLNKVVSTT	CSVELSHSYEQYF	1	1	0.9999755620956421
FLNKVVSTT	CASSELPAGGTNEQFF	1	0	0.05415290221571922
FLNKVVSTT	CAWSWTDYEQYF	1	1	0.9999998807907104
FLNKVVSTT	CSVEIGWGQGDNGDYGYTF	1	1	0.9999991655349731
FLNKVVSTT	CASTPGSEPLHF	1	1	0.9907236695289612
FLNKVVSTT	CAISSDSGDEQFF	1	1	0.5406612753868103
FLNKVVSTT	CSVEAEGTATNEKLFF	1	1	0.9561165571212769
FLNKVVSTT	CASSWVPPGQGRTGELFF	1	0	0.026866238564252853
FLNKVVSTT	CSANDRGRGYNSPLHF	1	1	0.9999724626541138
FLNKVVSTT	CASSQDPGPDTQYF	1	1	0.9999814033508301
FLNKVVSTT	CASSPSDPGELFF	1	1	1.0
FLNKVVSTT	CASSVSGPPTGELFF	1	1	0.9883283972740173
FLNKVVSTT	CATGTGGNDYEQYF	1	1	0.964766263961792
FLNKVVSTT	CASSLFPGQDRGRDQPQHF	1	1	0.9825056791305542
FLNKVVSTT	CASSLMGGGNTIYF	1	1	0.9988076686859131
FLNKVVSTT	CASSSETGWGTEAFF	1	1	0.9999904632568359
FLNKVVSTT	CASSATGTGRTSAWYNEQFF	1	1	0.9350779056549072
FLNKVVSTT	CSASPGYNEQFF	1	1	0.9979165196418762
FLNKVVSTT	CASSLDGPSGSPHEQYF	1	1	0.9999672174453735
FLNKVVSTT	CASHISTGELFF	1	1	0.9982089996337891
FLNKVVSTT	CASSQDRASYNEQFF	1	1	0.6215769648551941
FLNKVVSTT	CASSPGRGDSPLHF	1	1	0.9177453517913818
FLNKVVSTT	CASSVVGDEQYF	1	1	0.9999984502792358
FLNKVVSTT	CASKHSGTGVLARELFF	1	1	0.9286101460456848
FLNKVVSTT	CASSQAGTGFYGYTF	1	0	0.1892813742160797
FLNKVVSTT	CASIAYSNQPQHF	1	0	0.4555525779724121
FLNKVVSTT	CAVPGGSPYEQYF	1	0	0.08159337192773819
FLNKVVSTT	CASSPNPQGANMDTQYF	1	1	0.9998877048492432
FLNKVVSTT	CASSPLTGESMSEKLFF	1	1	0.9999855756759644
FLNKVVSTT	CATSFAPGQGEHGYTF	1	1	0.9999402761459351
FLNKVVSTT	CSATPNPGGHSTDTQYF	1	1	0.9999874830245972
FLNKVVSTT	CASSSSGYNEQFF	1	0	0.2696203589439392
FLNKVVSTT	CASSYGTGDLSYNEQFF	1	1	0.585686445236206
FLNKVVSTT	CASSLSNTPGEQFF	1	1	0.9905253052711487
FLNKVVSTT	CAWSVQQGDQPQHF	1	1	0.9758844375610352
FLNKVVSTT	CASSRAGTGYNEQFF	1	0	0.17341741919517517
FLNKVVSTT	CASTLSTDRGFTGELFF	1	1	0.9998180270195007
FLNKVVSTT	CSASGTGSYEQYF	1	1	0.9999998807907104
FLNKVVSTT	CATFAASKEQFF	1	1	0.7749733924865723
FLNKVVSTT	CASSQDHPGGYEQYF	1	1	0.9998262524604797
FLNKVVSTT	CASRSTGYLEQYF	1	1	0.7760423421859741
FLNKVVSTT	CASSPLQGANHDEQYF	1	0	0.2153075933456421
FLNKVVSTT	CASSIARTGEAVNEQFF	1	1	0.999396800994873
FLNKVVSTT	CASSLLGGRGNTGELFF	1	1	0.9995068311691284
FLNKVVSTT	CASSFGGGLQETQYF	1	1	0.9210737347602844
FLNKVVSTT	CASSLGTTQETQYF	1	1	0.9996615648269653
FLNKVVSTT	CASRDTSGGPDTQYF	1	1	0.9547030329704285
FLNKVVSTT	CASSSYSRYEQYF	1	1	0.9952895641326904
FLNKVVSTT	CASSVLANTGELFF	1	1	0.9998694658279419
FLNKVVSTT	CASSLILDSPLHF	1	1	0.9999865293502808
FLNKVVSTT	CASSPGTGSHPYNEQFF	1	1	0.562891960144043
FLNKVVSTT	CASSEQGVVDTQYF	1	0	0.29806673526763916
FLNKVVSTT	CASSLGEPQHF	1	1	0.9999754428863525
FLNKVVSTT	CASSLALSTEYSSF	1	1	0.9992126226425171
FLNKVVSTT	CASSHHSGGIYNEQFF	1	0	0.2161799818277359
FLNKVVSTT	CATSRGPLASLVDSYNEQFF	1	1	0.9931045174598694
FLNKVVSTT	CAISESSRGVDGYTF	1	0	0.018586741760373116
FLNKVVSTT	CASSQGTISYEQYF	1	0	0.2000701129436493
FLNKVVSTT	CASSIDLSEGDTNQPQHF	1	1	1.0
FLNKVVSTT	CASALGAVDTQYF	1	1	0.6779424548149109
FLNKVVSTT	CASSLENTGELFF	1	0	0.40529799461364746
FLNKVVSTT	CATSDVAGGGGEQFF	1	1	0.9991254210472107
FLNKVVSTT	CASSLESGFLSGYTF	1	1	0.9999829530715942
FLNKVVSTT	CASSPVGPNTQYF	1	1	0.9999998807907104
FLNKVVSTT	CASSIGTGRTHNEQFF	1	0	0.046968601644039154
FLNKVVSTT	CASSPPRTSGAYEQYF	1	1	0.9943906664848328
FLNKVVSTT	CASSVVSGGHQPQHF	1	1	0.9999891519546509
FLNKVVSTT	CASSLNWREITDTQYF	1	1	0.9665358066558838
FLNKVVSTT	CASSLWAGNTIYF	1	1	0.9993202686309814
FLNKVVSTT	CASSVAGLAGATSTDTQYF	1	1	0.9989925026893616
FLNKVVSTT	CASSEKEGTTNTGELFF	1	1	0.9458783268928528
FLNKVVSTT	CASSLHLMNTEAFF	1	1	0.9933475852012634
FLNKVVSTT	CASSLELGQGRETQYF	1	1	1.0
FLNKVVSTT	CASSLSAGTEAFF	1	1	0.9967890977859497
FLNKVVSTT	CSARHLANNEQFF	1	1	0.9999995231628418
FLNKVVSTT	CASSAGSFRHPYSNQPQHF	1	0	1.1351517059665639e-07
FLNKVVSTT	CASSLGQGDGGYTF	1	0	1.653959225222934e-05
FLNKVVSTT	CASYWTGPPHGYTF	1	1	0.9780333638191223
FLNKVVSTT	CASSLSRRRSRDDNEQFF	1	1	0.9999608993530273
FLNKVVSTT	CSLSGGQHNEQFF	1	1	0.9994667172431946
FLNKVVSTT	CSARTATGGQSGYTF	1	1	0.9989516735076904
FLNKVVSTT	CASNLGGGSTDTQYF	1	1	0.9929165840148926
FLNKVVSTT	CASINSPGGEDTGELFF	1	0	0.24248893558979034
FLNKVVSTT	CASAGERSEQFF	1	1	0.9980915188789368
FLNKVVSTT	CASSLEAVSIHGYTF	1	1	0.9964917302131653
FLNKVVSTT	CASSSGTGGQYEQYF	1	0	0.004531087353825569
FLNKVVSTT	CASSDSLGDRGSYEQYF	1	1	0.9972338080406189
FLNKVVSTT	CASSFWGLAGGYNEQFF	1	1	0.8843397498130798
FLNKVVSTT	CSASVPAGQQNSSPLHF	1	1	0.999868631362915
FLNKVVSTT	CASTTYNEQFF	1	0	0.35088008642196655
FLNKVVSTT	CASSPTANEKLFF	1	1	0.9999985694885254
FLNKVVSTT	CASSLAGDQEPQYEQYF	1	0	0.08651930093765259
FLNKVVSTT	CASSLASGSNQPQHF	1	0	0.059542786329984665
FLNKVVSTT	CASSLGSGQYQETQYF	1	1	0.9998149275779724
FLNKVVSTT	CASSIATGLNQPQHF	1	0	0.06892359256744385
FLNKVVSTT	CASSVGGAHEQYF	1	0	0.3750516474246979
FLNKVVSTT	CASSFSGRVGEKLFF	1	1	0.9999910593032837
FLNKVVSTT	CASSVGGGVTDTQYF	1	0	0.024784797802567482
FLNKVVSTT	CASSIGDGILLTDTQYF	1	1	0.9997099041938782
FLNKVVSTT	CASSVGVSNQPQHF	1	0	0.0021948842331767082
FLNKVVSTT	CASSVEGDGSEAFF	1	1	0.9999828338623047
FLNKVVSTT	CASKKLAGDSYEQYF	1	1	0.9999959468841553
FLNKVVSTT	CASSDRFWEQYF	1	1	0.7630161643028259
FLNKVVSTT	CASSDPSGPGGGSPLHF	1	1	0.9888530969619751
FLNKVVSTT	CASPGDLNTEAFF	1	1	0.9951804876327515
FLNKVVSTT	CASRSGGGSYEQYF	1	1	0.9816684126853943
FLNKVVSTT	CASSLSLGQGAPNYGYTF	1	0	0.2906985282897949
FLNKVVSTT	CASSLGANTGELFF	1	1	0.6858633756637573
FLNKVVSTT	CASSGREAFF	1	1	0.9965994954109192
FLNKVVSTT	CASSPEGRRMGPTNEKLFF	1	1	0.9998595714569092
FLNKVVSTT	CASSADAGTSSEQFF	1	1	0.9992733597755432
FLNKVVSTT	CSARDFTYEQYF	1	1	0.9998677968978882
FLNKVVSTT	CASSRYRDPPDHEQYF	1	1	0.9526523351669312
FLNKVVSTT	CATSDYGYTF	1	0	0.15688075125217438
FLNKVVSTT	CSARAGSTYEQYF	1	1	0.9985622763633728
FLNKVVSTT	CASSGLRGTAEAFF	1	0	0.07380271703004837
FLNKVVSTT	CASSQGGDEQFF	1	1	0.9879515767097473
FLNKVVSTT	CASSLRGSAGNTIYF	1	1	0.9997056126594543
FLNKVVSTT	CASSYSRGQPEAFF	1	1	0.8207703828811646
FLNKVVSTT	CASSFLGQGAAGELFF	1	0	0.006935513578355312
FLNKVVSTT	CASSLEPTANQPQHF	1	1	0.9893063902854919
FLNKVVSTT	CSASAGLVGYEQYF	1	1	0.9995447993278503
FLNKVVSTT	CASSGRARLARTDTQYF	1	1	0.8948307633399963
FLNKVVSTT	CASSLARIYTYNEQFF	1	1	0.9999983310699463
FLNKVVSTT	CASSGLAGGPHEQFF	1	1	0.9999514818191528
FLNKVVSTT	CASSPGLTPAEQYF	1	1	0.9996485710144043
FLNKVVSTT	CASSPGTGGFLSSYEQYF	1	0	0.40024349093437195
FLNKVVSTT	CASSRQNTGELFF	1	0	4.036226641801477e-07
FLNKVVSTT	CASSLLWAEYNEQFF	1	1	0.976284921169281
FLNKVVSTT	CSARSLAVSTDTQYF	1	1	0.9999954700469971
FLNKVVSTT	CASSQGWDEQFF	1	1	0.9999979734420776
FLNKVVSTT	CASITRLAGELFF	1	1	0.7434754371643066
FLNKVVSTT	CASSRTGSSYNEQFF	1	0	0.00885283388197422
FLNKVVSTT	CASSPVGWGNTIYF	1	1	0.9999971389770508
FLNKVVSTT	CASSLSPLDNPSYEQYF	1	0	0.09550459682941437
FLNKVVSTT	CASSPRPGPNQPQHF	1	0	0.056550029665231705
FLNKVVSTT	CASSFGGVEGMNTEAFF	1	0	0.35443609952926636
FLNKVVSTT	CAWSVGVSGANVLTF	1	1	0.9996052384376526
FLNKVVSTT	CAWSAIADTDTQYF	1	1	0.9999946355819702
FLNKVVSTT	CASSWYTTGQETQYF	1	1	0.9999531507492065
FLNKVVSTT	CASTGGPEGNQPQHF	1	1	0.8104783296585083
FLNKVVSTT	CASSQVGRGRGAFF	1	1	1.0
FLNKVVSTT	CASSLAGGSLSYEQYF	1	1	0.9997158646583557
FLNKVVSTT	CASLTRFGLYSNQPQHF	1	1	0.9774123430252075
FLNKVVSTT	CASSLGRTGANTGELFF	1	0	0.36394551396369934
FLNKVVSTT	CASSEVRGPSYNEQFF	1	1	0.914463996887207
FLNKVVSTT	CASSFRGPNLYTEAFF	1	1	0.8196223974227905
FLNKVVSTT	CASSQVVDWISNTGELFF	1	1	0.99533611536026
FLNKVVSTT	CASSLGGHGNEQFF	1	1	0.9922215342521667
FLNKVVSTT	CASRLPPSSGNTDTQYF	1	1	0.999994158744812
FLNKVVSTT	CASSQTTPLTYNYEQYF	1	1	0.990462601184845
FLNKVVSTT	CASSPGTDTQYF	1	1	0.9912717938423157
FLNKVVSTT	CSARAYTGELFF	1	1	0.8983949422836304
FLNKVVSTT	CASSEEGGLSNEKLFF	1	1	0.8601830005645752
FLNKVVSTT	CATSSMGYSNQPQHF	1	0	0.04011979326605797
FLNKVVSTT	CASSESQGDYYGYTF	1	0	0.0185864195227623
FLNKVVSTT	CASSLDLTETQYF	1	1	0.999737560749054
FLNKVVSTT	CASSVEEPGTVYEQYF	1	1	0.5319054126739502
FLNKVVSTT	CASSQDSGWREKLFF	1	1	0.9999963045120239
FLNKVVSTT	CATSDFGVNTGELFF	1	1	0.9532955288887024
FLNKVVSTT	CSANPRTTLYEQYF	1	1	1.0
FLNKVVSTT	CASKVYGYTF	1	0	0.1371464878320694
FLNKVVSTT	CASSFAQRGHRETQYF	1	1	0.9999691247940063
FLNKVVSTT	CASSLLAGSSYNEQFF	1	0	0.25389793515205383
FLNKVVSTT	CATRERQGWVEAFF	1	0	0.12685441970825195
FLNKVVSTT	CATSELSGETQYF	1	1	0.6858554482460022
FLNKVVSTT	CASTWDSLYEQYF	1	1	0.5698821544647217
FLNKVVSTT	CSARVGDTGELFF	1	1	0.9996932744979858
FLNKVVSTT	CASSMRHFSYEQYF	1	0	0.31241995096206665
FLNKVVSTT	CASSQEFVGAVLDTQYF	1	1	0.8732939958572388
FLNKVVSTT	CASNSLDREDGNTIYF	1	1	0.9998477697372437
FLNKVVSTT	CASSWTQETQYF	1	1	0.999954104423523
FLNKVVSTT	CSVVRGSYNEQFF	1	1	0.9978154897689819
FLNKVVSTT	CASSLGGGVLFF	1	1	0.9869063496589661
FLNKVVSTT	CSARDREGSIYNEQFF	1	1	0.9999449253082275
FLNKVVSTT	CASRGLALYNEQFF	1	0	0.3138820230960846
FLNKVVSTT	CASSLLGYEQYF	1	1	0.9998266100883484
FLNKVVSTT	CASRIQGRQPQHF	1	1	0.989364504814148
FLNKVVSTT	CASSYRGGYEQYF	1	1	0.7346488237380981
FLNKVVSTT	CASSSLSEAFF	1	1	0.9998956918716431
FLNKVVSTT	CASSLGRAGYGETQYF	1	1	0.9999749660491943
FLNKVVSTT	CASSSRLYNEQFF	1	1	0.9484060406684875
FLNKVVSTT	CATGTGGGYGYTF	1	0	0.19485823810100555
FLNKVVSTT	CASSFLSAGGGTDTQYF	1	1	0.9997109770774841
FLNKVVSTT	CASSSDPSTDTQYF	1	0	0.017480412498116493
FLNKVVSTT	CAWSVTPGYNEQFF	1	1	0.9988009929656982
FLNKVVSTT	CASRAVINTDTQYF	1	1	0.9942594766616821
FLNKVVSTT	CASSERLDLAGGRNEQFF	1	1	0.9996756315231323
FLNKVVSTT	CASSAGVGTGELFF	1	0	0.0005123501759953797
FLNKVVSTT	CASSHQAGALYNEQFF	1	1	0.9987996816635132
FLNKVVSTT	CASSQTAGTGELFF	1	0	0.22033309936523438
FLNKVVSTT	CASSTPRGGYTF	1	1	0.9999139308929443
FLNKVVSTT	CASSESRSGNQPQHF	1	1	0.8479505181312561
FLNKVVSTT	CASSPGDPSTDTQYF	1	1	0.9358729124069214
FLNKVVSTT	CASSEGVNEQFF	1	1	0.6942076086997986
FLNKVVSTT	CASSPSYNEQFF	1	1	0.916083812713623
FLNKVVSTT	CASGLVPGGGSDGYTF	1	1	0.9999254941940308
FLNKVVSTT	CATSSEDSSNQPQHF	1	1	0.9999990463256836
FLNKVVSTT	CASSEDGMNTEAFF	1	1	0.9736188054084778
FLNKVVSTT	CAINKESDSYEQYF	1	1	0.9588789939880371
FLNKVVSTT	CATSPTRSTTDTQYF	1	1	0.98895663022995
FLNKVVSTT	CASSTYRGQPQHF	1	1	0.7121546864509583
FLNKVVSTT	CASRPSRGTNYGYTF	1	0	0.4003378450870514
FLNKVVSTT	CASRSLSGEQFF	1	0	0.29732757806777954
FLNKVVSTT	CASSLGRGAYEQYF	1	0	0.09606564044952393
FLNKVVSTT	CASEGVHEQFF	1	1	0.9634372591972351
FLNKVVSTT	CASTHRGPLKRRPLHF	1	0	0.13299134373664856
FLNKVVSTT	CASSPGASYEQYF	1	0	0.17774249613285065
FLNKVVSTT	CASSDPTGGYETQYF	1	1	0.9975597858428955
FLNKVVSTT	CASGFFNQPQHF	1	1	0.6869520545005798
FLNKVVSTT	CASSTYRQGYNEQFF	1	1	0.9992702603340149
FLNKVVSTT	CASSLGETGGIQFF	1	0	0.24050024151802063
FLNKVVSTT	CASARGWGPAGGELFF	1	0	0.0002342099614907056
FLNKVVSTT	CASKKTPVGTEAFF	1	0	0.4885326623916626
FLNKVVSTT	CASSYDRGFYNEQFF	1	1	0.9999918937683105
FLNKVVSTT	CASSYSGTENGYTF	1	1	0.9995282888412476
FLNKVVSTT	CASSPPLAGGYEQYF	1	1	0.9985491633415222
FLNKVVSTT	CASSPDGTGSGNTIYF	1	1	0.9999957084655762
FLNKVVSTT	CSARVEGAGPAQYF	1	1	0.9999912977218628
FLNKVVSTT	CASSAFVETQYF	1	1	0.9872249364852905
FLNKVVSTT	CASTSVNTGELFF	1	0	0.003711196593940258
FLNKVVSTT	CASSLGRYNEQFF	1	0	0.023444239050149918
FLNKVVSTT	CASSWLGQGALEAFF	1	1	0.996599018573761
FLNKVVSTT	CASSLPDPYEQYF	1	1	1.0
FLNKVVSTT	CAISEGAPNTEAFF	1	0	0.01827573962509632
FLNKVVSTT	CASSPQNSYNEQFF	1	1	0.8557018637657166
FLNKVVSTT	CASSLGEDSSLKREPLHF	1	1	0.9991575479507446
FLNKVVSTT	CASKGLAGYNEQFF	1	1	0.9450314044952393
FLNKVVSTT	CASSYFPYDLYEQYF	1	1	0.9721813797950745
FLNKVVSTT	CATSEIQGFSTDTQYF	1	0	0.4750366806983948
FLNKVVSTT	CASSPPADEALYGYTF	1	1	0.9998883008956909
FLNKVVSTT	CASSFGGRSTDTQYF	1	0	0.39373674988746643
FLNKVVSTT	CSAYRVMSHEQYF	1	1	1.0
FLNKVVSTT	CASSRDFVSNEQYF	1	0	0.006561998277902603
FLNKVVSTT	CASSQGGGVNEQFF	1	1	0.9976723790168762
FLNKVVSTT	CATSGDTQYF	1	1	0.7156898379325867
FLNKVVSTT	CASSLAGTGGRFSYEQYF	1	1	0.9689513444900513
FLNKVVSTT	CASSQDHGLHPEAFF	1	1	0.9998626708984375
FLNKVVSTT	CASSPGGGASYEQYF	1	0	0.011639842763543129
FLNKVVSTT	CASSRSTGGSGNTIYF	1	0	0.001206746557727456
FLNKVVSTT	CASSQGWGTQPQHF	1	0	0.07779272645711899
FLNKVVSTT	CASSQVAAGDNSYEQYF	1	1	0.9996812343597412
FLNKVVSTT	CASSLEMQGALYGYTF	1	1	0.9999589920043945
FLNKVVSTT	CASSSYRKEKLFF	1	1	0.7640475034713745
FLNKVVSTT	CASSDRGTGELFF	1	1	0.967048704624176
FLNKVVSTT	CASSTGSYEQYF	1	1	0.9797506928443909
FLNKVVSTT	CASSVGADEYYEQYF	1	1	0.7388753294944763
FLNKVVSTT	CASSDRDRGLLRQFF	1	1	0.992148220539093
FLNKVVSTT	CASSLGTGGQFF	1	0	0.04970250278711319
FLNKVVSTT	CASSLGRSTGELFF	1	0	0.046184930950403214
FLNKVVSTT	CASSKKGLSNEQFF	1	1	0.9995105266571045
FLNKVVSTT	CASSPPDDEQYF	1	1	0.9999545812606812
FLNKVVSTT	CASSYRLGNEQFF	1	1	0.9995631575584412
FLNKVVSTT	CASSPDGLTENTEAFF	1	1	0.9108892679214478
FLNKVVSTT	CASSLDRVSYNEQFF	1	0	0.2116575539112091
FLNKVVSTT	CASSPSGLAGSNLGNEQFF	1	0	0.3742809593677521
FLNKVVSTT	CAINKGTGNTGELFF	1	0	0.002249089302495122
FLNKVVSTT	CASSLGGHGQPQHF	1	1	0.9990529417991638
FLNKVVSTT	CASSLLSGSSYEQYF	1	1	0.761580765247345
FLNKVVSTT	CASRDATGGFEQYF	1	1	0.9507309198379517
FLNKVVSTT	CASSSLLQGVDYGYTF	1	1	0.9952685236930847
FLNKVVSTT	CSARDPQRTTSTDTQYF	1	1	0.999904990196228
FLNKVVSTT	CASSARDYTGELFF	1	1	0.6807281374931335
FLNKVVSTT	CASSFGASGSVGELFF	1	1	0.9997557997703552
FLNKVVSTT	CASSFPVTAITGNTEAFF	1	1	0.8631089925765991
FLNKVVSTT	CASSKGLAVDYTQYF	1	1	0.7834430932998657
FLNKVVSTT	CASRESLLAGGPDTQYF	1	0	0.4079272150993347
FLNKVVSTT	CASILRAESSYNEQFF	1	0	0.26616716384887695
FLNKVVSTT	CAWGIPRQDNNEKLFF	1	0	0.4996373951435089
FLNKVVSTT	CASSVGQGNQPQHF	1	0	0.1758665144443512
FLNKVVSTT	CASSQDLMEETQYF	1	1	0.9991632699966431
FLNKVVSTT	CASSPGESTDTQYF	1	1	0.7409428954124451
FLNKVVSTT	CASKRQGLHAEQYF	1	0	0.00018364444258622825
FLNKVVSTT	CATSAQTGQGENTEAFF	1	0	0.20330224931240082
FLNKVVSTT	CASSIQNTGELFF	1	0	0.03921546787023544
FLNKVVSTT	CASSLRGGQSYEQYF	1	1	0.9994181394577026
FLNKVVSTT	CASIGSGYNEQFF	1	1	0.9971503615379333
FLNKVVSTT	CSAPPPYNEQFF	1	1	0.9998868703842163
FLNKVVSTT	CASSQDMRAGGPNEQFF	1	1	0.9999998807907104
FLNKVVSTT	CAIDETGHGYTF	1	1	0.9738911986351013
FLNKVVSTT	CAWSAASGGAQDTQYF	1	1	0.999991774559021
FLNKVVSTT	CASSERQLPYEQYF	1	1	0.6291015148162842
FLNKVVSTT	CASSLYSGSFYEQYF	1	1	0.9943242073059082
FLNKVVSTT	CASSIYGTSGSNEQFF	1	1	0.9824135303497314
FLNKVVSTT	CACSIDPRGQPQHF	1	1	0.9999963045120239
FLNKVVSTT	CASRRSLQGARGGYTF	1	1	0.8130718469619751
FLNKVVSTT	CASSWTGMNTEAFF	1	1	0.5211328268051147
FLNKVVSTT	CASSLGGEGYEQYF	1	1	0.9185160994529724
FLNKVVSTT	CASTLGTEAFF	1	1	0.9001563191413879
FLNKVVSTT	CASRDHRVIYGYTF	1	1	0.9851498603820801
FLNKVVSTT	CASSLGVGRGFTEAFF	1	1	0.7931867241859436
FLNKVVSTT	CASSQSGGRYEQYF	1	1	0.9741232991218567
FLNKVVSTT	CASSWGDYNEQFF	1	0	0.00930988509207964
FLNKVVSTT	CASRTTTGTGSSGNTIYF	1	1	0.7566153407096863
FLNKVVSTT	CASSPGSLGHRASTDTQYF	1	1	0.6231383085250854
FLNKVVSTT	CASSEVGVFEAFF	1	1	0.9540846347808838
FLNKVVSTT	CASSPTSAPGLFSGNTIYF	1	1	0.9999403953552246
FLNKVVSTT	CASLDRVGGYTF	1	0	0.010634102858603
FLNKVVSTT	CASSQGGQGAPYEQYF	1	1	0.9505455493927002
FLNKVVSTT	CASSLIANQETQYF	1	1	1.0
FLNKVVSTT	CAISDPRDSYEQYF	1	1	0.9662005305290222
FLNKVVSTT	CASSQDRIRQARTGELFF	1	0	0.006211436353623867
FLNKVVSTT	CSAIPLGEPYEQYF	1	1	1.0
FLNKVVSTT	CSAPDRYLRTEAFF	1	1	0.9945488572120667
FLNKVVSTT	CASSLVGYEQYF	1	1	0.9994408488273621
FLNKVVSTT	CASSAHTSGGKNIQYF	1	1	0.8775771260261536
FLNKVVSTT	CASTQGYNEQFF	1	0	0.00011104806617368013
FLNKVVSTT	CSVDQGSGELFF	1	1	0.9999741315841675
FLNKVVSTT	CAWDSYNQPQHF	1	1	0.9848020672798157
FLNKVVSTT	CATFTGNTEAFF	1	1	0.9957377910614014
FLNKVVSTT	CASSLGPADTQYF	1	1	0.9825527667999268
FLNKVVSTT	CASSMGPTGYGYTF	1	0	0.0004252494836691767
FLNKVVSTT	CASSLLAGGKETQYF	1	1	0.9981520771980286
FLNKVVSTT	CASSPYPSRGSNEQFF	1	1	0.864221453666687
FLNKVVSTT	CASSVQEEYGYTF	1	1	0.9737738370895386
FLNKVVSTT	CASSRSFAGGDTDTQYF	1	1	0.9865304827690125
FLNKVVSTT	CASWGPGTEGAYEQYF	1	1	0.988372266292572
FLNKVVSTT	CASSEALSGGSETQYF	1	1	0.9999799728393555
FLNKVVSTT	CARQTTGTTVGYTF	1	0	0.03771889954805374
FLNKVVSTT	CASSYRVGRSSYEQYF	1	0	0.2553836405277252
FLNKVVSTT	CSARDQSRATDTQYF	1	1	0.9997434020042419
FLNKVVSTT	CASSLWTGYNEQFF	1	1	0.6222161054611206
FLNKVVSTT	CASSLFGSGGAGETQYF	1	1	0.9967247843742371
FLNKVVSTT	CASSQDLGVDGYTF	1	0	0.17802222073078156
FLNKVVSTT	CASSLAQYYQPQHF	1	1	0.9982765913009644
FLNKVVSTT	CASSENEQFF	1	1	0.9999910593032837
FLNKVVSTT	CASSGQVESSGNTIYF	1	1	0.9973636269569397
FLNKVVSTT	CASSYSTSQGANYEQYF	1	1	0.9999963045120239
FLNKVVSTT	CASSSPRSSRDTDTQYF	1	0	0.0443827249109745
FLNKVVSTT	CSAPLGEGGYTF	1	1	0.9098213315010071
FLNKVVSTT	CASSLVGLGTEAFF	1	1	0.9999996423721313
FLNKVVSTT	CASSLTSGSISTQYF	1	0	0.008529857732355595
FLNKVVSTT	CASSTSLLAQHF	1	1	0.997424840927124
FLNKVVSTT	CASSAYNEQFF	1	1	0.9991105198860168
FLNKVVSTT	CASTGSAGGSYGYTF	1	0	0.000616999517660588
FLNKVVSTT	CASSTPDTPSSYNEQFF	1	1	0.9869701862335205
FLNKVVSTT	CASSLGGEQYF	1	1	0.804654598236084
FLNKVVSTT	CATSEVGSETQYF	1	1	0.9987629652023315
FLNKVVSTT	CASSPKAGGPGEQFF	1	1	0.9999608993530273
FLNKVVSTT	CASSPSAGRGLGYTF	1	1	0.7689372301101685
FLNKVVSTT	CASSERTSGGYTDTQYF	1	1	0.9999287128448486
FLNKVVSTT	CASSPSGRGGNEQFF	1	1	0.9995163679122925
FLNKVVSTT	CASSFEVRVDTEAFF	1	1	0.9998162388801575
FLNKVVSTT	CASSHVTGYEQYF	1	0	0.4386184811592102
FLNKVVSTT	CATSDQHGSSEQFF	1	1	0.9969360828399658
FLNKVVSTT	CASSGPGTLNLDTF	1	1	0.9906042218208313
FLNKVVSTT	CASSLDFSRQETQYF	1	1	0.9932205677032471
FLNKVVSTT	CASSIVQGSNQPQHF	1	0	0.06427184492349625
FLNKVVSTT	CASSFISQGAYGYTF	1	1	0.994687557220459
FLNKVVSTT	CASSLVNGLGYTF	1	1	0.9995156526565552
FLNKVVSTT	CASSQDSPRAGFSDTQYF	1	1	0.9999631643295288
FLNKVVSTT	CASSQELAGGGNEQFF	1	1	0.999997615814209
FLNKVVSTT	CATSREGAGTEAFF	1	1	0.9996871948242188
FLNKVVSTT	CASSLGQGATNTGELFF	1	0	0.23801523447036743
FLNKVVSTT	CASRGGTGLYGYTF	1	0	0.0015178712783381343
FLNKVVSTT	CASSQGGRSTDTQYF	1	0	0.454659104347229
FLNKVVSTT	CASSFAGLNYGYTF	1	1	0.9879282116889954
FLNKVVSTT	CASSQEDSWGDTQYF	1	1	0.998822033405304
FLNKVVSTT	CASSLPLGYEQYF	1	1	0.9997099041938782
FLNKVVSTT	CSARFSANGEQYF	1	1	0.9999967813491821
FLNKVVSTT	CASSQDSSETQYF	1	1	0.9888024926185608
FLNKVVSTT	CASSVDRGAYNEQFF	1	1	0.9999988079071045
FLNKVVSTT	CASSLDNQPQHF	1	1	0.9986562728881836
FLNKVVSTT	CASSYSRGISPYGYTF	1	1	0.9975479245185852
FLNKVVSTT	CASSLLYSDSPLHF	1	1	0.9996767044067383
FLNKVVSTT	CASSEAFSGNTIYF	1	1	0.7689246535301208
FLNKVVSTT	CSARYRDTGELFF	1	1	0.9999247789382935
FLNKVVSTT	CASSTMGDYYEQYF	1	1	0.9845446348190308
FLNKVVSTT	CAIRWTLNNEQFF	1	1	0.9999438524246216
FLNKVVSTT	CASGGGQGGNNEQFF	1	1	0.9587315917015076
FLNKVVSTT	CASSSSDPPGNQPQHF	1	1	0.9987176656723022
FLNKVVSTT	CASSPRTSGNTYEQYF	1	1	0.9932528138160706
FLNKVVSTT	CSARLRDKDYEQYF	1	1	0.9999934434890747
FLNKVVSTT	CASSGELRGAEKLFF	1	1	0.9999997615814209
FLNKVVSTT	CASSLALTFSGEGSPLHF	1	0	0.11800810694694519
FLNKVVSTT	CASTTGDSSNQPQHF	1	1	0.6257404088973999
FLNKVVSTT	CAISESVNTEAFF	1	1	0.987910270690918
FLNKVVSTT	CASSLRQGEYNEQFF	1	0	0.07058514654636383
FLNKVVSTT	CASSPTRGLEIEKLFF	1	1	0.9999825954437256
FLNKVVSTT	CASSQGSRPEQYF	1	0	0.45938384532928467
FLNKVVSTT	CASSMRVQSNTGELFF	1	0	0.28349635004997253
FLNKVVSTT	CASSPRTDQETQYF	1	0	0.007513560354709625
FLNKVVSTT	CASSLAAGGSYGYTF	1	0	1.7594686141819693e-05
FLNKVVSTT	CASSPHAGGVDEKLFF	1	1	0.9996728897094727
FLNKVVSTT	CASSEALSGGAPAETQYF	1	1	0.9999990463256836
FLNKVVSTT	CASSVASGQLYGYTF	1	1	0.7740856409072876
FLNKVVSTT	CASSQWDNQPQHF	1	1	0.9989294409751892
FLNKVVSTT	CASRPWTGANEKLFF	1	1	0.925017774105072
FLNKVVSTT	CASSQEASGGKETQYF	1	1	0.9995330572128296
FLNKVVSTT	CASSDGTSGRAGGELFF	1	0	0.04996069520711899
FLNKVVSTT	CASSLTGGGYEQYF	1	1	0.9981552958488464
FLNKVVSTT	CSALGAVGAGIHYEQYF	1	1	0.9999959468841553
FLNKVVSTT	CASSLDLGVDYGYTF	1	1	0.9986536502838135
FLNKVVSTT	CASTPRRLGLFPSSGNTIYF	1	1	0.85179203748703
FLNKVVSTT	CASSEAGGGYEQYF	1	1	0.9973472356796265
FLNKVVSTT	CASSQGETQYF	1	1	0.9865634441375732
FLNKVVSTT	CASSLDGATNEKLFF	1	1	0.9999974966049194
FLNKVVSTT	CASRGEGSYEQYF	1	1	0.8714158535003662
FLNKVVSTT	CSARGTDFANTGELFF	1	0	0.017456676810979843
FLNKVVSTT	CASSITDRVHAGANVLTF	1	1	0.9999529123306274
FLNKVVSTT	CASKVAGFNEQFF	1	0	0.18689952790737152
FLNKVVSTT	CASSALTGPNTEAFF	1	1	0.9791354537010193
FLNKVVSTT	CASRQLAGFYEQYF	1	0	0.18436071276664734
FLNKVVSTT	CASSSNIRDSGNTIYF	1	1	0.9998894929885864
FLNKVVSTT	CACCRLFSREYGYTF	1	1	0.9893301129341125
FLNKVVSTT	CASRLTRGAGETQYF	1	1	0.9999994039535522
FLNKVVSTT	CASITKDRAYEQYF	1	1	0.6699803471565247
FLNKVVSTT	CASSIGFGQGVSTEAFF	1	0	0.00031846979982219636
FLNKVVSTT	CASSQRRTGPSSTDTQYF	1	1	0.9799343943595886
FLNKVVSTT	CATSDDSEKLFF	1	1	0.999988317489624
FLNKVVSTT	CASRRTGVVEKLFF	1	1	0.9998074173927307
FLNKVVSTT	CSVEDPDRDGYTF	1	1	0.999998927116394
FLNKVVSTT	CASSSPVETQYF	1	1	0.9555172324180603
FLNKVVSTT	CASSQERGGPDTQYF	1	1	0.9999983310699463
FLNKVVSTT	CSAPGGRPQHF	1	1	0.9999867677688599
FLNKVVSTT	CASSFDHRGRDEQFF	1	1	0.9999303817749023
FLNKVVSTT	CASSQDAGITYEQYF	1	1	0.9043084979057312
FLNKVVSTT	CSARGQGTSGVDYGYTF	1	1	0.9997435212135315
FLNKVVSTT	CASSLLRVSGANVLTF	1	1	0.9997188448905945
FLNKVVSTT	CASSQNYEQYF	1	1	0.9994279742240906
FLNKVVSTT	CASSEYGGYTF	1	1	0.9887199997901917
FLNKVVSTT	CASSQDYNEQFF	1	1	0.9827651381492615
FLNKVVSTT	CASSPEGLDNFF	1	1	0.9997498393058777
FLNKVVSTT	CASSQDVTSEWVDTIYF	1	1	0.9997506737709045
FLNKVVSTT	CASSQDPETGRTDTQYF	1	0	0.3366071283817291
FLNKVVSTT	CAAHGGTRTLAKNIQYF	1	1	0.9996861219406128
FLNKVVSTT	CASSTMGQGISPLHF	1	1	0.9972901344299316
FLNKVVSTT	CASSLGEARPQETQYF	1	0	5.81311178393662e-05
FLNKVVSTT	CASSVTEMGGTEAFF	1	1	1.0
FLNKVVSTT	CASSLDQGAQDNEQFF	1	1	0.9988783001899719
FLNKVVSTT	CASSPSGLAGSNLGNEQFF	1	0	0.37428101897239685
FLNKVVSTT	CASSQVVTDNEQFF	1	0	0.2707863450050354
FLNKVVSTT	CASSVDDTGLSYEQYF	1	1	1.0
FLNKVVSTT	CASSETGTSGDEQYF	1	0	0.3970576822757721
FLNKVVSTT	CATSDSSGSNEQFF	1	1	0.9989370703697205
FLNKVVSTT	CASSLGPAGAHNEQFF	1	1	0.9942575693130493
FLNKVVSTT	CASSLNNEQFF	1	1	0.9991769194602966
FLNKVVSTT	CAISERDFQETQYF	1	0	0.24204857647418976
FLNKVVSTT	CASSPRDSLYEQYF	1	1	0.9972497820854187
