LLNKHIDAY	CASSFGLALGDEQFF	1	1	0.9999393224716187
LLNKHIDAY	CASSYLTGADGYTF	1	1	0.988930881023407
LLNKHIDAY	CASSLGDRGRGYGYTF	1	1	0.6694857478141785
LLNKHIDAY	CASEGVHEQFF	1	0	0.052735134959220886
LLNKHIDAY	CASSDSLGDRGSYEQYF	1	1	0.9980408549308777
LLNKHIDAY	CATSEVGSETQYF	1	1	0.9683742523193359
LLNKHIDAY	CSASGTLDTEAFF	1	1	0.9999837875366211
LLNKHIDAY	CASSQEDSWGDTQYF	1	0	0.11432990431785583
LLNKHIDAY	CASSLTGGGYEQYF	1	1	0.99998939037323
LLNKHIDAY	CAISEGAPNTEAFF	1	1	0.955077052116394
LLNKHIDAY	CASRSTGYLEQYF	1	1	0.9961599111557007
LLNKHIDAY	CASSLAGTGSDTQYF	1	1	0.9999979734420776
LLNKHIDAY	CASSQGWDEQFF	1	1	0.9984910488128662
LLNKHIDAY	CASSLDGATNEKLFF	1	1	0.9861576557159424
LLNKHIDAY	CSAPDRYLRTEAFF	1	1	0.5326068997383118
LLNKHIDAY	CASSLRGTGAYGYTF	1	0	0.28807780146598816
LLNKHIDAY	CASSPGTGSHPYNEQFF	1	1	0.5266738533973694
LLNKHIDAY	CSAYRVMSHEQYF	1	1	0.9999998807907104
LLNKHIDAY	CASSQGTISYEQYF	1	1	0.9939608573913574
LLNKHIDAY	CASSPSGLAGSNLGNEQFF	1	1	0.9907171130180359
LLNKHIDAY	CASSQGWGTQPQHF	1	1	0.9209613800048828
LLNKHIDAY	CASGFGHSNSPLHF	1	0	0.09114543348550797
LLNKHIDAY	CASSQDPPDTQYF	1	1	0.9970773458480835
LLNKHIDAY	CASSRSFAGGDTDTQYF	1	1	0.9999825954437256
LLNKHIDAY	CASSHHSGGIYNEQFF	1	0	0.3013237714767456
LLNKHIDAY	CASSLGTGYEQYF	1	1	0.9999847412109375
LLNKHIDAY	CASSSGVGQEAHEQYF	1	0	0.0324597992002964
LLNKHIDAY	CASSQVRQGLNQPQHF	1	1	0.9994321465492249
LLNKHIDAY	CATSRVKTSGGYEQYF	1	1	0.97694331407547
LLNKHIDAY	CASSVSQKLFF	1	1	0.9791414141654968
LLNKHIDAY	CASSSQSTGTAGVYEQYF	1	1	0.9994506239891052
LLNKHIDAY	CAIRWTLNNEQFF	1	1	0.9999984502792358
LLNKHIDAY	CASSWTGMNTEAFF	1	1	0.9968656897544861
LLNKHIDAY	CASSPLPGGVNEQFF	1	1	0.9962636828422546
LLNKHIDAY	CASSYRRTSGRAYHEQFF	1	1	0.9737453460693359
LLNKHIDAY	CASSPHRTVLAGDTQYF	1	1	0.9930711388587952
LLNKHIDAY	CASRTTTGTGSSGNTIYF	1	0	0.4188850522041321
LLNKHIDAY	CASTPGQGASTEAFF	1	1	0.9496017694473267
LLNKHIDAY	CAWSVTPGYNEQFF	1	1	0.9998482465744019
LLNKHIDAY	CASSEWALPNEQFF	1	1	0.9864697456359863
LLNKHIDAY	CASRSLSGEQFF	1	1	0.8825404644012451
LLNKHIDAY	CASSFAGLNYGYTF	1	1	0.9997602105140686
LLNKHIDAY	CASSLRGSAGNTIYF	1	1	0.9999281167984009
LLNKHIDAY	CSGLLAGTDTQYF	1	1	0.9999785423278809
LLNKHIDAY	CASSLTGVYVPQHF	1	1	0.9999914169311523
LLNKHIDAY	CASSLALSTEYSSF	1	1	0.9999134540557861
LLNKHIDAY	CASSYSVRDYEQYF	1	1	0.9990286827087402
LLNKHIDAY	CASSVLANTGELFF	1	1	0.9999946355819702
LLNKHIDAY	CASRLTRGAGETQYF	1	1	0.999270498752594
LLNKHIDAY	CASSPKAGGPGEQFF	1	1	0.9999948740005493
LLNKHIDAY	CASSVAGGGQETQYF	1	1	0.9999686479568481
LLNKHIDAY	CAISEFRDDQETQYF	1	1	0.9961544871330261
LLNKHIDAY	CSARDFTYEQYF	1	0	0.02343408204615116
LLNKHIDAY	CASRDATGGFEQYF	1	1	0.999431312084198
LLNKHIDAY	CASSQWDNQPQHF	1	1	0.586773693561554
LLNKHIDAY	CASSLAGTGGRFSYEQYF	1	1	0.6351367831230164
LLNKHIDAY	CASSEAFSGNTIYF	1	1	0.9998924732208252
LLNKHIDAY	CASSLPDPYEQYF	1	1	0.9825119972229004
LLNKHIDAY	CASSLEAVSIHGYTF	1	1	0.9994544386863708
LLNKHIDAY	CASSYSQGGSYGYTF	1	1	0.9988652467727661
LLNKHIDAY	CASSEGWHSYEQYF	1	1	0.827246904373169
LLNKHIDAY	CASSWREGTDTQYF	1	1	0.9006918668746948
LLNKHIDAY	CSARVEGAGPAQYF	1	1	0.9870337247848511
LLNKHIDAY	CASSKKGLSNEQFF	1	1	0.9999942779541016
LLNKHIDAY	CSANDRGRGYNSPLHF	1	1	0.728393018245697
LLNKHIDAY	CASSISSTGELFF	1	0	3.2972766348393634e-05
LLNKHIDAY	CASSPGESTDTQYF	1	1	0.9296489953994751
LLNKHIDAY	CASSLGANTGELFF	1	1	0.9998418092727661
LLNKHIDAY	CASSFISQGAYGYTF	1	1	0.9781213402748108
LLNKHIDAY	CASSSGRAGITDTQYF	1	1	0.9999171495437622
LLNKHIDAY	CASSYVGNTGELFF	1	1	0.9969794750213623
LLNKHIDAY	CASSLTGESYEQYF	1	1	0.9977712631225586
LLNKHIDAY	CASSHVTGYEQYF	1	1	0.9988740086555481
LLNKHIDAY	CASSSGTGGQYEQYF	1	1	0.9647234678268433
LLNKHIDAY	CSLSGGQHNEQFF	1	1	0.9916601777076721
LLNKHIDAY	CASSLGDVQNTEAFF	1	1	0.9999812841415405
LLNKHIDAY	CASSPGGGASYEQYF	1	1	0.9599277377128601
LLNKHIDAY	CASSSNIRDSGNTIYF	1	1	0.999923586845398
LLNKHIDAY	CASSLPLGYEQYF	1	1	0.999771773815155
LLNKHIDAY	CASSTMGQGISPLHF	1	1	0.9739035367965698
LLNKHIDAY	CASSVVGDEQYF	1	1	0.9999487400054932
LLNKHIDAY	CASSQEIGVYGYTF	1	1	0.9999594688415527
LLNKHIDAY	CASSLGGPPTYEQYF	1	1	0.7265093326568604
LLNKHIDAY	CASRAGGWTLPSNYGYTF	1	1	0.94754558801651
LLNKHIDAY	CATSDQHGSSEQFF	1	1	0.9985241293907166
LLNKHIDAY	CASSWVPPGQGRTGELFF	1	1	0.5216564536094666
LLNKHIDAY	CASSLKVRDEQFF	1	1	0.9984846711158752
LLNKHIDAY	CASSQGGGVNEQFF	1	1	0.9999805688858032
LLNKHIDAY	CASSELPAGGTNEQFF	1	0	0.3919062614440918
LLNKHIDAY	CATGTGGNDYEQYF	1	1	0.9999904632568359
LLNKHIDAY	CASSLGETGGIQFF	1	1	0.8790741562843323
LLNKHIDAY	CASSIAGNNEQFF	1	0	0.41430577635765076
LLNKHIDAY	CASSPEGLDNFF	1	1	0.9973000884056091
LLNKHIDAY	CASRPGTASYEQYF	1	1	0.9667118191719055
LLNKHIDAY	CASSLSRRRSRDDNEQFF	1	1	0.6471113562583923
LLNKHIDAY	CASSDPSGPGGGSPLHF	1	1	0.9191346168518066
LLNKHIDAY	CASSLPTRQNLASYEYGYTF	1	0	0.01966789923608303
LLNKHIDAY	CASSVGGAHEQYF	1	1	0.9999159574508667
LLNKHIDAY	CASRRSLQGARGGYTF	1	1	0.989427387714386
LLNKHIDAY	CASSLLGTEAFF	1	1	0.9998785257339478
LLNKHIDAY	CASKGLAGYNEQFF	1	1	0.9999948740005493
LLNKHIDAY	CASSPGRGDSPLHF	1	1	0.9999997615814209
LLNKHIDAY	CASSPPDDEQYF	1	1	0.9992285966873169
LLNKHIDAY	CASSLWTGYNEQFF	1	1	0.8821372985839844
LLNKHIDAY	CGWPGQTNTGELFF	1	1	0.9962067604064941
LLNKHIDAY	CASSPPADEALYGYTF	1	1	0.9924411773681641
LLNKHIDAY	CASITRLAGELFF	1	1	0.9988598823547363
LLNKHIDAY	CSAPLGEGGYTF	1	0	0.40671148896217346
LLNKHIDAY	CAVPGGSPYEQYF	1	0	0.053740277886390686
LLNKHIDAY	CATSEAASSWTGELFF	1	1	0.9835256338119507
LLNKHIDAY	CASRHSQGAPSWYQETQYF	1	1	0.996852457523346
LLNKHIDAY	CASSAHTSGGKNIQYF	1	1	0.7269236445426941
LLNKHIDAY	CASSYSGTENGYTF	1	1	0.9999266862869263
LLNKHIDAY	CASSLGQGDGGYTF	1	1	0.9357388615608215
LLNKHIDAY	CASSVQEEYGYTF	1	0	0.01513267494738102
LLNKHIDAY	CAWSVRGVNPYNEQFF	1	1	0.9988834261894226
LLNKHIDAY	CASSPGTGGFLSSYEQYF	1	1	0.9946861267089844
LLNKHIDAY	CASSTYRQGYNEQFF	1	1	0.9987605810165405
LLNKHIDAY	CSALGAVGAGIHYEQYF	1	1	0.9999550580978394
LLNKHIDAY	CASRTLRGHVSEAFF	1	1	0.9767711162567139
LLNKHIDAY	CAWSVGVSGANVLTF	1	1	0.9999734163284302
LLNKHIDAY	CASSLLAGSSYNEQFF	1	1	0.9848819375038147
LLNKHIDAY	CASSLAGQENQPQHF	1	1	0.9683258533477783
LLNKHIDAY	CSARYRDTGELFF	1	0	0.2465633600950241
LLNKHIDAY	CASSLSLGQGAPNYGYTF	1	1	0.5386438965797424
LLNKHIDAY	CASSIGGGLYEQYF	1	1	0.8915901780128479
LLNKHIDAY	CASSSQGGYGYTF	1	1	0.5174124240875244
LLNKHIDAY	CASSLVSPSEQFF	1	1	0.9064877033233643
LLNKHIDAY	CASSSPVETQYF	1	0	5.0986011046916246e-05
LLNKHIDAY	CASSQGFGANVLTF	1	1	0.9991669654846191
LLNKHIDAY	CASSPPRTSGAYEQYF	1	1	0.9987108707427979
LLNKHIDAY	CASSLSVVSGELFF	1	1	0.9999998807907104
LLNKHIDAY	CASSVGMTDYNEQFF	1	1	0.9999986886978149
LLNKHIDAY	CASSQDSPRAGFSDTQYF	1	1	0.9634060859680176
LLNKHIDAY	CASSQDVTSEWVDTIYF	1	1	0.9999377727508545
LLNKHIDAY	CASRGLGSGGYEQYF	1	1	0.9996873140335083
LLNKHIDAY	CASSARDYTGELFF	1	1	0.9646008610725403
LLNKHIDAY	CASSLGGHGNEQFF	1	1	0.990502119064331
LLNKHIDAY	CASSPGTGDLETQYF	1	0	0.48269930481910706
LLNKHIDAY	CASSLEPTANQPQHF	1	0	0.4869834780693054
LLNKHIDAY	CASSLVGYEQYF	1	1	0.999923586845398
LLNKHIDAY	CAASQNTEAFF	1	1	0.9912692308425903
LLNKHIDAY	CASRDTSGGPDTQYF	1	1	0.9987998008728027
LLNKHIDAY	CASSLGSGQYQETQYF	1	0	0.43670913577079773
LLNKHIDAY	CASQAGVFTDTQYF	1	1	0.9891397356987
LLNKHIDAY	CASSQVGTGVHEQFF	1	1	0.9985119700431824
LLNKHIDAY	CASSANRGPDTEAFF	1	1	0.9999983310699463
LLNKHIDAY	CASSYSRGISPYGYTF	1	1	0.8905227780342102
LLNKHIDAY	CASSQDSHSTSTDTQYF	1	1	0.5276352763175964
LLNKHIDAY	CASSLALTFSGEGSPLHF	1	1	0.8333635926246643
LLNKHIDAY	CASRGGTGLYGYTF	1	0	0.43358543515205383
LLNKHIDAY	CSASSTHSNQPQHF	1	1	0.7251705527305603
LLNKHIDAY	CASYWTGPPHGYTF	1	1	0.9791616201400757
LLNKHIDAY	CSAWAQGSGYEQYF	1	1	0.994851291179657
LLNKHIDAY	CASSLIRDITYEQYF	1	1	0.9991483688354492
LLNKHIDAY	CASSPSDPGELFF	1	1	0.9999998807907104
LLNKHIDAY	CASSPPHPTGPTDTQYF	1	1	0.9123539328575134
LLNKHIDAY	CASSLTGDHTDTQYF	1	1	0.5481600165367126
LLNKHIDAY	CASSEKEGTTNTGELFF	1	0	0.0212220661342144
LLNKHIDAY	CASSQVGDEQFF	1	1	0.9843754172325134
LLNKHIDAY	CASSFGAGAKAGELFF	1	1	0.9673126935958862
LLNKHIDAY	CASSLVNTGELFF	1	1	0.9994459748268127
LLNKHIDAY	CAIRDNNEQFF	1	1	0.702392041683197
LLNKHIDAY	CSARDLEVLSYEQYF	1	1	0.9995366334915161
LLNKHIDAY	CASTTYNEQFF	1	0	0.0032255244441330433
LLNKHIDAY	CASSFPGYGYTF	1	0	0.015407130122184753
LLNKHIDAY	CASSPGSLGHRASTDTQYF	1	1	0.9234705567359924
LLNKHIDAY	CASRAVINTDTQYF	1	1	0.9999961853027344
LLNKHIDAY	CASTPGSEPLHF	1	1	0.9968686699867249
LLNKHIDAY	CASSFRPPDTDRTNTGELFF	1	0	0.04757068306207657
LLNKHIDAY	CSVDQGSGELFF	1	1	0.9985722303390503
LLNKHIDAY	CASSHQAGALYNEQFF	1	1	0.8681980967521667
LLNKHIDAY	CASSPRGSYWDEQYF	1	1	0.704951286315918
LLNKHIDAY	CAINKGTGNTGELFF	1	1	0.5954158306121826
LLNKHIDAY	CASTHRGPLKRRPLHF	1	0	0.012275622226297855
LLNKHIDAY	CASGFFNQPQHF	1	1	0.512190580368042
LLNKHIDAY	CASSPSSGESTDTQYF	1	1	0.9927833080291748
LLNKHIDAY	CASSTSLLAQHF	1	1	0.995473325252533
LLNKHIDAY	CASSFGGGLQETQYF	1	1	0.7876113057136536
LLNKHIDAY	CASSSETGWGTEAFF	1	1	0.9970946311950684
LLNKHIDAY	CASSPSGLAGSNLGNEQFF	1	1	0.9907171130180359
LLNKHIDAY	CATSSEDSSNQPQHF	1	1	0.8070952296257019
LLNKHIDAY	CSARTGGDGYTF	1	0	0.03522438183426857
LLNKHIDAY	CASSIGIHGYTF	1	0	1.387696784149739e-07
LLNKHIDAY	CATSEIQGFSTDTQYF	1	1	0.9610165953636169
LLNKHIDAY	CAISESVNTEAFF	1	1	0.9999879598617554
LLNKHIDAY	CASSDRAGVVTDTQYF	1	1	0.9782305955886841
LLNKHIDAY	CASSPSGLAGSNLGNEQFF	1	1	0.9907171130180359
LLNKHIDAY	CACSIDPRGQPQHF	1	1	0.9999421834945679
LLNKHIDAY	CASTLGTEAFF	1	1	0.9454274773597717
LLNKHIDAY	CASSTGSYEQYF	1	1	0.9345831274986267
LLNKHIDAY	CASSIETGTEITGELFF	1	1	0.6886976957321167
LLNKHIDAY	CASSQDSGPQYEQYF	1	0	0.15101465582847595
LLNKHIDAY	CASSEGGGYEQYF	1	1	0.9120008945465088
LLNKHIDAY	CASSLNSGHTQYF	1	1	0.9955724477767944
LLNKHIDAY	CASSSRLYNEQFF	1	1	0.93922358751297
LLNKHIDAY	CASSLWAGNTIYF	1	1	0.999862551689148
LLNKHIDAY	CASSFLGQGDSPLHF	1	1	0.9896746277809143
LLNKHIDAY	CASSLGEPQHF	1	1	0.9530696272850037
LLNKHIDAY	CSAEVPGANTGELFF	1	1	0.8885504007339478
LLNKHIDAY	CASSIGRSPQHF	1	1	0.796705961227417
LLNKHIDAY	CASAGERSEQFF	1	1	0.9999438524246216
LLNKHIDAY	CASSLGPAGAHNEQFF	1	1	0.9999725818634033
LLNKHIDAY	CSARLRDKDYEQYF	1	1	0.685111939907074
LLNKHIDAY	CASSWYTTGQETQYF	1	1	0.9994764924049377
LLNKHIDAY	CASSQKPGQDHYEQYF	1	1	0.9444472789764404
LLNKHIDAY	CASSPDGTGSGNTIYF	1	1	0.9999990463256836
LLNKHIDAY	CASSPVGWGNTIYF	1	1	0.9999926090240479
LLNKHIDAY	CASSLELGQGRETQYF	1	1	0.9997923970222473
LLNKHIDAY	CASSRVGSPLHF	1	1	0.9999809265136719
LLNKHIDAY	CASSGLAGGPHEQFF	1	1	0.9998288154602051
LLNKHIDAY	CASSEVRGPSYNEQFF	1	1	0.9978557229042053
LLNKHIDAY	CAWKPTGLGYGYTF	1	1	0.9996732473373413
LLNKHIDAY	CASSLENTGELFF	1	1	0.8932204842567444
LLNKHIDAY	CASSPRDSLYEQYF	1	1	0.9786666631698608
LLNKHIDAY	CASSMRHFSYEQYF	1	0	0.02114509977400303
LLNKHIDAY	CASSDGGSSGNTIYF	1	1	0.9999991655349731
LLNKHIDAY	CSARVGDTGELFF	1	1	0.9286766648292542
LLNKHIDAY	CASKKTPVGTEAFF	1	1	0.9710956811904907
LLNKHIDAY	CASSIGDGILLTDTQYF	1	0	0.025936316698789597
LLNKHIDAY	CASSPRPGPNQPQHF	1	0	0.28365153074264526
LLNKHIDAY	CASSPYPSRGSNEQFF	1	1	0.9995238780975342
LLNKHIDAY	CASSTPRGGYTF	1	1	0.9107489585876465
LLNKHIDAY	CASSFWGLAGGYNEQFF	1	1	0.9969626069068909
LLNKHIDAY	CASSLARIYTYNEQFF	1	1	0.9999983310699463
LLNKHIDAY	CASSLYSPAHTEAFF	1	1	0.9992942810058594
LLNKHIDAY	CASSWGDYNEQFF	1	0	0.3921695053577423
LLNKHIDAY	CSARDQSRATDTQYF	1	0	0.30715546011924744
LLNKHIDAY	CASSRSTGGSGNTIYF	1	1	0.524465799331665
LLNKHIDAY	CASRIQGRQPQHF	1	1	0.9389456510543823
LLNKHIDAY	CASSTSSSWTQYF	1	0	0.00010298215056536719
LLNKHIDAY	CASSPSGYQPQHF	1	1	0.9999997615814209
LLNKHIDAY	CASSETGTSGDEQYF	1	1	0.9999295473098755
LLNKHIDAY	CASSRYRDPPDHEQYF	1	1	0.9178791642189026
LLNKHIDAY	CASSSAHYGYTF	1	0	0.003413597820326686
LLNKHIDAY	CASSRGGGSYNEQFF	1	1	0.999958872795105
LLNKHIDAY	CASSDGTSGRAGGELFF	1	1	0.9901925325393677
LLNKHIDAY	CASSPTSGSRETQYF	1	1	0.9782212376594543
LLNKHIDAY	CASSLNEQEGQPQHF	1	0	0.0482846163213253
LLNKHIDAY	CASARGWGPAGGELFF	1	0	0.005096819251775742
LLNKHIDAY	CASSLLAGGKETQYF	1	1	0.998930037021637
LLNKHIDAY	CASSYRGGYEQYF	1	1	0.9829439520835876
LLNKHIDAY	CASSRAGTGYNEQFF	1	1	0.9999996423721313
LLNKHIDAY	CASSTSTGQGWHYGYTF	1	1	0.9917723536491394
LLNKHIDAY	CASSQRRTGPSSTDTQYF	1	1	0.9955398440361023
LLNKHIDAY	CARQTTGTTVGYTF	1	0	0.382900595664978
LLNKHIDAY	CASSQGETQYF	1	1	0.7125980854034424
LLNKHIDAY	CSARIAGAKNIQYF	1	1	0.9999932050704956
LLNKHIDAY	CASSPTANEKLFF	1	1	0.9999195337295532
LLNKHIDAY	CSARGQGTSGVDYGYTF	1	1	0.9356856346130371
LLNKHIDAY	CASSPQGDSASSGNTIYF	1	1	0.9999748468399048
LLNKHIDAY	CASSIGATEAFF	1	0	0.02724240906536579
LLNKHIDAY	CASSFLGQGAAGELFF	1	0	0.20392361283302307
LLNKHIDAY	CATSRNRGDGYTF	1	0	0.4799320697784424
LLNKHIDAY	CASSTPDTPSSYNEQFF	1	0	0.4441840350627899
LLNKHIDAY	CASRESLLAGGPDTQYF	1	1	0.9228153824806213
LLNKHIDAY	CASSLILDSPLHF	1	1	0.9999399185180664
LLNKHIDAY	CASSLDNQPQHF	1	1	0.7949331402778625
LLNKHIDAY	CASSVSGANYNEQFF	1	1	0.9999998807907104
LLNKHIDAY	CASSGTGVTGELFF	1	1	0.9794253706932068
LLNKHIDAY	CAISDPRDSYEQYF	1	1	0.9998325109481812
LLNKHIDAY	CASSQAGTGFYGYTF	1	1	0.9979153275489807
LLNKHIDAY	CSATGLRTSYEQYF	1	1	0.9999765157699585
LLNKHIDAY	CASSQDHPGGYEQYF	1	1	0.9998295307159424
LLNKHIDAY	CSASAGLVGYEQYF	1	1	0.9990063309669495
LLNKHIDAY	CASSEGVNEQFF	1	1	0.7073675394058228
LLNKHIDAY	CASSQDPETGRTDTQYF	1	0	0.3413030505180359
LLNKHIDAY	CASSRQNTGELFF	1	0	0.06890826672315598
LLNKHIDAY	CASSQERDRVYEQYF	1	0	0.013347321189939976
LLNKHIDAY	CASSMGPTGYGYTF	1	0	0.00036402171826921403
LLNKHIDAY	CASSSGEGTEAYNEQFF	1	0	0.057230446487665176
LLNKHIDAY	CASSHFSGTFPYEQYF	1	0	6.297057552728802e-05
LLNKHIDAY	CAWSAASGGAQDTQYF	1	1	0.9908387064933777
LLNKHIDAY	CASSPSAGRGLGYTF	1	1	0.9994256496429443
LLNKHIDAY	CASSLDGPSGSPHEQYF	1	1	0.9989156723022461
LLNKHIDAY	CAWDSYNQPQHF	1	1	0.8559609055519104
LLNKHIDAY	CASSPGREQYF	1	1	0.9971687197685242
LLNKHIDAY	CASSFGLDHGTGELFF	1	0	0.004203455522656441
LLNKHIDAY	CASHISTGELFF	1	0	0.16838990151882172
LLNKHIDAY	CASSLAGDQEPQYEQYF	1	1	0.8665558099746704
LLNKHIDAY	CASSTMGDYYEQYF	1	1	0.9996408224105835
LLNKHIDAY	CASSVEGDGSEAFF	1	1	0.9255315661430359
LLNKHIDAY	CASFDRTQGFSGANVLTF	1	1	0.7311537861824036
LLNKHIDAY	CSANPRTTLYEQYF	1	1	0.9999773502349854
LLNKHIDAY	CASSAFVETQYF	1	0	0.006993148010224104
LLNKHIDAY	CASSQTAGTGELFF	1	1	0.9973088502883911
LLNKHIDAY	CASSGRARLARTDTQYF	1	0	0.16739870607852936
LLNKHIDAY	CASSPHAGGVDEKLFF	1	1	0.8192740678787231
LLNKHIDAY	CASSLSVSSYNEQFF	1	1	0.9999982118606567
LLNKHIDAY	CASSLRGTDTQYF	1	1	0.9711771011352539
LLNKHIDAY	CASSIQNTGELFF	1	0	0.011019660159945488
LLNKHIDAY	CASSLGSGGGETQYF	1	1	0.992840051651001
LLNKHIDAY	CASSLYGSRPQHF	1	1	0.9841634631156921
LLNKHIDAY	CASSLRQGEYNEQFF	1	1	0.9158169031143188
LLNKHIDAY	CASSLLWAEYNEQFF	1	1	0.9999395608901978
LLNKHIDAY	CASGPLVGGGLGAYTF	1	1	0.9777555465698242
LLNKHIDAY	CAWSVPLGRREKLFF	1	1	0.9999784231185913
LLNKHIDAY	CASSPGLTPAEQYF	1	1	0.998257577419281
LLNKHIDAY	CASSLVDSARSYEQYF	1	0	0.11043544858694077
LLNKHIDAY	CASSQGGGGTDTQYF	1	1	0.9999762773513794
LLNKHIDAY	CASSGQGMGNSPLHF	1	1	0.9999978542327881
LLNKHIDAY	CASSQDLGVDGYTF	1	1	0.7786477208137512
LLNKHIDAY	CASILRAESSYNEQFF	1	0	0.45409485697746277
LLNKHIDAY	CASSQGGQGAPYEQYF	1	1	0.9852650761604309
LLNKHIDAY	CASTPRRLGLFPSSGNTIYF	1	1	0.9999583959579468
LLNKHIDAY	CASSPPLAGGYEQYF	1	1	0.9999010562896729
LLNKHIDAY	CASSPTRGLEIEKLFF	1	1	0.9980104565620422
LLNKHIDAY	CASSPDGLTENTEAFF	1	0	0.0662023276090622
LLNKHIDAY	CASRPSRGTNYGYTF	1	1	0.9986180067062378
LLNKHIDAY	CAISESSRGVDGYTF	1	1	0.9958763122558594
LLNKHIDAY	CASSLSRSQPPNQPQHF	1	1	0.9502804279327393
LLNKHIDAY	CASSLGQGATNTGELFF	1	1	0.8961554169654846
LLNKHIDAY	CASSGPGTLNLDTF	1	1	0.5734595060348511
LLNKHIDAY	CASRSGGGSYEQYF	1	1	0.999997615814209
LLNKHIDAY	CASSQDSGWREKLFF	1	1	0.9966482520103455
LLNKHIDAY	CASSLGEDSSLKREPLHF	1	0	0.11183378100395203
LLNKHIDAY	CASKPGAIEAFF	1	0	0.07369275391101837
LLNKHIDAY	CASSVSQGYEQFF	1	1	0.9998666048049927
LLNKHIDAY	CASSLINTGELFF	1	1	0.8568494319915771
LLNKHIDAY	CASSESRSGNQPQHF	1	1	0.9985032081604004
LLNKHIDAY	CASSAGTSGGASYNEQFF	1	1	0.9999527931213379
LLNKHIDAY	CASSRTGSSYNEQFF	1	1	0.9999979734420776
LLNKHIDAY	CASSIGFGQGVSTEAFF	1	0	1.4915852375452232e-07
LLNKHIDAY	CASSLSRANSPLHF	1	1	0.9999792575836182
LLNKHIDAY	CSARAGSTYEQYF	1	1	0.9864897727966309
LLNKHIDAY	CASSQASNQPQHF	1	1	0.6664235591888428
LLNKHIDAY	CASSSYRKEKLFF	1	1	0.995536208152771
LLNKHIDAY	CASSQYAVRVGDTEAFF	1	1	0.9996960163116455
LLNKHIDAY	CASRLPPSSGNTDTQYF	1	1	0.9999861717224121
LLNKHIDAY	CASSSYSRYEQYF	1	1	0.9266794323921204
LLNKHIDAY	CASTQGYNEQFF	1	1	0.573816180229187
LLNKHIDAY	CASNLGGGSTDTQYF	1	1	0.9993805885314941
LLNKHIDAY	CATSFAPGQGEHGYTF	1	1	0.9451741576194763
LLNKHIDAY	CASSFGASGSVGELFF	1	1	0.9999949932098389
LLNKHIDAY	CASSVDRGAYNEQFF	1	1	0.9999673366546631
LLNKHIDAY	CASSLDAETQYF	1	1	0.970687747001648
LLNKHIDAY	CASWGPGTEGAYEQYF	1	1	0.9983710646629333
LLNKHIDAY	CASSIDRWTQGNQPQHF	1	1	0.9998705387115479
LLNKHIDAY	CASSSLSEAFF	1	1	0.671400785446167
LLNKHIDAY	CASSVAGLAGATSTDTQYF	1	1	0.9992464780807495
LLNKHIDAY	CASSVVSGGHQPQHF	1	1	0.9999362230300903
LLNKHIDAY	CASVYLAGTMDTQYF	1	0	0.3767133057117462
LLNKHIDAY	CASSVDDTGLSYEQYF	1	1	0.9999964237213135
LLNKHIDAY	CASSQVGRGRGAFF	1	1	0.9999887943267822
LLNKHIDAY	CASSADQLEQFF	1	1	0.9999246597290039
LLNKHIDAY	CASSQDRIRQARTGELFF	1	0	0.006030020769685507
LLNKHIDAY	CASSLAAGGSYGYTF	1	0	0.09002844244241714
LLNKHIDAY	CASRRTGVVEKLFF	1	1	0.998918890953064
LLNKHIDAY	CASSLAGVIETQYF	1	1	0.9588627815246582
LLNKHIDAY	CASGFPIYRDKSTDTQYF	1	1	0.9711185097694397
LLNKHIDAY	CASSYRVGRSSYEQYF	1	1	0.969031810760498
LLNKHIDAY	CACCRLFSREYGYTF	1	1	0.9673569798469543
LLNKHIDAY	CATSSMGYSNQPQHF	1	1	0.5664929151535034
LLNKHIDAY	CSARSLAVSTDTQYF	1	1	0.9984509944915771
LLNKHIDAY	CASRTRLGRNEQFF	1	1	0.9256772994995117
LLNKHIDAY	CASSPLQGANHDEQYF	1	1	0.9937838315963745
LLNKHIDAY	CASSFLSAGGGTDTQYF	1	1	0.9999877214431763
LLNKHIDAY	CASSLGTGGTEAFF	1	1	0.9999125003814697
LLNKHIDAY	CASRELGQETQYF	1	1	0.7713914513587952
LLNKHIDAY	CASSFAQRGHRETQYF	1	1	0.9506125450134277
LLNKHIDAY	CASSQWTGSNYGYTF	1	1	0.6930604577064514
LLNKHIDAY	CSVEQRDTGELFF	1	1	0.9765048027038574
LLNKHIDAY	CATFAASKEQFF	1	1	0.9663196206092834
LLNKHIDAY	CASSQDSSETQYF	1	0	0.49730557203292847
LLNKHIDAY	CASSLLGSNQETQYF	1	1	0.9961780309677124
LLNKHIDAY	CASSLGGTSTAETQYF	1	1	0.9994217157363892
LLNKHIDAY	CSAPPPYNEQFF	1	0	0.09941192716360092
LLNKHIDAY	CASSYLGQMDEKLFF	1	1	0.9916241765022278
LLNKHIDAY	CASTLSTDRGFTGELFF	1	1	0.9995160102844238
LLNKHIDAY	CASSGREAFF	1	1	0.9976463913917542
LLNKHIDAY	CASSLMGGGNTIYF	1	1	0.9999792575836182
LLNKHIDAY	CATRERQGWVEAFF	1	1	0.7396331429481506
LLNKHIDAY	CAAHGGTRTLAKNIQYF	1	1	0.9994600415229797
LLNKHIDAY	CASSERTSGGYTDTQYF	1	1	0.9996397495269775
LLNKHIDAY	CASSLSPLDNPSYEQYF	1	1	0.768079936504364
LLNKHIDAY	CASSQDYNEQFF	1	1	0.9904181361198425
LLNKHIDAY	CASSLNNEQFF	1	1	0.9619385004043579
LLNKHIDAY	CASSEALSGGAPAETQYF	1	1	0.9995823502540588
LLNKHIDAY	CASSITDRVHAGANVLTF	1	1	0.8341935873031616
LLNKHIDAY	CASSFPVTAITGNTEAFF	1	0	0.3237389624118805
LLNKHIDAY	CSATPNPGGHSTDTQYF	1	1	0.9999964237213135
LLNKHIDAY	CASSKGLAVDYTQYF	1	1	0.9880567789077759
LLNKHIDAY	CASTRGQGRDGELFF	1	0	0.11887708306312561
LLNKHIDAY	CASSVERENTGELFF	1	1	0.9998525381088257
LLNKHIDAY	CASSEQGVVDTQYF	1	1	0.9972455501556396
LLNKHIDAY	CSAPGGRPQHF	1	1	0.9516685605049133
LLNKHIDAY	CASLTRFGLYSNQPQHF	1	1	0.9944286346435547
LLNKHIDAY	CASSERLDLAGGRNEQFF	1	1	0.5913604497909546
LLNKHIDAY	CASTIGGDTGELFF	1	1	0.6080140471458435
LLNKHIDAY	CASSQTTPLTYNYEQYF	1	0	0.061578866094350815
LLNKHIDAY	CASSQEFVGAVLDTQYF	1	1	0.9042391777038574
LLNKHIDAY	CATSGDTQYF	1	1	0.6985079050064087
LLNKHIDAY	CASSERQLPYEQYF	1	1	0.7023672461509705
LLNKHIDAY	CASSQEASGGKETQYF	1	1	0.9259622693061829
LLNKHIDAY	CASSEEGGLSNEKLFF	1	0	0.0177165474742651
LLNKHIDAY	CASSLLAVDNEQFF	1	1	0.9999704360961914
LLNKHIDAY	CASSLAGYEQYF	1	1	0.9999752044677734
LLNKHIDAY	CASGGKVFPPYEQYF	1	0	0.10607712715864182
LLNKHIDAY	CATSPTRSTTDTQYF	1	1	0.9924252033233643
LLNKHIDAY	CASSGELRGAEKLFF	1	1	0.9999983310699463
LLNKHIDAY	CASSVGVSNQPQHF	1	1	0.977458119392395
LLNKHIDAY	CASSQDLGARMGETQYF	1	1	0.9230715036392212
LLNKHIDAY	CAWSVQQGDQPQHF	1	1	0.9948585033416748
LLNKHIDAY	CATSELSGETQYF	1	0	0.013305620290338993
LLNKHIDAY	CASSQERGGPDTQYF	1	1	0.9999899864196777
LLNKHIDAY	CASSESQGDYYGYTF	1	1	0.8302198648452759
LLNKHIDAY	CASSLGRSTGELFF	1	1	0.9991868138313293
LLNKHIDAY	CASSVGQGNQPQHF	1	1	0.9986818432807922
LLNKHIDAY	CASSFSGRVGEKLFF	1	1	0.9996299743652344
LLNKHIDAY	CASSLDQGAQDNEQFF	1	1	0.8659941554069519
LLNKHIDAY	CASLDRVGGYTF	1	1	0.9721601009368896
LLNKHIDAY	CASSYGTGDLSYNEQFF	1	1	0.9994581341743469
LLNKHIDAY	CASSALTGPNTEAFF	1	1	0.9893885254859924
LLNKHIDAY	CAIDETGHGYTF	1	1	0.8865963220596313
LLNKHIDAY	CASSLGVGRGFTEAFF	1	1	0.9838265776634216
LLNKHIDAY	CASSLELAGVDTQYF	1	1	0.7179133892059326
LLNKHIDAY	CASSLFGSGGAGETQYF	1	1	0.6950923204421997
LLNKHIDAY	CASSPGTDTQYF	1	1	0.8401511907577515
LLNKHIDAY	CASSPGASYEQYF	1	1	0.9971877932548523
LLNKHIDAY	CASSVEEPGTVYEQYF	1	0	0.007568397093564272
LLNKHIDAY	CASALGAVDTQYF	1	1	0.9971514344215393
LLNKHIDAY	CAWGIPRQDNNEKLFF	1	1	0.984492301940918
LLNKHIDAY	CASPGDLNTEAFF	1	1	0.9993335604667664
LLNKHIDAY	CASSYSTSQGANYEQYF	1	1	0.999992847442627
LLNKHIDAY	CATSDFGVNTGELFF	1	1	0.9998249411582947
LLNKHIDAY	CASSQEAREVVYEQYF	1	1	0.9043605327606201
LLNKHIDAY	CASSTYRGQPQHF	1	1	0.8181871771812439
LLNKHIDAY	CATSAQTGQGENTEAFF	1	1	0.8015376925468445
LLNKHIDAY	CASSFDHRGRDEQFF	1	1	0.999984860420227
LLNKHIDAY	CASATWGDPNQPQHF	1	1	0.9248694777488708
LLNKHIDAY	CATSREWPGELFF	1	1	0.9972978234291077
LLNKHIDAY	CASTWDSLYEQYF	1	1	0.9982714653015137
LLNKHIDAY	CSASPGYNEQFF	1	1	0.5010626912117004
LLNKHIDAY	CASNSLDREDGNTIYF	1	0	0.28874313831329346
LLNKHIDAY	CASSVTEMGGTEAFF	1	1	0.9999998807907104
LLNKHIDAY	CASSAYNEQFF	1	1	0.8439487218856812
LLNKHIDAY	CASSLSYNSPLHF	1	1	0.9997362494468689
LLNKHIDAY	CASSLPGWEQYF	1	1	0.9756343960762024
LLNKHIDAY	CASSRDFVSNEQYF	1	1	0.994928240776062
LLNKHIDAY	CASSLGRAGYGETQYF	1	1	0.9998406171798706
LLNKHIDAY	CASSNRGYDEQYF	1	1	0.9978153705596924
LLNKHIDAY	CASSPRQRSGNTIYF	1	1	0.9990074038505554
LLNKHIDAY	CASSENEQFF	1	1	0.9789947867393494
LLNKHIDAY	CASSVGRTLDYGYTF	1	1	0.9994206428527832
LLNKHIDAY	CASRQTSGTYNEQFF	1	1	0.9862098097801208
LLNKHIDAY	CASSYGTLPSEQFF	1	1	0.9612950086593628
LLNKHIDAY	CASKKLAGDSYEQYF	1	1	0.999995231628418
LLNKHIDAY	CASSLGTSGRAGETQYF	1	1	0.9856098294258118
LLNKHIDAY	CASSQVAAGDNSYEQYF	1	1	0.9999828338623047
LLNKHIDAY	CASSLGQGPYEQYF	1	1	0.9998100399971008
LLNKHIDAY	CASSLLSGSSYEQYF	1	1	0.9570304155349731
LLNKHIDAY	CASSPPGTPPNYGYTF	1	1	0.8326689004898071
LLNKHIDAY	CASSLSNTPGEQFF	1	1	0.9598321914672852
LLNKHIDAY	CASSDRDRGLLRQFF	1	1	0.6901098489761353
LLNKHIDAY	CASSIATGLNQPQHF	1	0	0.01075307372957468
LLNKHIDAY	CASSLNWREITDTQYF	1	1	0.7621062397956848
LLNKHIDAY	CASSLSWGSSYNEQFF	1	1	0.9965936541557312
LLNKHIDAY	CASSPEGRRMGPTNEKLFF	1	1	0.9171127080917358
LLNKHIDAY	CSARAYTGELFF	1	0	0.28216224908828735
LLNKHIDAY	CASSQGAGGLVFYEQYF	1	0	0.4919865131378174
LLNKHIDAY	CSVVRGSYNEQFF	1	1	0.9308763146400452
LLNKHIDAY	CASGGGQGGNNEQFF	1	1	0.9985587000846863
LLNKHIDAY	CASFGGTGELFF	1	0	0.0064249481074512005
LLNKHIDAY	CASSPSGRGGNEQFF	1	1	0.9999998807907104
LLNKHIDAY	CAISESNDGNEQFF	1	1	0.9999951124191284
LLNKHIDAY	CASSPERGEETQYF	1	1	0.9999556541442871
LLNKHIDAY	CASSRNPGTGTYNEQFF	1	1	0.9998869895935059
LLNKHIDAY	CASSEYGGYTF	1	0	0.2518629729747772
LLNKHIDAY	CASSLMVNEQYF	1	1	0.9992284774780273
LLNKHIDAY	CASTGGPEGNQPQHF	1	1	0.9991815686225891
LLNKHIDAY	CASTFAHAGDSNEQFF	1	1	0.9926720857620239
LLNKHIDAY	CASSPIELVTYNEQFF	1	1	0.9997683167457581
LLNKHIDAY	CASSLGGHGQPQHF	1	1	0.9383041262626648
LLNKHIDAY	CASSLAGGSLSYEQYF	1	1	0.9992726445198059
LLNKHIDAY	CSARHLANNEQFF	1	1	0.9679549336433411
LLNKHIDAY	CASSLGGEGYEQYF	1	1	0.9993765950202942
LLNKHIDAY	CASSEVGVFEAFF	1	1	0.9983953833580017
LLNKHIDAY	CASSLIANQETQYF	1	1	1.0
LLNKHIDAY	CASSPLRGGVTYNEQFF	1	1	0.999427855014801
LLNKHIDAY	CASSLTRTALNTEAFF	1	1	0.9979054927825928
LLNKHIDAY	CASNWFRDNTGELFF	1	1	0.9977481961250305
LLNKHIDAY	CASKRQGLHAEQYF	1	1	0.8707413673400879
LLNKHIDAY	CASSLGRGAYEQYF	1	1	0.9999933242797852
LLNKHIDAY	CASSFPGQGNTQYF	1	1	0.9993957281112671
LLNKHIDAY	CASSLTGTVDGYTF	1	1	0.9883134365081787
LLNKHIDAY	CASSLGGGVLFF	1	1	0.9980449676513672
LLNKHIDAY	CASSFGGRSTDTQYF	1	1	0.9916679859161377
LLNKHIDAY	CASRQLAGFYEQYF	1	1	0.6580904722213745
LLNKHIDAY	CASTVFQGSTNEQFF	1	1	0.9983578324317932
LLNKHIDAY	CASSQDMGWGTDTQYF	1	1	0.9999991655349731
LLNKHIDAY	CASSPRDEQFF	1	1	0.5558845400810242
LLNKHIDAY	CASSPGDPSTDTQYF	1	0	0.0024983456823974848
LLNKHIDAY	CASSLGTGGQFF	1	1	0.906470537185669
LLNKHIDAY	CSARGTDFANTGELFF	1	0	0.018645716831088066
LLNKHIDAY	CASSLASGSNQPQHF	1	1	0.7822747826576233
LLNKHIDAY	CATTFRGYEQYF	1	1	0.7067806720733643
LLNKHIDAY	CASSQDHGLHPEAFF	1	1	0.9999403953552246
LLNKHIDAY	CASSYDSRETQYF	1	1	0.9702270030975342
LLNKHIDAY	CASSQDRAGWIDEQFF	1	1	0.8343995809555054
LLNKHIDAY	CSARDREGSIYNEQFF	1	1	0.8252562880516052
LLNKHIDAY	CASSLLGYEQYF	1	1	0.9990125894546509
LLNKHIDAY	CASSYDRGFYNEQFF	1	1	0.9966122508049011
LLNKHIDAY	CASIGSGYNEQFF	1	1	0.999996542930603
LLNKHIDAY	CASSLVPTADVLTF	1	1	0.9999938011169434
LLNKHIDAY	CASTPGGYEQYF	1	1	0.9952709078788757
LLNKHIDAY	CASSPPRLGAFF	1	1	0.9999411106109619
LLNKHIDAY	CATSDVAGGGGEQFF	1	1	0.8958700299263
LLNKHIDAY	CASSQDRASYNEQFF	1	1	0.9998443126678467
LLNKHIDAY	CASSLGRTGANTGELFF	1	1	0.9899271726608276
LLNKHIDAY	CASTGSAGGSYGYTF	1	1	0.95023512840271
LLNKHIDAY	CASSPSYNEQFF	1	1	0.9869877099990845
LLNKHIDAY	CASSLDRNTEAFF	1	1	0.9999953508377075
LLNKHIDAY	CASRIGTTNEQYF	1	0	0.011903418228030205
LLNKHIDAY	CATSREGAGTEAFF	1	1	0.9995896220207214
LLNKHIDAY	CASSPGPNQPQHF	1	0	0.019121460616588593
LLNKHIDAY	CASSLTSGGQGEQFF	1	1	0.9880721569061279
LLNKHIDAY	CASSLGFNEQYF	1	1	0.9906855225563049
LLNKHIDAY	CSARDLVGLAGDTDTQYF	1	1	0.9984148740768433
LLNKHIDAY	CASSPQNSYNEQFF	1	1	0.9995546936988831
LLNKHIDAY	CASSLGEARPQETQYF	1	0	0.000475931417895481
LLNKHIDAY	CASSHEWGSNTGELFF	1	0	0.2663212716579437
LLNKHIDAY	CASSWTQETQYF	1	1	0.9713751077651978
LLNKHIDAY	CASSLPGQMIRWDTEAFF	1	0	8.019132656045258e-05
LLNKHIDAY	CAWSWTDYEQYF	1	1	0.9999940395355225
LLNKHIDAY	CASSSTRGWADTQYF	1	1	0.9999998807907104
LLNKHIDAY	CATFTGNTEAFF	1	1	0.7424306273460388
LLNKHIDAY	CASSLLGGSYEQYF	1	1	0.9990493655204773
LLNKHIDAY	CASSVASGQLYGYTF	1	1	0.9701645374298096
LLNKHIDAY	CASSLSGGGHTDTQYF	1	1	0.9587786793708801
LLNKHIDAY	CASSDRFWEQYF	1	1	0.8369668126106262
LLNKHIDAY	CASSLYSGSFYEQYF	1	1	0.8581998944282532
LLNKHIDAY	CATSDSSGSNEQFF	1	1	0.9809889197349548
LLNKHIDAY	CASSLLPEGTGRVSGYTF	1	1	0.9996907711029053
LLNKHIDAY	CASSLSGGLLRTGELFF	1	1	0.8645810484886169
LLNKHIDAY	CASSLEGDPSYEQYF	1	0	0.12004334479570389
LLNKHIDAY	CASSYPLGTQYF	1	0	0.46071532368659973
LLNKHIDAY	CSARDPQRTTSTDTQYF	1	1	0.9433293342590332
LLNKHIDAY	CASSLVNGLGYTF	1	1	0.9998811483383179
LLNKHIDAY	CSVEGSGGTQYF	1	1	0.9086461067199707
LLNKHIDAY	CASSYFPYDLYEQYF	1	1	0.8178691864013672
LLNKHIDAY	CATSTGDSNQPQHF	1	0	0.002198310336098075
LLNKHIDAY	CASSEDGMNTEAFF	1	1	0.9779474139213562
LLNKHIDAY	CASSVGGGVTDTQYF	1	1	0.9808624982833862
LLNKHIDAY	CSARTATGGQSGYTF	1	1	0.9345332980155945
LLNKHIDAY	CASSLGPVYEQYF	1	1	0.9939225316047668
LLNKHIDAY	CASSEDNRGRYEQYF	1	1	0.9999716281890869
LLNKHIDAY	CASSLRDSSSYEQYF	1	0	0.2362140268087387
LLNKHIDAY	CASSQNYEQYF	1	1	0.9915478825569153
LLNKHIDAY	CASSLLRVSGANVLTF	1	1	0.9990715980529785
LLNKHIDAY	CASSQVVTDNEQFF	1	1	0.9937028288841248
LLNKHIDAY	CASRGLALYNEQFF	1	1	0.9965755343437195
LLNKHIDAY	CASSLMTNQPQHF	1	1	0.99998939037323
LLNKHIDAY	CATGTGGGYGYTF	1	0	0.2841293513774872
LLNKHIDAY	CASSLDRVSYNEQFF	1	1	0.9985778331756592
LLNKHIDAY	CASSLFTGTNEQFF	1	0	0.3508748710155487
LLNKHIDAY	CASSPRTDQETQYF	1	0	0.002219834364950657
LLNKHIDAY	CASSQGGRSTDTQYF	1	1	0.9868533611297607
LLNKHIDAY	CASSIGTGRTHNEQFF	1	0	0.19285325706005096
LLNKHIDAY	CASSYSSRLQYF	1	1	1.0
LLNKHIDAY	CASSEALSGGSETQYF	1	1	0.9954370856285095
LLNKHIDAY	CASSIDLSEGDTNQPQHF	1	1	0.9999004602432251
LLNKHIDAY	CASSSSGYNEQFF	1	1	0.9986503720283508
LLNKHIDAY	CASSWLGQGALEAFF	1	1	0.9999990463256836
LLNKHIDAY	CASSLMTGGAYNEQFF	1	1	0.9985417127609253
LLNKHIDAY	CAISEEVSGGVGANEQFF	1	1	0.9999576807022095
LLNKHIDAY	CASSQDPGPDTQYF	1	1	0.9999041557312012
LLNKHIDAY	CASSLADLLAEKLFF	1	1	0.9999402761459351
LLNKHIDAY	CASSFEVRVDTEAFF	1	1	0.999358594417572
LLNKHIDAY	CSVEDGYEQYF	1	0	0.13418184220790863
LLNKHIDAY	CAWSAIADTDTQYF	1	1	0.9996597766876221
LLNKHIDAY	CASSIARTGEAVNEQFF	1	1	0.9988157749176025
LLNKHIDAY	CAISSDSGDEQFF	1	1	0.8188991546630859
LLNKHIDAY	CASSYRLGNEQFF	1	1	0.9999891519546509
LLNKHIDAY	CASSQGSRPEQYF	1	1	0.9955683350563049
LLNKHIDAY	CASSPLTGESMSEKLFF	1	1	0.9562260508537292
LLNKHIDAY	CASSDRGTGELFF	1	1	0.9775955677032471
LLNKHIDAY	CASSLGTTQETQYF	1	1	0.9991693496704102
LLNKHIDAY	CASSYGGEQPQHF	1	1	0.9400143027305603
LLNKHIDAY	CASRGEGSYEQYF	1	1	0.9985746145248413
LLNKHIDAY	CASRMGHTDTQYF	1	1	0.9999830722808838
LLNKHIDAY	CASSLRGGQSYEQYF	1	1	0.9801788926124573
LLNKHIDAY	CASSFIGTRAGQYF	1	1	0.9999985694885254
LLNKHIDAY	CASSLASTGLTQETQYF	1	1	0.9999102354049683
LLNKHIDAY	CASTFIFVRGADSSYEQYF	1	1	0.9998340606689453
LLNKHIDAY	CASSLDFSRQETQYF	1	1	0.9867174625396729
LLNKHIDAY	CSVEAEGTATNEKLFF	1	0	1.2436486258593504e-06
LLNKHIDAY	CASSSDPSTDTQYF	1	0	0.006272050552070141
LLNKHIDAY	CSVEDPDRDGYTF	1	0	0.14486877620220184
LLNKHIDAY	CASKHSGTGVLARELFF	1	1	0.9884753227233887
LLNKHIDAY	CASSEWTGNTEAFF	1	1	0.9845992922782898
LLNKHIDAY	CSASGTGSYEQYF	1	1	0.999981164932251
LLNKHIDAY	CASSYSRGQPEAFF	1	1	0.9999980926513672
LLNKHIDAY	CASSADAGTSSEQFF	1	1	0.995590329170227
LLNKHIDAY	CASSLGRYNEQFF	1	1	0.9947745203971863
LLNKHIDAY	CASSAGSFRHPYSNQPQHF	1	0	2.34491281503324e-07
LLNKHIDAY	CASSLSGGRTKNIQYF	1	1	0.9991150498390198
LLNKHIDAY	CASSLDLTETQYF	1	1	0.8132292628288269
LLNKHIDAY	CSARTSAGVYEQFF	1	1	0.9879862666130066
LLNKHIDAY	CASSGQVESSGNTIYF	1	1	0.9993391633033752
LLNKHIDAY	CASSVSGPPTGELFF	1	1	0.9999895095825195
LLNKHIDAY	CSASVPAGQQNSSPLHF	1	1	0.9632070660591125
LLNKHIDAY	CSVEIGWGQGDNGDYGYTF	1	1	0.9991641044616699
LLNKHIDAY	CASSFRGPNLYTEAFF	1	1	0.9841832518577576
LLNKHIDAY	CASSPVGPNTQYF	1	1	0.9999997615814209
LLNKHIDAY	CASSATSNQPQHF	1	0	0.3659258186817169
LLNKHIDAY	CASSQDMRAGGPNEQFF	1	1	0.9999996423721313
LLNKHIDAY	CASSSSDPPGNQPQHF	1	1	0.9270316362380981
LLNKHIDAY	CASRPWTGANEKLFF	1	1	0.7026057839393616
LLNKHIDAY	CASSMNPQGGSSPLHF	1	1	0.9989863038063049
LLNKHIDAY	CASSLSGYEQYF	1	1	0.9998995065689087
LLNKHIDAY	CASSIVQGSNQPQHF	1	1	0.9515970945358276
LLNKHIDAY	CASSDPTGGYETQYF	1	1	0.9206414818763733
LLNKHIDAY	CASSLLGGRGNTGELFF	1	1	0.9990214109420776
LLNKHIDAY	CASSLFPGQGSDDEQFF	1	1	0.9999451637268066
LLNKHIDAY	CASSLTNPRQGAYNEQFF	1	0	0.33862608671188354
LLNKHIDAY	CASLGTPGLAGSSYEQYF	1	1	0.9997095465660095
LLNKHIDAY	CASSQDLMEETQYF	1	1	0.6457189321517944
LLNKHIDAY	CASSWTANTEAFF	1	1	0.9721457958221436
LLNKHIDAY	CATSDYGYTF	1	0	0.00012912933016195893
LLNKHIDAY	CASSAGVGTGELFF	1	1	0.9961751699447632
LLNKHIDAY	CASSFGGVEGMNTEAFF	1	1	0.9973278045654297
LLNKHIDAY	CSARFSANGEQYF	1	1	0.9986010193824768
LLNKHIDAY	CASSPRSSGGRYNEQFF	1	1	0.9985916018486023
LLNKHIDAY	CASSLESGFLSGYTF	1	1	0.5109030604362488
LLNKHIDAY	CASSFWTSGYEQYF	1	1	0.9999046325683594
LLNKHIDAY	CASSEFGTFQETQYF	1	1	0.5425597429275513
LLNKHIDAY	CASSLQGGNYGYTF	1	1	0.8611476421356201
LLNKHIDAY	CASSPTLYNEQFF	1	1	0.9999599456787109
LLNKHIDAY	CASSEALAGSTDTQYF	1	1	0.9999936819076538
LLNKHIDAY	CASTTGDSSNQPQHF	1	1	0.5383197069168091
LLNKHIDAY	CASSTSGETGELFF	1	1	0.9382773041725159
LLNKHIDAY	CASSLGGEQYF	1	1	0.9987155199050903
LLNKHIDAY	CASSMRVQSNTGELFF	1	1	0.947251558303833
LLNKHIDAY	CASSGRVTGGFYNEQFF	1	1	0.9994888305664062
LLNKHIDAY	CATSRGPLASLVDSYNEQFF	1	0	0.32125476002693176
LLNKHIDAY	CSAIPLGEPYEQYF	1	1	0.9677293300628662
LLNKHIDAY	CASSPGVGTEAFF	1	1	0.999967098236084
LLNKHIDAY	CASSGDPKAYEQYF	1	1	0.9905763864517212
LLNKHIDAY	CASSATGTGRTSAWYNEQFF	1	1	0.7924194931983948
LLNKHIDAY	CASKVAGFNEQFF	1	1	0.9999809265136719
LLNKHIDAY	CASSSLLQGVDYGYTF	1	1	0.9998069405555725
LLNKHIDAY	CASSPWTGARGYTF	1	1	0.9996911287307739
LLNKHIDAY	CASSLEMQGALYGYTF	1	1	0.9112998247146606
LLNKHIDAY	CASSLGTSGSTDTQYF	1	1	0.9991379976272583
LLNKHIDAY	CATSDDSEKLFF	1	1	0.9472932815551758
LLNKHIDAY	CASSEAGGGYEQYF	1	1	0.999982476234436
LLNKHIDAY	CASSQGGDEQFF	1	1	0.9381144046783447
LLNKHIDAY	CASSLAQYYQPQHF	1	1	0.9999998807907104
LLNKHIDAY	CSARGKGAISHHTEAFF	1	0	0.05765353515744209
LLNKHIDAY	CASSPNPQGANMDTQYF	1	1	0.9585764408111572
LLNKHIDAY	CASSSGTSGSADTQYF	1	1	0.6883641481399536
LLNKHIDAY	CASSPYPRTGGTDTQYF	1	1	0.9809523224830627
LLNKHIDAY	CASSLTSGSISTQYF	1	0	0.0014750170521438122
LLNKHIDAY	CASSLFPGQDRGRDQPQHF	1	1	0.992480993270874
LLNKHIDAY	CATSRDWTGSAETQYF	1	0	0.007446955423802137
LLNKHIDAY	CASSQVVDWISNTGELFF	1	1	0.9961768388748169
LLNKHIDAY	CASIAYSNQPQHF	1	1	0.6664414405822754
LLNKHIDAY	CASSLLPGNTGELFF	1	1	0.9997612833976746
LLNKHIDAY	CASSRDTVNTEAFF	1	0	0.46172913908958435
LLNKHIDAY	CASSDQLLEEWSSYNEQFF	1	0	0.17719204723834991
LLNKHIDAY	CASTSVNTGELFF	1	1	0.6051733493804932
LLNKHIDAY	CASSIALSTFQPQHF	1	1	0.9946172833442688
LLNKHIDAY	CASIDRSYEQYF	1	1	0.5708798170089722
LLNKHIDAY	CASSFLAGQRTDTEAFF	1	1	0.7481743693351746
LLNKHIDAY	CASSLHLMNTEAFF	1	1	0.9995744824409485
LLNKHIDAY	CASSRDRGLGYTF	1	1	0.9997305274009705
LLNKHIDAY	CASRDHRVIYGYTF	1	1	0.6137906312942505
LLNKHIDAY	CASSVGGGGSTDTQYF	1	1	0.9992893934249878
LLNKHIDAY	CASSSPRSSRDTDTQYF	1	1	0.5638920664787292
LLNKHIDAY	CASSQELAGGGNEQFF	1	1	0.99944669008255
LLNKHIDAY	CASTRGQRNGAFF	1	1	0.9999994039535522
LLNKHIDAY	CASSDATSGTYLYNEQFF	1	1	0.9999111890792847
LLNKHIDAY	CASSQDAGITYEQYF	1	1	0.9845365881919861
LLNKHIDAY	CASSPGTVKETQYF	1	1	0.9999538660049438
LLNKHIDAY	CASSPSGLAGYNEQFF	1	1	0.9985578656196594
LLNKHIDAY	CASSPTSAPGLFSGNTIYF	1	1	0.9973280429840088
LLNKHIDAY	CASSGLRGTAEAFF	1	1	0.9999450445175171
LLNKHIDAY	CASGLVPGGGSDGYTF	1	1	0.9999998807907104
LLNKHIDAY	CASKVYGYTF	1	0	0.4160305857658386
LLNKHIDAY	CASSLSAGTEAFF	1	1	0.9999550580978394
LLNKHIDAY	CASSLVGLGTEAFF	1	1	1.0
LLNKHIDAY	CASSQSGGRYEQYF	1	1	0.9999958276748657
LLNKHIDAY	CSVELSHSYEQYF	1	1	0.9983172416687012
LLNKHIDAY	CASSVGADEYYEQYF	1	1	0.9959979057312012
LLNKHIDAY	CASSYSERDTEKLFF	1	1	0.8969171643257141
LLNKHIDAY	CASRVKETQYF	1	1	0.8841515779495239
LLNKHIDAY	CASSPRTSGNTYEQYF	1	1	0.9886705875396729
LLNKHIDAY	CASSSVAFDSGNTIYF	1	1	0.999790608882904
LLNKHIDAY	CASSLGPADTQYF	1	1	0.9994718432426453
LLNKHIDAY	CASINSPGGEDTGELFF	1	0	0.40624552965164185
LLNKHIDAY	CAINKESDSYEQYF	1	1	0.9990123510360718
LLNKHIDAY	CASSVTSSRGGTDTQYF	1	1	0.8652857542037964
LLNKHIDAY	CAISERDFQETQYF	1	0	0.0002658769371919334
LLNKHIDAY	CASITKDRAYEQYF	1	0	0.029101181775331497
LLNKHIDAY	CATSETVAGGTGELFF	1	1	0.9999747276306152
LLNKHIDAY	CASSLDLGVDYGYTF	1	1	0.9988478422164917
LLNKHIDAY	CASSLTQGARNTIYF	1	1	0.9999995231628418
LLNKHIDAY	CASSLLYSDSPLHF	1	1	0.999953031539917
LLNKHIDAY	CASSIYGTSGSNEQFF	1	1	0.6937834620475769
