SGGGETALA	CSLSGGQHNEQFF	1	1	0.9999860525131226
SGGGETALA	CASSVDDTGLSYEQYF	1	1	0.9999997615814209
SGGGETALA	CASSLVNGLGYTF	1	1	0.9932647943496704
SGGGETALA	CAWSVGVSGANVLTF	1	1	0.999692440032959
SGGGETALA	CASSPYPSRGSNEQFF	1	1	0.99506014585495
SGGGETALA	CASSHFSGTFPYEQYF	1	0	0.0017493788618594408
SGGGETALA	CATSPTRSTTDTQYF	1	1	0.8316086530685425
SGGGETALA	CASSMGPTGYGYTF	1	0	1.9862784483848372e-06
SGGGETALA	CASSIARTGEAVNEQFF	1	1	0.9999792575836182
SGGGETALA	CASSQDMRAGGPNEQFF	1	1	0.9920002222061157
SGGGETALA	CASSPVGPNTQYF	1	1	0.9992024302482605
SGGGETALA	CASRPWTGANEKLFF	1	1	0.9998598098754883
SGGGETALA	CASSWTANTEAFF	1	1	0.7152364253997803
SGGGETALA	CASSQDSGPQYEQYF	1	1	0.9905266761779785
SGGGETALA	CAWDSYNQPQHF	1	1	0.9992560744285583
SGGGETALA	CASSDQLLEEWSSYNEQFF	1	0	0.07295174151659012
SGGGETALA	CASSDGTSGRAGGELFF	1	1	0.9993677735328674
SGGGETALA	CSASGTLDTEAFF	1	1	0.9992223978042603
SGGGETALA	CATSTGDSNQPQHF	1	1	0.673005998134613
SGGGETALA	CSARTATGGQSGYTF	1	1	0.9772770404815674
SGGGETALA	CASSLSYNSPLHF	1	1	0.9850495457649231
SGGGETALA	CASSLGGEGYEQYF	1	1	0.9272696375846863
SGGGETALA	CATSRDWTGSAETQYF	1	0	0.00252461526542902
SGGGETALA	CASSLGPADTQYF	1	1	0.8604643940925598
SGGGETALA	CASTPGGYEQYF	1	1	0.7058040499687195
SGGGETALA	CASSTPDTPSSYNEQFF	1	1	0.9991299510002136
SGGGETALA	CSGLLAGTDTQYF	1	1	0.9999274015426636
SGGGETALA	CASSRQNTGELFF	1	0	0.09355192631483078
SGGGETALA	CSARDQSRATDTQYF	1	1	0.843531608581543
SGGGETALA	CASINSPGGEDTGELFF	1	0	0.04688970744609833
SGGGETALA	CASSLSGGGHTDTQYF	1	1	0.8766640424728394
SGGGETALA	CASSPGTGSHPYNEQFF	1	1	0.9969913959503174
SGGGETALA	CSARDREGSIYNEQFF	1	1	0.9996448755264282
SGGGETALA	CASSWVPPGQGRTGELFF	1	0	0.012936585582792759
SGGGETALA	CASSSGVGQEAHEQYF	1	1	0.9045325517654419
SGGGETALA	CASSESQGDYYGYTF	1	1	0.9825513958930969
SGGGETALA	CASSTYRQGYNEQFF	1	1	0.9999972581863403
SGGGETALA	CASSSSDPPGNQPQHF	1	1	0.9984604120254517
SGGGETALA	CASSQVGTGVHEQFF	1	1	0.9968480467796326
SGGGETALA	CASSPGESTDTQYF	1	1	0.7571216225624084
SGGGETALA	CASSFAQRGHRETQYF	1	1	0.9999101161956787
SGGGETALA	CAASQNTEAFF	1	1	0.9907792806625366
SGGGETALA	CASSIGFGQGVSTEAFF	1	0	1.4020683011040092e-05
SGGGETALA	CSARDPQRTTSTDTQYF	1	1	0.9201480746269226
SGGGETALA	CASSWREGTDTQYF	1	0	0.16535282135009766
SGGGETALA	CASSPRGSYWDEQYF	1	1	0.879289448261261
SGGGETALA	CASSPHRTVLAGDTQYF	1	1	0.9953505992889404
SGGGETALA	CASSLLGGRGNTGELFF	1	1	0.9998817443847656
SGGGETALA	CASSQGGQGAPYEQYF	1	1	0.9895933866500854
SGGGETALA	CSATGLRTSYEQYF	1	1	0.9999959468841553
SGGGETALA	CASGLVPGGGSDGYTF	1	1	0.8790961503982544
SGGGETALA	CASSPRDSLYEQYF	1	1	0.994754433631897
SGGGETALA	CATSREGAGTEAFF	1	0	0.0018557689618319273
SGGGETALA	CASSKKGLSNEQFF	1	1	0.99822598695755
SGGGETALA	CSAPLGEGGYTF	1	0	0.14502830803394318
SGGGETALA	CASSVTSSRGGTDTQYF	1	1	0.8450243473052979
SGGGETALA	CASSLTGGGYEQYF	1	1	0.9997228980064392
SGGGETALA	CASSFIGTRAGQYF	1	1	0.9998711347579956
SGGGETALA	CASSQGWDEQFF	1	1	0.9999959468841553
SGGGETALA	CASSIALSTFQPQHF	1	1	0.9318155646324158
SGGGETALA	CASRGEGSYEQYF	1	1	0.9985640645027161
SGGGETALA	CATFTGNTEAFF	1	1	0.5840737223625183
SGGGETALA	CASSLAGTGGRFSYEQYF	1	1	0.9931493401527405
SGGGETALA	CASSQERDRVYEQYF	1	0	0.27566778659820557
SGGGETALA	CASTFAHAGDSNEQFF	1	1	0.9980292916297913
SGGGETALA	CASSQVRQGLNQPQHF	1	1	0.9970025420188904
SGGGETALA	CASQAGVFTDTQYF	1	1	0.9679877758026123
SGGGETALA	CASSVSQKLFF	1	1	0.9994215965270996
SGGGETALA	CAWSWTDYEQYF	1	1	0.9974756836891174
SGGGETALA	CASSANRGPDTEAFF	1	1	0.9999998807907104
SGGGETALA	CASGGGQGGNNEQFF	1	1	0.9999935626983643
SGGGETALA	CASSFAGLNYGYTF	1	1	0.9983262419700623
SGGGETALA	CSARYRDTGELFF	1	1	0.9344488382339478
SGGGETALA	CASSQGGRSTDTQYF	1	1	0.99928879737854
SGGGETALA	CASSQDLGARMGETQYF	1	1	0.9997159838676453
SGGGETALA	CASSPPHPTGPTDTQYF	1	1	0.6684607863426208
SGGGETALA	CASSYVGNTGELFF	1	1	0.7874655723571777
SGGGETALA	CASSYSVRDYEQYF	1	1	0.9902689456939697
SGGGETALA	CASSADAGTSSEQFF	1	1	0.9965607523918152
SGGGETALA	CASSIATGLNQPQHF	1	1	0.5057662129402161
SGGGETALA	CASSEGWHSYEQYF	1	0	0.006025332026183605
SGGGETALA	CASSQDRIRQARTGELFF	1	1	0.8634580373764038
SGGGETALA	CASSLINTGELFF	1	0	0.4889622926712036
SGGGETALA	CASSTYRGQPQHF	1	1	0.9689806699752808
SGGGETALA	CACCRLFSREYGYTF	1	1	0.9999829530715942
SGGGETALA	CASSEAFSGNTIYF	1	1	0.9934563040733337
SGGGETALA	CASITRLAGELFF	1	1	0.9877575635910034
SGGGETALA	CSARGTDFANTGELFF	1	0	0.00266261282376945
SGGGETALA	CASRQLAGFYEQYF	1	1	0.994806706905365
SGGGETALA	CASSPDGLTENTEAFF	1	1	0.9233939051628113
SGGGETALA	CASSGRARLARTDTQYF	1	1	0.9990736246109009
SGGGETALA	CASSFRPPDTDRTNTGELFF	1	0	0.013445333577692509
SGGGETALA	CASSLEMQGALYGYTF	1	0	0.3969971239566803
SGGGETALA	CASSVSQGYEQFF	1	1	0.9991781115531921
SGGGETALA	CASSPTRGLEIEKLFF	1	1	0.9992772936820984
SGGGETALA	CGWPGQTNTGELFF	1	1	0.9999207258224487
SGGGETALA	CASSLAQYYQPQHF	1	1	0.9993616938591003
SGGGETALA	CASSLSRSQPPNQPQHF	1	1	0.9827337265014648
SGGGETALA	CASSEFGTFQETQYF	1	1	0.996483564376831
SGGGETALA	CASKPGAIEAFF	1	0	0.00914277508854866
SGGGETALA	CASTRGQRNGAFF	1	1	0.9999818801879883
SGGGETALA	CATSFAPGQGEHGYTF	1	1	0.9544199705123901
SGGGETALA	CASSPPLAGGYEQYF	1	1	0.9994282126426697
SGGGETALA	CASTTYNEQFF	1	0	0.06592440605163574
SGGGETALA	CASSLTQGARNTIYF	1	1	1.0
SGGGETALA	CASSYGTLPSEQFF	1	1	0.8347928524017334
SGGGETALA	CASSPGASYEQYF	1	0	0.012291092425584793
SGGGETALA	CASSATSNQPQHF	1	0	0.09785622358322144
SGGGETALA	CASRSGGGSYEQYF	1	1	0.9999991655349731
SGGGETALA	CASSYSERDTEKLFF	1	0	0.3058829605579376
SGGGETALA	CAVPGGSPYEQYF	1	1	0.9994254112243652
SGGGETALA	CASSTSGETGELFF	1	1	0.9893741011619568
SGGGETALA	CASSTSSSWTQYF	1	0	0.0009071394451893866
SGGGETALA	CASSDPSGPGGGSPLHF	1	1	0.9521041512489319
SGGGETALA	CASSYSPQENTEAFF	1	1	0.703781008720398
SGGGETALA	CASSQVVTDNEQFF	1	1	0.9569735527038574
SGGGETALA	CASWGPGTEGAYEQYF	1	1	0.9999841451644897
SGGGETALA	CASSATGTGRTSAWYNEQFF	1	1	0.9614211320877075
SGGGETALA	CASSLFPGQGSDDEQFF	1	1	0.9994766116142273
SGGGETALA	CASSLLYSDSPLHF	1	1	0.9959051609039307
SGGGETALA	CASSLLGGSYEQYF	1	1	0.9993664622306824
SGGGETALA	CASTGSAGGSYGYTF	1	0	0.0003921226889360696
SGGGETALA	CASSQERGGPDTQYF	1	1	0.9940886497497559
SGGGETALA	CASSLLGYEQYF	1	1	0.9957179427146912
SGGGETALA	CASSQGFGANVLTF	1	1	0.9999793767929077
SGGGETALA	CASSLLSGSSYEQYF	1	1	0.999914288520813
SGGGETALA	CASTSVNTGELFF	1	1	0.8931379318237305
SGGGETALA	CASKRQGLHAEQYF	1	1	0.997774064540863
SGGGETALA	CASSYRVGRSSYEQYF	1	1	0.9986604452133179
SGGGETALA	CASSFRGPNLYTEAFF	1	1	0.9997373223304749
SGGGETALA	CASSLFGSGGAGETQYF	1	1	0.8430465459823608
SGGGETALA	CASSSLLQGVDYGYTF	1	1	0.9981958270072937
SGGGETALA	CACSIDPRGQPQHF	1	1	0.9999687671661377
SGGGETALA	CASSVASGQLYGYTF	1	1	0.9997766613960266
SGGGETALA	CASSYGTGDLSYNEQFF	1	1	0.9605152606964111
SGGGETALA	CASSLGTTQETQYF	1	1	0.998646080493927
SGGGETALA	CATSDDSEKLFF	1	0	0.1295526623725891
SGGGETALA	CASSLPGWEQYF	1	1	0.9795233011245728
SGGGETALA	CASSIGRSPQHF	1	1	0.9901679754257202
SGGGETALA	CASSLNSGHTQYF	1	1	0.99924635887146
SGGGETALA	CSARTSAGVYEQFF	1	0	0.13550320267677307
SGGGETALA	CASSVGVSNQPQHF	1	1	0.9747208952903748
SGGGETALA	CASGFGHSNSPLHF	1	0	0.4469817280769348
SGGGETALA	CASSMNPQGGSSPLHF	1	1	0.5790054798126221
SGGGETALA	CASSPPRTSGAYEQYF	1	1	0.9964542388916016
SGGGETALA	CASSGRVTGGFYNEQFF	1	1	0.999722421169281
SGGGETALA	CATSREWPGELFF	1	0	0.047703132033348083
SGGGETALA	CASSPSSGESTDTQYF	1	1	0.9970235228538513
SGGGETALA	CASSPTSGSRETQYF	1	1	0.9999977350234985
SGGGETALA	CASSLRGSAGNTIYF	1	1	0.9999914169311523
SGGGETALA	CASSLIANQETQYF	1	1	0.958597719669342
SGGGETALA	CASSERQLPYEQYF	1	1	0.8067713379859924
SGGGETALA	CASSLGGGVLFF	1	0	0.4698712229728699
SGGGETALA	CASSGLAGGPHEQFF	1	1	0.999795138835907
SGGGETALA	CASSPSGLAGSNLGNEQFF	1	0	0.08277489244937897
SGGGETALA	CASSQDSGWREKLFF	1	1	0.9999970197677612
SGGGETALA	CASSSTRGWADTQYF	1	1	0.9999997615814209
SGGGETALA	CASSLMVNEQYF	1	1	0.8816648125648499
SGGGETALA	CASIDRSYEQYF	1	1	0.9991733431816101
SGGGETALA	CASSLDGPSGSPHEQYF	1	1	0.9770110249519348
SGGGETALA	CASTTGDSSNQPQHF	1	1	0.9990825653076172
SGGGETALA	CASSPGTDTQYF	1	1	0.5935080051422119
SGGGETALA	CASSQVGRGRGAFF	1	1	0.999913215637207
SGGGETALA	CASSLGTGGTEAFF	1	0	0.2582877278327942
SGGGETALA	CASRGLGSGGYEQYF	1	1	0.9999830722808838
SGGGETALA	CASLDRVGGYTF	1	1	0.9999935626983643
SGGGETALA	CASSFPGYGYTF	1	0	0.32659345865249634
SGGGETALA	CASSLEAVSIHGYTF	1	1	0.7587922215461731
SGGGETALA	CASSLRGTGAYGYTF	1	0	0.14275576174259186
SGGGETALA	CASSLVGYEQYF	1	1	0.9876130223274231
SGGGETALA	CASSFISQGAYGYTF	1	1	0.9989251494407654
SGGGETALA	CASSIGIHGYTF	1	0	0.0001608596503501758
SGGGETALA	CASSEGVNEQFF	1	1	0.9957413673400879
SGGGETALA	CAWSVTPGYNEQFF	1	1	0.999572217464447
SGGGETALA	CASSPLQGANHDEQYF	1	1	0.9999147653579712
SGGGETALA	CASSLDAETQYF	1	1	0.5726069211959839
SGGGETALA	CASSPQGDSASSGNTIYF	1	1	0.9997214674949646
SGGGETALA	CASSERLDLAGGRNEQFF	1	1	0.849590539932251
SGGGETALA	CASSFSGRVGEKLFF	1	1	0.966037392616272
SGGGETALA	CASSLAGQENQPQHF	1	1	0.9992910623550415
SGGGETALA	CASSFGGVEGMNTEAFF	1	0	0.38862910866737366
SGGGETALA	CASSLFTGTNEQFF	1	1	0.899691641330719
SGGGETALA	CASSLGSGGGETQYF	1	1	0.9993401169776917
SGGGETALA	CASSQSGGRYEQYF	1	1	0.9996219873428345
SGGGETALA	CASSFPVTAITGNTEAFF	1	1	0.8979406356811523
SGGGETALA	CASSPSGLAGYNEQFF	1	1	0.9991236329078674
SGGGETALA	CASSPSDPGELFF	1	1	0.9997631907463074
SGGGETALA	CASSEVGVFEAFF	1	1	0.8201186060905457
SGGGETALA	CASSYDSRETQYF	1	1	0.9983141422271729
SGGGETALA	CASSLTGESYEQYF	1	1	0.9716720581054688
SGGGETALA	CASSDGGSSGNTIYF	1	1	1.0
SGGGETALA	CASLTRFGLYSNQPQHF	1	1	0.999996542930603
SGGGETALA	CASSQVAAGDNSYEQYF	1	1	0.9999806880950928
SGGGETALA	CASSLLAGSSYNEQFF	1	1	0.9929085969924927
SGGGETALA	CASSQEIGVYGYTF	1	1	0.9161132574081421
SGGGETALA	CASSLSRRRSRDDNEQFF	1	0	0.2711807191371918
SGGGETALA	CASRDTSGGPDTQYF	1	1	0.9866716265678406
SGGGETALA	CASSGLRGTAEAFF	1	1	0.9999985694885254
SGGGETALA	CASSLSRANSPLHF	1	1	0.9999103546142578
SGGGETALA	CASSRSTGGSGNTIYF	1	0	0.27012601494789124
SGGGETALA	CASSQGETQYF	1	1	0.9870567917823792
SGGGETALA	CASSHHSGGIYNEQFF	1	1	0.9919158816337585
SGGGETALA	CASSGTGVTGELFF	1	1	0.9992295503616333
SGGGETALA	CASSPEGLDNFF	1	0	0.40824252367019653
SGGGETALA	CASSQDVTSEWVDTIYF	1	1	0.9998989105224609
SGGGETALA	CASSFGLALGDEQFF	1	1	0.9955527186393738
SGGGETALA	CASSTSLLAQHF	1	1	0.8544350862503052
SGGGETALA	CSARDLEVLSYEQYF	1	1	0.9999986886978149
SGGGETALA	CASSSQSTGTAGVYEQYF	1	1	0.7642542719841003
SGGGETALA	CASSLLWAEYNEQFF	1	1	0.9363961815834045
SGGGETALA	CASSLDFSRQETQYF	1	1	0.9997479319572449
SGGGETALA	CASSFEVRVDTEAFF	1	1	0.9947170615196228
SGGGETALA	CASSYRRTSGRAYHEQFF	1	1	0.9999278783798218
SGGGETALA	CASSLPTRQNLASYEYGYTF	1	0	0.01957009732723236
SGGGETALA	CASSLGEARPQETQYF	1	0	0.007115598302334547
SGGGETALA	CAWSAIADTDTQYF	1	0	0.06571430712938309
SGGGETALA	CASSQDRAGWIDEQFF	1	1	0.8211817145347595
SGGGETALA	CAISESVNTEAFF	1	1	0.8248410820960999
SGGGETALA	CASKKTPVGTEAFF	1	1	0.9962190985679626
SGGGETALA	CASSYSRGQPEAFF	1	1	0.9807542562484741
SGGGETALA	CASSQAGTGFYGYTF	1	1	0.987089216709137
SGGGETALA	CASSPSAGRGLGYTF	1	1	0.9196920990943909
SGGGETALA	CASRHSQGAPSWYQETQYF	1	1	0.9999845027923584
SGGGETALA	CASRDHRVIYGYTF	1	1	0.9976550340652466
SGGGETALA	CASSQGGGVNEQFF	1	1	0.9999949932098389
SGGGETALA	CASSPRTSGNTYEQYF	1	1	0.996669590473175
SGGGETALA	CASTFIFVRGADSSYEQYF	1	1	0.8670251369476318
SGGGETALA	CASSLSVVSGELFF	1	1	0.8382373452186584
SGGGETALA	CASSLSGGLLRTGELFF	1	1	0.9998981952667236
SGGGETALA	CSARDLVGLAGDTDTQYF	1	1	0.9997790455818176
SGGGETALA	CASSSGRAGITDTQYF	1	1	0.9968547821044922
SGGGETALA	CASSDATSGTYLYNEQFF	1	1	0.9999972581863403
SGGGETALA	CASSYSGTENGYTF	1	1	0.9986857771873474
SGGGETALA	CASYWTGPPHGYTF	1	1	0.9147849082946777
SGGGETALA	CASSAGTSGGASYNEQFF	1	1	0.9923727512359619
SGGGETALA	CASSPPRLGAFF	1	1	0.999996542930603
SGGGETALA	CASSALTGPNTEAFF	1	1	0.999036431312561
SGGGETALA	CASSLIRDITYEQYF	1	0	0.10825209319591522
SGGGETALA	CASSLVNTGELFF	1	1	0.9940571784973145
SGGGETALA	CASSVGQGNQPQHF	1	1	0.9996905326843262
SGGGETALA	CASSEWALPNEQFF	1	1	0.9985498785972595
SGGGETALA	CASSDPTGGYETQYF	1	1	0.9952300786972046
SGGGETALA	CASSLILDSPLHF	1	1	0.639901876449585
SGGGETALA	CASSSRLYNEQFF	1	1	0.9806978702545166
SGGGETALA	CASTPGSEPLHF	1	1	0.9937980771064758
SGGGETALA	CASSLMGGGNTIYF	1	0	0.3838946521282196
SGGGETALA	CASSPGPNQPQHF	1	0	0.003045006887987256
SGGGETALA	CASRELGQETQYF	1	1	0.9987282156944275
SGGGETALA	CASTRGQGRDGELFF	1	1	0.9468427300453186
SGGGETALA	CASSLADLLAEKLFF	1	1	0.9985059499740601
SGGGETALA	CASSIGATEAFF	1	1	0.5761665105819702
SGGGETALA	CASSLENTGELFF	1	0	0.25790688395500183
SGGGETALA	CASSADQLEQFF	1	1	0.9998179078102112
SGGGETALA	CASTWDSLYEQYF	1	1	0.9083520770072937
SGGGETALA	CASSVGRTLDYGYTF	1	1	0.9998879432678223
SGGGETALA	CASRVKETQYF	1	1	0.9997424483299255
SGGGETALA	CASSPSYNEQFF	1	1	0.5145130753517151
SGGGETALA	CASATWGDPNQPQHF	1	1	0.5764175653457642
SGGGETALA	CATRERQGWVEAFF	1	1	0.9991876482963562
SGGGETALA	CASSLTNPRQGAYNEQFF	1	0	0.10572788864374161
SGGGETALA	CASSLVSPSEQFF	1	0	0.12737494707107544
SGGGETALA	CSVEQRDTGELFF	1	1	0.897805392742157
SGGGETALA	CARQTTGTTVGYTF	1	1	0.9991644620895386
SGGGETALA	CSANPRTTLYEQYF	1	1	0.9991532564163208
SGGGETALA	CASSLGRGAYEQYF	1	1	0.9993403553962708
SGGGETALA	CASSQDSPRAGFSDTQYF	1	1	0.9752357006072998
SGGGETALA	CASSQDLMEETQYF	1	1	0.7699602246284485
SGGGETALA	CASSLGFNEQYF	1	1	0.7601302862167358
SGGGETALA	CSARDFTYEQYF	1	1	0.9076117277145386
SGGGETALA	CSAWAQGSGYEQYF	1	1	0.9981743097305298
SGGGETALA	CASSPPGTPPNYGYTF	1	1	0.7081841230392456
SGGGETALA	CASSFGLDHGTGELFF	1	0	0.1502552628517151
SGGGETALA	CASSLGRSTGELFF	1	1	0.9995459914207458
SGGGETALA	CASSLARIYTYNEQFF	1	1	1.0
SGGGETALA	CASNLGGGSTDTQYF	1	1	0.9997910857200623
SGGGETALA	CASSVSGANYNEQFF	1	1	0.9999998807907104
SGGGETALA	CSARAGSTYEQYF	1	1	0.9999645948410034
SGGGETALA	CAWKPTGLGYGYTF	1	1	0.9993268251419067
SGGGETALA	CASRESLLAGGPDTQYF	1	0	0.1858324259519577
SGGGETALA	CASSLALSTEYSSF	1	1	0.9997442364692688
SGGGETALA	CAISEFRDDQETQYF	1	1	0.9993417859077454
SGGGETALA	CATSEVGSETQYF	1	1	0.7725515961647034
SGGGETALA	CATTFRGYEQYF	1	1	0.9955394864082336
SGGGETALA	CSAPGGRPQHF	1	1	0.9958090782165527
SGGGETALA	CASSLDNQPQHF	1	0	0.18915146589279175
SGGGETALA	CSATPNPGGHSTDTQYF	1	1	0.999834418296814
SGGGETALA	CASSEQGVVDTQYF	1	1	0.9935017228126526
SGGGETALA	CASSLPLGYEQYF	1	1	0.8095743656158447
SGGGETALA	CASSQTTPLTYNYEQYF	1	1	0.590728223323822
SGGGETALA	CAISDPRDSYEQYF	1	1	0.9994539618492126
SGGGETALA	CASTLGTEAFF	1	1	0.7825497984886169
SGGGETALA	CAISESNDGNEQFF	1	0	0.43146756291389465
SGGGETALA	CASAGERSEQFF	1	1	0.9999922513961792
SGGGETALA	CASSPDGTGSGNTIYF	1	1	0.9999790191650391
SGGGETALA	CASSDRGTGELFF	1	1	0.9997757077217102
SGGGETALA	CATSDSSGSNEQFF	1	0	0.021647565066814423
SGGGETALA	CASSFLGQGDSPLHF	1	0	0.42122337222099304
SGGGETALA	CASSLGEPQHF	1	1	0.6693455576896667
SGGGETALA	CASTHRGPLKRRPLHF	1	0	0.015310502611100674
SGGGETALA	CASGFPIYRDKSTDTQYF	1	1	0.9547941088676453
SGGGETALA	CASSMRVQSNTGELFF	1	1	0.8511086702346802
SGGGETALA	CASSLGDRGRGYGYTF	1	1	0.8102437853813171
SGGGETALA	CASSQVGDEQFF	1	1	0.9726921319961548
SGGGETALA	CASSYSQGGSYGYTF	1	0	0.46292901039123535
SGGGETALA	CSASGTGSYEQYF	1	1	0.9999994039535522
SGGGETALA	CASRDATGGFEQYF	1	1	0.9999175071716309
SGGGETALA	CASSSNIRDSGNTIYF	1	1	0.9999618530273438
SGGGETALA	CSARHLANNEQFF	1	1	0.9986703395843506
SGGGETALA	CASSFGGRSTDTQYF	1	1	0.9616056084632874
SGGGETALA	CSVEDPDRDGYTF	1	0	0.3213318884372711
SGGGETALA	CASSVGMTDYNEQFF	1	1	0.9999995231628418
SGGGETALA	CASSYSTSQGANYEQYF	1	1	0.9999997615814209
SGGGETALA	CASSLELGQGRETQYF	1	1	0.9999374151229858
SGGGETALA	CASSWGDYNEQFF	1	0	0.07215940952301025
SGGGETALA	CASRAGGWTLPSNYGYTF	1	1	0.9995570778846741
SGGGETALA	CASSFLSAGGGTDTQYF	1	1	0.9994077682495117
SGGGETALA	CASSLWAGNTIYF	1	0	0.0737476721405983
SGGGETALA	CASKKLAGDSYEQYF	1	1	0.9999997615814209
SGGGETALA	CASSSGEGTEAYNEQFF	1	1	0.9971733093261719
SGGGETALA	CASSETGTSGDEQYF	1	1	0.9989432692527771
SGGGETALA	CASSLAGGSLSYEQYF	1	1	0.9985718727111816
SGGGETALA	CASSQGAGGLVFYEQYF	1	1	0.9981865286827087
SGGGETALA	CASSYSSRLQYF	1	1	1.0
SGGGETALA	CASSEDNRGRYEQYF	1	1	0.9997699856758118
SGGGETALA	CASSQELAGGGNEQFF	1	1	0.9999639987945557
SGGGETALA	CAIRDNNEQFF	1	1	0.9584190845489502
SGGGETALA	CASSLLGSNQETQYF	1	1	0.9929781556129456
SGGGETALA	CATSDVAGGGGEQFF	1	0	0.0008934817742556334
SGGGETALA	CASSLALTFSGEGSPLHF	1	1	0.7112205028533936
SGGGETALA	CASSPERGEETQYF	1	1	0.9924334287643433
SGGGETALA	CASRAVINTDTQYF	1	1	0.9946209192276001
SGGGETALA	CASSQNYEQYF	1	1	0.9993698000907898
SGGGETALA	CASSLRGTDTQYF	1	1	0.9942097663879395
SGGGETALA	CASSYGGEQPQHF	1	0	0.24193264544010162
SGGGETALA	CASSHQAGALYNEQFF	1	1	0.99997878074646
SGGGETALA	CASSYDRGFYNEQFF	1	1	0.9999990463256836
SGGGETALA	CASSQYAVRVGDTEAFF	1	1	0.9665877223014832
SGGGETALA	CASSLTRTALNTEAFF	1	1	0.9998528957366943
SGGGETALA	CASSLLRVSGANVLTF	1	1	0.999984622001648
SGGGETALA	CASSLMTNQPQHF	1	1	0.9997790455818176
SGGGETALA	CASSEALSGGSETQYF	1	1	0.8685308694839478
SGGGETALA	CASSPGDPSTDTQYF	1	0	0.0010748165659606457
SGGGETALA	CASSNRGYDEQYF	1	1	0.9990948438644409
SGGGETALA	CASSPSGLAGSNLGNEQFF	1	0	0.08277489244937897
SGGGETALA	CASSYSRGISPYGYTF	1	1	0.9899681806564331
SGGGETALA	CASSAGVGTGELFF	1	0	0.3997609615325928
SGGGETALA	CASTQGYNEQFF	1	1	0.9919586181640625
SGGGETALA	CSAPDRYLRTEAFF	1	0	0.1354912519454956
SGGGETALA	CASSVEGDGSEAFF	1	0	0.05216421186923981
SGGGETALA	CASSVGGGVTDTQYF	1	1	0.9821818470954895
SGGGETALA	CAISESSRGVDGYTF	1	0	0.30427372455596924
SGGGETALA	CASSSPVETQYF	1	0	0.21455004811286926
SGGGETALA	CASSPGVGTEAFF	1	0	0.08602354675531387
SGGGETALA	CASSLASTGLTQETQYF	1	1	0.9999773502349854
SGGGETALA	CASSGREAFF	1	1	0.9992915391921997
SGGGETALA	CASSLSPLDNPSYEQYF	1	0	0.0711890161037445
SGGGETALA	CASSLGSGQYQETQYF	1	1	0.9982354640960693
SGGGETALA	CASVYLAGTMDTQYF	1	0	0.25763410329818726
SGGGETALA	CASGGKVFPPYEQYF	1	1	0.9010171890258789
SGGGETALA	CASTIGGDTGELFF	1	1	0.9099516868591309
SGGGETALA	CATSDYGYTF	1	0	0.009421450085937977
SGGGETALA	CASSFGAGAKAGELFF	1	1	0.9855284094810486
SGGGETALA	CAINKESDSYEQYF	1	1	0.9219303131103516
SGGGETALA	CASSYRLGNEQFF	1	1	0.9992462396621704
SGGGETALA	CASSEWTGNTEAFF	1	1	0.7006617188453674
SGGGETALA	CASSVERENTGELFF	1	1	0.9666712880134583
SGGGETALA	CASSRDTVNTEAFF	1	1	0.9977557063102722
SGGGETALA	CSARGKGAISHHTEAFF	1	1	0.9998190999031067
SGGGETALA	CASKVYGYTF	1	1	0.9940404295921326
SGGGETALA	CASSVVSGGHQPQHF	1	1	0.9997220635414124
SGGGETALA	CASRLTRGAGETQYF	1	1	1.0
SGGGETALA	CASSYFPYDLYEQYF	1	1	0.7133673429489136
SGGGETALA	CASSEAGGGYEQYF	1	1	0.9812568426132202
SGGGETALA	CASTVFQGSTNEQFF	1	1	0.9990277290344238
SGGGETALA	CASEGVHEQFF	1	0	0.16215021908283234
SGGGETALA	CASSPLRGGVTYNEQFF	1	1	0.9999996423721313
SGGGETALA	CASSPGTGGFLSSYEQYF	1	1	0.9828974604606628
SGGGETALA	CASSIYGTSGSNEQFF	1	1	0.6926582455635071
SGGGETALA	CASRIGTTNEQYF	1	1	0.9966801404953003
SGGGETALA	CASSLNWREITDTQYF	1	0	0.04251533001661301
SGGGETALA	CSAPPPYNEQFF	1	1	0.9271992444992065
SGGGETALA	CASSLNEQEGQPQHF	1	1	0.9795509576797485
SGGGETALA	CASSIAGNNEQFF	1	0	0.3016437292098999
SGGGETALA	CSAYRVMSHEQYF	1	1	0.9957211017608643
SGGGETALA	CASSLYSGSFYEQYF	1	1	0.9997780919075012
SGGGETALA	CASSLGRTGANTGELFF	1	1	0.9919628500938416
SGGGETALA	CSAEVPGANTGELFF	1	1	0.7460792660713196
SGGGETALA	CASSAGSFRHPYSNQPQHF	1	0	5.8420073401066475e-06
SGGGETALA	CASSPGTGDLETQYF	1	1	0.9944515824317932
SGGGETALA	CASSFWTSGYEQYF	1	1	0.9523822665214539
SGGGETALA	CASSLPGQMIRWDTEAFF	1	0	0.03378012031316757
SGGGETALA	CATSRVKTSGGYEQYF	1	0	0.19921118021011353
SGGGETALA	CSVEDGYEQYF	1	0	0.06590402871370316
SGGGETALA	CATSEIQGFSTDTQYF	1	0	0.04400253668427467
SGGGETALA	CSARIAGAKNIQYF	1	1	0.9998214840888977
SGGGETALA	CASSPRDEQFF	1	1	0.9924277663230896
SGGGETALA	CASSLGQGATNTGELFF	1	1	0.9680773615837097
SGGGETALA	CASRRSLQGARGGYTF	1	1	0.9981935620307922
SGGGETALA	CASSGDPKAYEQYF	1	0	0.3080993890762329
SGGGETALA	CASSLGQGPYEQYF	1	1	0.9435942769050598
SGGGETALA	CSASPGYNEQFF	1	1	0.9784901738166809
SGGGETALA	CASSIDRWTQGNQPQHF	1	1	0.9997803568840027
SGGGETALA	CAAHGGTRTLAKNIQYF	1	1	0.992327868938446
SGGGETALA	CASSLDRNTEAFF	1	1	0.9999699592590332
SGGGETALA	CASSSETGWGTEAFF	1	1	0.825400173664093
SGGGETALA	CASSYPLGTQYF	1	0	0.38651537895202637
SGGGETALA	CASSQEASGGKETQYF	1	1	0.6114464402198792
SGGGETALA	CAWSVRGVNPYNEQFF	1	1	0.9999990463256836
SGGGETALA	CASSPQNSYNEQFF	1	1	0.5815507769584656
SGGGETALA	CASSSQGGYGYTF	1	1	0.6698254346847534
SGGGETALA	CAWGIPRQDNNEKLFF	1	1	0.9979004859924316
SGGGETALA	CAWSVPLGRREKLFF	1	1	0.9999995231628418
SGGGETALA	CATFAASKEQFF	1	1	0.9998495578765869
SGGGETALA	CASKVAGFNEQFF	1	1	0.999664306640625
SGGGETALA	CASSLGANTGELFF	1	1	0.669893205165863
SGGGETALA	CASSQDSSETQYF	1	1	0.9949758052825928
SGGGETALA	CASSLQGGNYGYTF	1	1	0.928825855255127
SGGGETALA	CASSTGSYEQYF	1	1	0.8345326781272888
SGGGETALA	CASSTMGDYYEQYF	1	1	0.999492883682251
SGGGETALA	CASSLGRYNEQFF	1	1	0.997532844543457
SGGGETALA	CASSVEEPGTVYEQYF	1	0	0.0012719447258859873
SGGGETALA	CASSPRPGPNQPQHF	1	1	0.937211811542511
SGGGETALA	CASSRTGSSYNEQFF	1	1	0.999993085861206
SGGGETALA	CASSVAGLAGATSTDTQYF	1	1	0.9700587391853333
SGGGETALA	CASSEGGGYEQYF	1	0	0.07725870609283447
SGGGETALA	CAWSAASGGAQDTQYF	1	1	0.982269823551178
SGGGETALA	CATSELSGETQYF	1	0	0.011398032307624817
SGGGETALA	CASSPSGYQPQHF	1	1	0.9807970523834229
SGGGETALA	CATSETVAGGTGELFF	1	1	0.9573324918746948
SGGGETALA	CASILRAESSYNEQFF	1	1	0.9349876046180725
SGGGETALA	CASSQGGDEQFF	1	1	0.9991279244422913
SGGGETALA	CAWSVQQGDQPQHF	1	1	0.9903782606124878
SGGGETALA	CASSEALSGGAPAETQYF	1	1	0.7935276031494141
SGGGETALA	CASSQDHPGGYEQYF	1	1	0.9999558925628662
SGGGETALA	CASSFLGQGAAGELFF	1	1	0.9424211978912354
SGGGETALA	CSVELSHSYEQYF	1	1	0.9597525596618652
SGGGETALA	CASSLVDSARSYEQYF	1	1	0.5372270345687866
SGGGETALA	CASSIDLSEGDTNQPQHF	1	1	0.9999723434448242
SGGGETALA	CASSLLGTEAFF	1	1	0.998908519744873
SGGGETALA	CASRMGHTDTQYF	1	1	0.998910665512085
SGGGETALA	CASSRAGTGYNEQFF	1	1	0.9999706745147705
SGGGETALA	CASSPLPGGVNEQFF	1	1	0.9924623966217041
SGGGETALA	CSVEGSGGTQYF	1	1	0.8258465528488159
SGGGETALA	CASSLTGDHTDTQYF	1	0	0.21020746231079102
SGGGETALA	CASIGSGYNEQFF	1	1	0.9999970197677612
SGGGETALA	CASSQDPETGRTDTQYF	1	1	0.6518082022666931
SGGGETALA	CASSESRSGNQPQHF	1	1	0.999365508556366
SGGGETALA	CASGFFNQPQHF	1	1	0.8558297753334045
SGGGETALA	CASSQEDSWGDTQYF	1	0	0.17512567341327667
SGGGETALA	CASSLEGDPSYEQYF	1	0	0.03284333273768425
SGGGETALA	CASRLPPSSGNTDTQYF	1	1	0.9993000030517578
SGGGETALA	CSARTGGDGYTF	1	0	0.012041514739394188
SGGGETALA	CASSEYGGYTF	1	1	0.7862731218338013
SGGGETALA	CASSLLAGGKETQYF	1	1	0.9999347925186157
SGGGETALA	CASSEEGGLSNEKLFF	1	0	0.17450940608978271
SGGGETALA	CASSAHTSGGKNIQYF	1	1	0.8098103404045105
SGGGETALA	CASSPPDDEQYF	1	1	0.999854326248169
SGGGETALA	CASSQWDNQPQHF	1	1	0.999840259552002
SGGGETALA	CSANDRGRGYNSPLHF	1	1	0.9901983737945557
SGGGETALA	CASSLSWGSSYNEQFF	1	1	0.8204742074012756
SGGGETALA	CASSLAGDQEPQYEQYF	1	0	0.12667326629161835
SGGGETALA	CASSRDFVSNEQYF	1	1	0.9423463344573975
SGGGETALA	CASSRNPGTGTYNEQFF	1	1	0.9999953508377075
SGGGETALA	CASTLSTDRGFTGELFF	1	1	0.9964948296546936
SGGGETALA	CASSLTSGGQGEQFF	1	1	0.999650239944458
SGGGETALA	CASSKGLAVDYTQYF	1	1	0.9999547004699707
SGGGETALA	CATSGDTQYF	1	1	0.5659518837928772
SGGGETALA	CASSPRTDQETQYF	1	0	0.18019071221351624
SGGGETALA	CASSLESGFLSGYTF	1	1	0.950621485710144
SGGGETALA	CASSLLPEGTGRVSGYTF	1	1	0.8662047982215881
SGGGETALA	CASRTTTGTGSSGNTIYF	1	1	0.9993034601211548
SGGGETALA	CATGTGGGYGYTF	1	0	0.19869518280029297
SGGGETALA	CASSLGTSGSTDTQYF	1	1	0.9939727187156677
SGGGETALA	CASSPWTGARGYTF	1	1	0.9992581009864807
SGGGETALA	CASSHVTGYEQYF	1	1	0.9760979413986206
SGGGETALA	CASRSTGYLEQYF	1	1	0.9999995231628418
SGGGETALA	CASSLGGTSTAETQYF	1	1	0.9999731779098511
SGGGETALA	CASKHSGTGVLARELFF	1	1	0.8892868161201477
SGGGETALA	CASRIQGRQPQHF	1	1	0.9712149500846863
SGGGETALA	CASSLNNEQFF	1	1	0.9706847667694092
SGGGETALA	CASSDRAGVVTDTQYF	1	1	0.9987857937812805
SGGGETALA	CASSQDYNEQFF	1	1	0.9999207258224487
SGGGETALA	CASSRGGGSYNEQFF	1	1	0.9999604225158691
SGGGETALA	CASSLYSPAHTEAFF	1	1	0.9997709393501282
SGGGETALA	CASSQEFVGAVLDTQYF	1	1	0.9665542244911194
SGGGETALA	CASSYRGGYEQYF	1	1	0.9995827078819275
SGGGETALA	CASSLMTGGAYNEQFF	1	1	0.5552797317504883
SGGGETALA	CATSSMGYSNQPQHF	1	0	0.011051878333091736
SGGGETALA	CASSRVGSPLHF	1	1	0.5974887609481812
SGGGETALA	CASSFWGLAGGYNEQFF	1	1	0.9986705780029297
SGGGETALA	CASSPTANEKLFF	1	1	0.9971954822540283
SGGGETALA	CASSLDLTETQYF	1	0	0.3143107295036316
SGGGETALA	CASTGGPEGNQPQHF	1	1	0.974027693271637
SGGGETALA	CASSQGSRPEQYF	1	1	0.9997782111167908
SGGGETALA	CASSSAHYGYTF	1	1	0.8880332708358765
SGGGETALA	CSARLRDKDYEQYF	1	1	0.9985407590866089
SGGGETALA	CASSPLTGESMSEKLFF	1	1	0.8971533179283142
SGGGETALA	CASSLGEDSSLKREPLHF	1	0	0.264625608921051
SGGGETALA	CASSFGGGLQETQYF	1	1	0.9061688184738159
SGGGETALA	CASALGAVDTQYF	1	1	0.9938477873802185
SGGGETALA	CASPGDLNTEAFF	1	1	0.9980700612068176
SGGGETALA	CASSIGDGILLTDTQYF	1	1	0.9323409199714661
SGGGETALA	CASSEALAGSTDTQYF	1	1	0.9999580383300781
SGGGETALA	CASSGQGMGNSPLHF	1	1	1.0
SGGGETALA	CSASAGLVGYEQYF	1	1	0.9946010112762451
SGGGETALA	CAIRWTLNNEQFF	1	1	0.9997105002403259
SGGGETALA	CASRPGTASYEQYF	1	1	0.9945542812347412
SGGGETALA	CASSLGRAGYGETQYF	1	1	0.9999901056289673
SGGGETALA	CASSLKVRDEQFF	1	0	0.3951165974140167
SGGGETALA	CASSQDLGVDGYTF	1	0	0.00022675305081065744
SGGGETALA	CASSLLPGNTGELFF	1	1	0.9999814033508301
SGGGETALA	CSARFSANGEQYF	1	1	0.9976726174354553
SGGGETALA	CASSQEAREVVYEQYF	1	1	0.9608092904090881
SGGGETALA	CASSPPADEALYGYTF	1	1	0.7193981409072876
SGGGETALA	CASSQDRASYNEQFF	1	1	0.9999996423721313
SGGGETALA	CASSLSGGRTKNIQYF	1	1	0.9948167204856873
SGGGETALA	CSARAYTGELFF	1	1	0.8284395337104797
SGGGETALA	CASSPGRGDSPLHF	1	1	0.9999514818191528
SGGGETALA	CASSVVGDEQYF	1	1	0.9996496438980103
SGGGETALA	CASRTRLGRNEQFF	1	1	0.5759583115577698
SGGGETALA	CASSELPAGGTNEQFF	1	1	0.9223939180374146
SGGGETALA	CASSLFPGQDRGRDQPQHF	1	1	0.8143142461776733
SGGGETALA	CASSLGVGRGFTEAFF	1	1	0.9729384183883667
SGGGETALA	CASSLGTGYEQYF	1	1	0.9920411705970764
SGGGETALA	CAISERDFQETQYF	1	0	0.023648682981729507
SGGGETALA	CASSVGGAHEQYF	1	1	0.9942458271980286
SGGGETALA	CASSPGSLGHRASTDTQYF	1	1	0.9999257326126099
SGGGETALA	CASSGPGTLNLDTF	1	1	0.9998816251754761
SGGGETALA	CASSLGTSGRAGETQYF	1	1	0.9983396530151367
SGGGETALA	CASSLAGTGSDTQYF	1	1	0.9972274899482727
SGGGETALA	CASSARDYTGELFF	1	1	0.986814022064209
SGGGETALA	CASSDRFWEQYF	1	1	0.9999638795852661
SGGGETALA	CAINKGTGNTGELFF	1	0	0.45841723680496216
SGGGETALA	CASSLGGPPTYEQYF	1	0	0.03037254698574543
SGGGETALA	CASSPSGLAGSNLGNEQFF	1	0	0.08277489244937897
SGGGETALA	CASSLDRVSYNEQFF	1	1	0.9838219285011292
SGGGETALA	CASSLRGGQSYEQYF	1	1	0.9999898672103882
SGGGETALA	CASSLEPTANQPQHF	1	0	0.2557751536369324
SGGGETALA	CASSSYRKEKLFF	1	1	0.9998465776443481
SGGGETALA	CASSRYRDPPDHEQYF	1	1	0.5513978600502014
SGGGETALA	CASSLGGHGQPQHF	1	1	0.9447428584098816
SGGGETALA	CASSLAGVIETQYF	1	1	0.8173186779022217
SGGGETALA	CASSWLGQGALEAFF	1	1	0.9995291233062744
SGGGETALA	CSARVGDTGELFF	1	1	0.9971004128456116
SGGGETALA	CASSLPDPYEQYF	1	1	0.9876158833503723
SGGGETALA	CASSQASNQPQHF	1	1	0.9959902167320251
SGGGETALA	CASSHEWGSNTGELFF	1	0	0.013362676836550236
SGGGETALA	CASSENEQFF	1	1	0.9987155199050903
SGGGETALA	CASSISSTGELFF	1	0	0.0006287300493568182
SGGGETALA	CASSSDPSTDTQYF	1	0	0.0039015994407236576
SGGGETALA	CASSEDGMNTEAFF	1	0	0.18419119715690613
SGGGETALA	CASSLGTGGQFF	1	1	0.8176718950271606
SGGGETALA	CASSLGGEQYF	1	1	0.7402066588401794
SGGGETALA	CSAIPLGEPYEQYF	1	1	0.9995995163917542
SGGGETALA	CASSPGLTPAEQYF	1	1	0.9378170967102051
SGGGETALA	CASSTMGQGISPLHF	1	1	0.6462090611457825
SGGGETALA	CASSGELRGAEKLFF	1	1	0.9949870109558105
SGGGETALA	CASGPLVGGGLGAYTF	1	1	0.9456517100334167
SGGGETALA	CASSLDLGVDYGYTF	1	1	0.9972860813140869
SGGGETALA	CATSSEDSSNQPQHF	1	1	0.8417743444442749
SGGGETALA	CAISSDSGDEQFF	1	1	0.7274444103240967
SGGGETALA	CASSSYSRYEQYF	1	1	0.9981056451797485
SGGGETALA	CASSSGTSGSADTQYF	1	1	0.9982910752296448
SGGGETALA	CASSIVQGSNQPQHF	1	0	0.2758793830871582
SGGGETALA	CASSLYGSRPQHF	1	1	0.9462687373161316
SGGGETALA	CASNSLDREDGNTIYF	1	1	0.9989495873451233
SGGGETALA	CASRPSRGTNYGYTF	1	1	0.9999767541885376
SGGGETALA	CASSTPRGGYTF	1	1	0.9999842643737793
SGGGETALA	CAISEGAPNTEAFF	1	0	0.17527033388614655
SGGGETALA	CASSLWTGYNEQFF	1	1	0.987190306186676
SGGGETALA	CASSDRDRGLLRQFF	1	1	0.9985228180885315
SGGGETALA	CAISEEVSGGVGANEQFF	1	0	0.2797747850418091
SGGGETALA	CASSAYNEQFF	1	1	0.9579535722732544
SGGGETALA	CSASVPAGQQNSSPLHF	1	1	0.9912816286087036
SGGGETALA	CASSLRDSSSYEQYF	1	1	0.9015050530433655
SGGGETALA	CASSRDRGLGYTF	1	1	0.9886309504508972
SGGGETALA	CASSFDHRGRDEQFF	1	1	0.9999606609344482
SGGGETALA	CASSPTSAPGLFSGNTIYF	1	1	0.9936716556549072
SGGGETALA	CASSYLGQMDEKLFF	1	1	0.9360474348068237
SGGGETALA	CASSVAGGGQETQYF	1	1	0.9996845722198486
SGGGETALA	CASSWTQETQYF	1	1	0.5048980712890625
SGGGETALA	CASSLSVSSYNEQFF	1	1	0.9998354911804199
SGGGETALA	CASSLGDVQNTEAFF	1	1	0.9986159801483154
SGGGETALA	CASSQDPPDTQYF	1	1	0.9998753070831299
SGGGETALA	CATGTGGNDYEQYF	1	1	0.6330670118331909
SGGGETALA	CASSPRQRSGNTIYF	1	1	0.9995136260986328
SGGGETALA	CASSWYTTGQETQYF	1	1	0.9827027320861816
SGGGETALA	CASSVQEEYGYTF	1	0	0.02913815528154373
SGGGETALA	CATSRNRGDGYTF	1	0	0.01689068228006363
SGGGETALA	CASTPGQGASTEAFF	1	1	0.8264558911323547
SGGGETALA	CASSFGASGSVGELFF	1	1	0.9995512366294861
SGGGETALA	CASSLAAGGSYGYTF	1	0	0.002035845536738634
SGGGETALA	CASRTLRGHVSEAFF	1	1	0.9999992847442627
SGGGETALA	CASIAYSNQPQHF	1	1	0.9975603818893433
SGGGETALA	CASFDRTQGFSGANVLTF	1	1	0.9976811408996582
SGGGETALA	CAIDETGHGYTF	1	1	0.7417754530906677
SGGGETALA	CSVVRGSYNEQFF	1	1	0.9999687671661377
SGGGETALA	CASSQDMGWGTDTQYF	1	1	0.996690034866333
SGGGETALA	CASSWTGMNTEAFF	1	0	0.1366698443889618
SGGGETALA	CASSQDHGLHPEAFF	1	1	0.999984622001648
SGGGETALA	CASRGLALYNEQFF	1	1	0.9875406622886658
SGGGETALA	CASRGGTGLYGYTF	1	1	0.6789419651031494
SGGGETALA	CASFGGTGELFF	1	1	0.5828887820243835
SGGGETALA	CASSPTLYNEQFF	1	1	0.7105220556259155
SGGGETALA	CASSTSTGQGWHYGYTF	1	1	0.9945732951164246
SGGGETALA	CASRSLSGEQFF	1	1	0.9998681545257568
SGGGETALA	CASSQTAGTGELFF	1	1	0.9999479055404663
SGGGETALA	CASSERTSGGYTDTQYF	1	1	0.9999512434005737
SGGGETALA	CASTPRRLGLFPSSGNTIYF	1	1	0.9809958338737488
SGGGETALA	CSVEAEGTATNEKLFF	1	0	0.00016850487736519426
SGGGETALA	CASSQKPGQDHYEQYF	1	1	0.9999996423721313
SGGGETALA	CASSLGQGDGGYTF	1	0	0.009139398112893105
SGGGETALA	CATSEAASSWTGELFF	1	1	0.992652416229248
SGGGETALA	CASSEKEGTTNTGELFF	1	1	0.558384120464325
SGGGETALA	CASSLVPTADVLTF	1	1	0.9986658096313477
SGGGETALA	CASSSGTGGQYEQYF	1	1	0.9316866993904114
SGGGETALA	CASSLGETGGIQFF	1	0	0.011002393439412117
SGGGETALA	CASSPIELVTYNEQFF	1	1	0.9999698400497437
SGGGETALA	CASHISTGELFF	1	1	0.9664290547370911
SGGGETALA	CASSPEGRRMGPTNEKLFF	1	1	0.9902902245521545
SGGGETALA	CASSEVRGPSYNEQFF	1	1	0.9999797344207764
SGGGETALA	CASSLTSGSISTQYF	1	0	0.03128558397293091
SGGGETALA	CASSLAGYEQYF	1	1	0.9549354910850525
SGGGETALA	CASSLSGYEQYF	1	1	0.959702730178833
SGGGETALA	CASSITDRVHAGANVLTF	1	1	0.990990161895752
SGGGETALA	CASSVSGPPTGELFF	1	1	0.9979812502861023
SGGGETALA	CASSDSLGDRGSYEQYF	1	1	0.9931361675262451
SGGGETALA	CASSFLAGQRTDTEAFF	1	1	0.5270400047302246
SGGGETALA	CASSLRQGEYNEQFF	1	1	0.9996938705444336
SGGGETALA	CASSPGTVKETQYF	1	1	0.9999997615814209
SGGGETALA	CSARSLAVSTDTQYF	1	1	0.947289764881134
SGGGETALA	CASSLSAGTEAFF	1	0	0.26820722222328186
SGGGETALA	CASSPGGGASYEQYF	1	1	0.557638943195343
SGGGETALA	CASSLGPVYEQYF	1	1	0.7474747896194458
SGGGETALA	CASSFPGQGNTQYF	1	1	0.9928722381591797
SGGGETALA	CASSLGGHGNEQFF	1	1	0.975608766078949
SGGGETALA	CASRRTGVVEKLFF	1	1	0.9998441934585571
SGGGETALA	CATSDQHGSSEQFF	1	1	0.5789281129837036
SGGGETALA	CATSRGPLASLVDSYNEQFF	1	1	0.6499488949775696
SGGGETALA	CASSSVAFDSGNTIYF	1	1	0.9994031190872192
SGGGETALA	CASSLSNTPGEQFF	1	0	0.04565596953034401
SGGGETALA	CATSDFGVNTGELFF	1	1	0.6300580501556396
SGGGETALA	CASSVGADEYYEQYF	1	1	0.9997802376747131
SGGGETALA	CASSLDGATNEKLFF	1	1	0.999380350112915
SGGGETALA	CASSLGPAGAHNEQFF	1	1	0.9999780654907227
SGGGETALA	CSASSTHSNQPQHF	1	0	0.24209043383598328
SGGGETALA	CASSLASGSNQPQHF	1	1	0.9994369149208069
SGGGETALA	CASSLSLGQGAPNYGYTF	1	1	0.8357126116752625
SGGGETALA	CASSPYPRTGGTDTQYF	1	1	0.9703531861305237
SGGGETALA	CASSQGGGGTDTQYF	1	1	0.9998466968536377
SGGGETALA	CSARVEGAGPAQYF	1	1	0.8168114423751831
SGGGETALA	CASSSPRSSRDTDTQYF	1	1	0.9862951636314392
SGGGETALA	CASSQDPGPDTQYF	1	1	0.9854235053062439
SGGGETALA	CASSMRHFSYEQYF	1	0	0.015567203983664513
SGGGETALA	CASSPNPQGANMDTQYF	1	1	0.9429388046264648
SGGGETALA	CSVEIGWGQGDNGDYGYTF	1	1	0.9863423705101013
SGGGETALA	CASSQVVDWISNTGELFF	1	1	0.8275630474090576
SGGGETALA	CASSPRSSGGRYNEQFF	1	1	0.9999927282333374
SGGGETALA	CASSVGGGGSTDTQYF	1	1	0.9997991919517517
SGGGETALA	CASSQDSHSTSTDTQYF	1	1	0.7475420832633972
SGGGETALA	CASSQGWGTQPQHF	1	1	0.9872867465019226
SGGGETALA	CASSPGREQYF	1	1	0.9978249073028564
SGGGETALA	CASSIGGGLYEQYF	1	0	0.37880945205688477
SGGGETALA	CASLGTPGLAGSSYEQYF	1	1	1.0
SGGGETALA	CASSYLTGADGYTF	1	0	0.1139388456940651
SGGGETALA	CSALGAVGAGIHYEQYF	1	1	1.0
SGGGETALA	CASSLELAGVDTQYF	1	0	0.39144158363342285
SGGGETALA	CASSAFVETQYF	1	0	0.03969047963619232
SGGGETALA	CASRQTSGTYNEQFF	1	1	0.9999998807907104
SGGGETALA	CASSPKAGGPGEQFF	1	1	0.8319359421730042
SGGGETALA	CASITKDRAYEQYF	1	1	0.9977359771728516
SGGGETALA	CASSLTGTVDGYTF	1	0	0.1140354722738266
SGGGETALA	CASSLVGLGTEAFF	1	1	0.9991443157196045
SGGGETALA	CASSPSGRGGNEQFF	1	1	0.9777116775512695
SGGGETALA	CASNWFRDNTGELFF	1	1	0.8858863115310669
SGGGETALA	CASSVDRGAYNEQFF	1	1	0.9999986886978149
SGGGETALA	CASSQDAGITYEQYF	1	1	0.8936537504196167
SGGGETALA	CSVDQGSGELFF	1	1	0.9991856217384338
SGGGETALA	CASSPHAGGVDEKLFF	1	0	0.4585210680961609
SGGGETALA	CASSVTEMGGTEAFF	1	1	0.9999949932098389
SGGGETALA	CASSPVGWGNTIYF	1	1	0.9968084692955017
SGGGETALA	CASSGQVESSGNTIYF	1	1	0.9998918771743774
SGGGETALA	CASSQGTISYEQYF	1	1	0.6901241540908813
SGGGETALA	CASSVLANTGELFF	1	1	0.9999040365219116
SGGGETALA	CASARGWGPAGGELFF	1	0	0.015834389254450798
SGGGETALA	CASSQRRTGPSSTDTQYF	1	1	0.9441890716552734
SGGGETALA	CASSQWTGSNYGYTF	1	1	0.838286817073822
SGGGETALA	CASSSSGYNEQFF	1	1	0.9997528195381165
SGGGETALA	CASKGLAGYNEQFF	1	1	0.9996435642242432
SGGGETALA	CASSSLSEAFF	1	1	0.9946072697639465
SGGGETALA	CASSRSFAGGDTDTQYF	1	1	0.8539364337921143
SGGGETALA	CSARGQGTSGVDYGYTF	1	1	0.9984215497970581
SGGGETALA	CASSLLAVDNEQFF	1	1	0.99716717004776
SGGGETALA	CASSIQNTGELFF	1	0	0.3960954248905182
SGGGETALA	CASSLDQGAQDNEQFF	1	1	0.9916456341743469
SGGGETALA	CASSIGTGRTHNEQFF	1	1	0.9974164962768555
SGGGETALA	CASSIETGTEITGELFF	1	0	0.05490642413496971
SGGGETALA	CASSLHLMNTEAFF	1	1	0.9643446803092957
SGGGETALA	CATSAQTGQGENTEAFF	1	0	0.00017273289267905056
